2026-05-26T11:35:42.277+05:30  INFO 12244 --- [backend] [restartedMain] com.tour.BackendApplication              : Starting BackendApplication using Java 21.0.4 with PID 12244 (C:\Users\rakes\IdeaProjects\tour-app\backend\target\classes started by rakes in C:\Users\rakes\IdeaProjects\tour-app\backend)
2026-05-26T11:35:42.288+05:30  INFO 12244 --- [backend] [restartedMain] com.tour.BackendApplication              : No active profile set, falling back to 1 default profile: "default"
2026-05-26T11:35:42.372+05:30  INFO 12244 --- [backend] [restartedMain] .e.DevToolsPropertyDefaultsPostProcessor : Devtools property defaults active! Set 'spring.devtools.add-properties' to 'false' to disable
2026-05-26T11:35:42.373+05:30  INFO 12244 --- [backend] [restartedMain] .e.DevToolsPropertyDefaultsPostProcessor : For additional web related logging consider setting the 'logging.level.web' property to 'DEBUG'
2026-05-26T11:35:43.962+05:30  INFO 12244 --- [backend] [restartedMain] .s.d.r.c.RepositoryConfigurationDelegate : Bootstrapping Spring Data JPA repositories in DEFAULT mode.
2026-05-26T11:35:44.049+05:30  INFO 12244 --- [backend] [restartedMain] .s.d.r.c.RepositoryConfigurationDelegate : Finished Spring Data repository scanning in 71 ms. Found 1 JPA repository interface.
2026-05-26T11:35:45.034+05:30  INFO 12244 --- [backend] [restartedMain] o.s.b.w.embedded.tomcat.TomcatWebServer  : Tomcat initialized with port 8080 (http)
2026-05-26T11:35:45.057+05:30  INFO 12244 --- [backend] [restartedMain] o.apache.catalina.core.StandardService   : Starting service [Tomcat]
2026-05-26T11:35:45.057+05:30  INFO 12244 --- [backend] [restartedMain] o.apache.catalina.core.StandardEngine    : Starting Servlet engine: [Apache Tomcat/10.1.54]
2026-05-26T11:35:45.130+05:30  INFO 12244 --- [backend] [restartedMain] o.a.c.c.C.[Tomcat].[localhost].[/]       : Initializing Spring embedded WebApplicationContext
2026-05-26T11:35:45.131+05:30  INFO 12244 --- [backend] [restartedMain] w.s.c.ServletWebServerApplicationContext : Root WebApplicationContext: initialization completed in 2756 ms
2026-05-26T11:35:45.154+05:30  INFO 12244 --- [backend] [restartedMain] com.tour.service.JwtService              : Generating a new secret key.
2026-05-26T11:35:45.168+05:30  INFO 12244 --- [backend] [restartedMain] com.tour.service.JwtService              : Secret key generated successfully.
2026-05-26T11:35:45.364+05:30  INFO 12244 --- [backend] [restartedMain] o.hibernate.jpa.internal.util.LogHelper  : HHH000204: Processing PersistenceUnitInfo [name: default]
2026-05-26T11:35:45.458+05:30  INFO 12244 --- [backend] [restartedMain] org.hibernate.Version                    : HHH000412: Hibernate ORM core version 6.6.49.Final
2026-05-26T11:35:45.521+05:30  INFO 12244 --- [backend] [restartedMain] o.h.c.internal.RegionFactoryInitiator    : HHH000026: Second-level cache disabled
2026-05-26T11:35:46.001+05:30  INFO 12244 --- [backend] [restartedMain] o.s.o.j.p.SpringPersistenceUnitInfo      : No LoadTimeWeaver setup: ignoring JPA class transformer
2026-05-26T11:35:46.050+05:30  INFO 12244 --- [backend] [restartedMain] com.zaxxer.hikari.HikariDataSource       : HikariPool-1 - Starting...
2026-05-26T11:35:46.650+05:30  INFO 12244 --- [backend] [restartedMain] com.zaxxer.hikari.pool.HikariPool        : HikariPool-1 - Added connection com.mysql.cj.jdbc.ConnectionImpl@b62cddf
2026-05-26T11:35:46.652+05:30  INFO 12244 --- [backend] [restartedMain] com.zaxxer.hikari.HikariDataSource       : HikariPool-1 - Start completed.
2026-05-26T11:35:46.804+05:30  INFO 12244 --- [backend] [restartedMain] org.hibernate.orm.connections.pooling    : HHH10001005: Database info:
	Database JDBC URL [Connecting through datasource 'HikariDataSource (HikariPool-1)']
	Database driver: undefined/unknown
	Database version: 8.0.45
	Autocommit mode: undefined/unknown
	Isolation level: undefined/unknown
	Minimum pool size: undefined/unknown
	Maximum pool size: undefined/unknown
2026-05-26T11:35:48.328+05:30  INFO 12244 --- [backend] [restartedMain] o.h.e.t.j.p.i.JtaPlatformInitiator       : HHH000489: No JTA platform available (set 'hibernate.transaction.jta.platform' to enable JTA platform integration)
2026-05-26T11:35:48.563+05:30  INFO 12244 --- [backend] [restartedMain] j.LocalContainerEntityManagerFactoryBean : Initialized JPA EntityManagerFactory for persistence unit 'default'
2026-05-26T11:35:48.895+05:30  INFO 12244 --- [backend] [restartedMain] o.s.d.j.r.query.QueryEnhancerFactory     : Hibernate is in classpath; If applicable, HQL parser will be used.
2026-05-26T11:35:49.662+05:30  INFO 12244 --- [backend] [restartedMain] com.tour.config.SecurityConfig           : Configuring AuthenticationManager bean.
2026-05-26T11:35:49.683+05:30  INFO 12244 --- [backend] [restartedMain] com.tour.config.SecurityConfig           : Configuring DaoAuthenticationProvider bean.
2026-05-26T11:35:49.692+05:30  INFO 12244 --- [backend] [restartedMain] eAuthenticationProviderManagerConfigurer : Global AuthenticationManager configured with AuthenticationProvider bean with name authenticationProvider
2026-05-26T11:35:49.693+05:30  WARN 12244 --- [backend] [restartedMain] r$InitializeUserDetailsManagerConfigurer : Global AuthenticationManager configured with an AuthenticationProvider bean. UserDetailsService beans will not be used by Spring Security for automatically configuring username/password login. Consider removing the AuthenticationProvider bean. Alternatively, consider using the UserDetailsService in a manually instantiated DaoAuthenticationProvider. If the current configuration is intentional, to turn off this warning, increase the logging level of 'org.springframework.security.config.annotation.authentication.configuration.InitializeUserDetailsBeanManagerConfigurer' to ERROR
2026-05-26T11:35:49.831+05:30  WARN 12244 --- [backend] [restartedMain] JpaBaseConfiguration$JpaWebConfiguration : spring.jpa.open-in-view is enabled by default. Therefore, database queries may be performed during view rendering. Explicitly configure spring.jpa.open-in-view to disable this warning
2026-05-26T11:35:50.068+05:30  INFO 12244 --- [backend] [restartedMain] com.tour.config.SecurityConfig           : Configuring HTTP Security filters.
2026-05-26T11:35:50.069+05:30  INFO 12244 --- [backend] [restartedMain] com.tour.config.SecurityConfig           : Configuring CORS Configuration.
2026-05-26T11:35:51.058+05:30  INFO 12244 --- [backend] [restartedMain] o.s.b.d.a.OptionalLiveReloadServer       : LiveReload server is running on port 35729
2026-05-26T11:35:51.120+05:30  INFO 12244 --- [backend] [restartedMain] o.s.b.w.embedded.tomcat.TomcatWebServer  : Tomcat started on port 8080 (http) with context path '/'
2026-05-26T11:35:51.132+05:30  INFO 12244 --- [backend] [restartedMain] com.tour.BackendApplication              : Started BackendApplication in 9.712 seconds (process running for 11.233)
2026-05-26T11:35:51.136+05:30  WARN 12244 --- [backend] [restartedMain] o.s.core.events.SpringDocAppInitializer  : SpringDoc /v3/api-docs endpoint is enabled by default. To disable it in production, set the property 'springdoc.api-docs.enabled=false'
2026-05-26T11:35:51.137+05:30  WARN 12244 --- [backend] [restartedMain] o.s.core.events.SpringDocAppInitializer  : SpringDoc /swagger-ui.html endpoint is enabled by default. To disable it in production, set the property 'springdoc.swagger-ui.enabled=false'
2026-05-26T11:36:29.506+05:30  INFO 12244 --- [backend] [File Watcher] rtingClassPathChangeChangedEventListener : Restarting due to 36 class path changes (0 additions, 36 deletions, 0 modifications)
2026-05-26T11:36:29.680+05:30  INFO 12244 --- [backend] [Thread-5] o.s.b.w.e.tomcat.GracefulShutdown        : Commencing graceful shutdown. Waiting for active requests to complete
2026-05-26T11:36:29.708+05:30  INFO 12244 --- [backend] [tomcat-shutdown] o.s.b.w.e.tomcat.GracefulShutdown        : Graceful shutdown complete
2026-05-26T11:36:29.722+05:30  INFO 12244 --- [backend] [Thread-5] j.LocalContainerEntityManagerFactoryBean : Closing JPA EntityManagerFactory for persistence unit 'default'
2026-05-26T11:36:29.732+05:30  INFO 12244 --- [backend] [Thread-5] com.zaxxer.hikari.HikariDataSource       : HikariPool-1 - Shutdown initiated...
2026-05-26T11:36:29.800+05:30  INFO 12244 --- [backend] [Thread-5] com.zaxxer.hikari.HikariDataSource       : HikariPool-1 - Shutdown completed.
2026-05-26T11:36:30.062+05:30  INFO 12244 --- [backend] [restartedMain] com.tour.BackendApplication              : Starting BackendApplication using Java 21.0.4 with PID 12244 (C:\Users\rakes\IdeaProjects\tour-app\backend\target\classes started by rakes in C:\Users\rakes\IdeaProjects\tour-app\backend)
2026-05-26T11:36:30.065+05:30  INFO 12244 --- [backend] [restartedMain] com.tour.BackendApplication              : No active profile set, falling back to 1 default profile: "default"
2026-05-26T11:36:30.715+05:30  INFO 12244 --- [backend] [restartedMain] .s.d.r.c.RepositoryConfigurationDelegate : Bootstrapping Spring Data JPA repositories in DEFAULT mode.
2026-05-26T11:36:30.719+05:30  INFO 12244 --- [backend] [restartedMain] .s.d.r.c.RepositoryConfigurationDelegate : Finished Spring Data repository scanning in 1 ms. Found 0 JPA repository interfaces.
2026-05-26T11:36:31.063+05:30  INFO 12244 --- [backend] [restartedMain] o.s.b.w.embedded.tomcat.TomcatWebServer  : Tomcat initialized with port 8080 (http)
2026-05-26T11:36:31.069+05:30  INFO 12244 --- [backend] [restartedMain] o.apache.catalina.core.StandardService   : Starting service [Tomcat]
2026-05-26T11:36:31.070+05:30  INFO 12244 --- [backend] [restartedMain] o.apache.catalina.core.StandardEngine    : Starting Servlet engine: [Apache Tomcat/10.1.54]
2026-05-26T11:36:31.130+05:30  INFO 12244 --- [backend] [restartedMain] o.a.c.c.C.[Tomcat].[localhost].[/]       : Initializing Spring embedded WebApplicationContext
2026-05-26T11:36:31.131+05:30  INFO 12244 --- [backend] [restartedMain] w.s.c.ServletWebServerApplicationContext : Root WebApplicationContext: initialization completed in 1061 ms
2026-05-26T11:36:31.213+05:30  INFO 12244 --- [backend] [restartedMain] o.hibernate.jpa.internal.util.LogHelper  : HHH000204: Processing PersistenceUnitInfo [name: default]
2026-05-26T11:36:31.221+05:30  INFO 12244 --- [backend] [restartedMain] o.h.c.internal.RegionFactoryInitiator    : HHH000026: Second-level cache disabled
2026-05-26T11:36:31.245+05:30  INFO 12244 --- [backend] [restartedMain] o.s.o.j.p.SpringPersistenceUnitInfo      : No LoadTimeWeaver setup: ignoring JPA class transformer
2026-05-26T11:36:31.248+05:30  INFO 12244 --- [backend] [restartedMain] com.zaxxer.hikari.HikariDataSource       : HikariPool-2 - Starting...
2026-05-26T11:36:31.284+05:30  INFO 12244 --- [backend] [restartedMain] com.zaxxer.hikari.pool.HikariPool        : HikariPool-2 - Added connection com.mysql.cj.jdbc.ConnectionImpl@50472357
2026-05-26T11:36:31.285+05:30  INFO 12244 --- [backend] [restartedMain] com.zaxxer.hikari.HikariDataSource       : HikariPool-2 - Start completed.
2026-05-26T11:36:31.290+05:30  INFO 12244 --- [backend] [restartedMain] org.hibernate.orm.connections.pooling    : HHH10001005: Database info:
	Database JDBC URL [Connecting through datasource 'HikariDataSource (HikariPool-2)']
	Database driver: undefined/unknown
	Database version: 8.0.45
	Autocommit mode: undefined/unknown
	Isolation level: undefined/unknown
	Minimum pool size: undefined/unknown
	Maximum pool size: undefined/unknown
2026-05-26T11:36:31.343+05:30  INFO 12244 --- [backend] [restartedMain] o.h.e.t.j.p.i.JtaPlatformInitiator       : HHH000489: No JTA platform available (set 'hibernate.transaction.jta.platform' to enable JTA platform integration)
2026-05-26T11:36:31.344+05:30  INFO 12244 --- [backend] [restartedMain] j.LocalContainerEntityManagerFactoryBean : Initialized JPA EntityManagerFactory for persistence unit 'default'
2026-05-26T11:36:31.426+05:30  WARN 12244 --- [backend] [restartedMain] JpaBaseConfiguration$JpaWebConfiguration : spring.jpa.open-in-view is enabled by default. Therefore, database queries may be performed during view rendering. Explicitly configure spring.jpa.open-in-view to disable this warning
2026-05-26T11:36:31.992+05:30  INFO 12244 --- [backend] [restartedMain] o.s.b.d.a.OptionalLiveReloadServer       : LiveReload server is running on port 35729
2026-05-26T11:36:32.020+05:30  INFO 12244 --- [backend] [restartedMain] o.s.b.w.embedded.tomcat.TomcatWebServer  : Tomcat started on port 8080 (http) with context path '/'
2026-05-26T11:36:32.028+05:30  INFO 12244 --- [backend] [restartedMain] com.tour.BackendApplication              : Started BackendApplication in 2.044 seconds (process running for 52.13)
2026-05-26T11:36:32.031+05:30  WARN 12244 --- [backend] [restartedMain] o.s.core.events.SpringDocAppInitializer  : SpringDoc /v3/api-docs endpoint is enabled by default. To disable it in production, set the property 'springdoc.api-docs.enabled=false'
2026-05-26T11:36:32.032+05:30  WARN 12244 --- [backend] [restartedMain] o.s.core.events.SpringDocAppInitializer  : SpringDoc /swagger-ui.html endpoint is enabled by default. To disable it in production, set the property 'springdoc.swagger-ui.enabled=false'
2026-05-26T11:36:32.040+05:30  INFO 12244 --- [backend] [restartedMain] .ConditionEvaluationDeltaLoggingListener : Condition evaluation delta:


==========================
CONDITION EVALUATION DELTA
==========================


Positive matches:
-----------------

   OAuth2ClientWebSecurityAutoConfiguration.OAuth2SecurityFilterChainConfiguration matched:
      - AllNestedConditions 2 matched 0 did not; NestedCondition on DefaultWebSecurityCondition.Beans @ConditionalOnMissingBean (types: org.springframework.security.web.SecurityFilterChain; SearchStrategy: all) did not find any beans; NestedCondition on DefaultWebSecurityCondition.Classes @ConditionalOnClass found required classes 'org.springframework.security.web.SecurityFilterChain', 'org.springframework.security.config.annotation.web.builders.HttpSecurity' (DefaultWebSecurityCondition)


Negative matches:
-----------------

    None


Exclusions:
-----------

    None


Unconditional classes:
----------------------

    None



2026-05-26T11:36:33.428+05:30  INFO 12244 --- [backend] [File Watcher] rtingClassPathChangeChangedEventListener : Restarting due to 1 class path change (1 addition, 0 deletions, 0 modifications)
2026-05-26T11:36:33.430+05:30  INFO 12244 --- [backend] [Thread-7] o.s.b.w.e.tomcat.GracefulShutdown        : Commencing graceful shutdown. Waiting for active requests to complete
2026-05-26T11:36:33.440+05:30  INFO 12244 --- [backend] [tomcat-shutdown] o.s.b.w.e.tomcat.GracefulShutdown        : Graceful shutdown complete
2026-05-26T11:36:33.446+05:30  INFO 12244 --- [backend] [Thread-7] j.LocalContainerEntityManagerFactoryBean : Closing JPA EntityManagerFactory for persistence unit 'default'
2026-05-26T11:36:33.447+05:30  INFO 12244 --- [backend] [Thread-7] com.zaxxer.hikari.HikariDataSource       : HikariPool-2 - Shutdown initiated...
2026-05-26T11:36:33.459+05:30  INFO 12244 --- [backend] [Thread-7] com.zaxxer.hikari.HikariDataSource       : HikariPool-2 - Shutdown completed.
2026-05-26T11:36:33.596+05:30  INFO 12244 --- [backend] [restartedMain] com.tour.BackendApplication              : Starting BackendApplication using Java 21.0.4 with PID 12244 (C:\Users\rakes\IdeaProjects\tour-app\backend\target\classes started by rakes in C:\Users\rakes\IdeaProjects\tour-app\backend)
2026-05-26T11:36:33.597+05:30  INFO 12244 --- [backend] [restartedMain] com.tour.BackendApplication              : No active profile set, falling back to 1 default profile: "default"
2026-05-26T11:36:34.044+05:30  INFO 12244 --- [backend] [restartedMain] .s.d.r.c.RepositoryConfigurationDelegate : Bootstrapping Spring Data JPA repositories in DEFAULT mode.
2026-05-26T11:36:34.048+05:30  INFO 12244 --- [backend] [restartedMain] .s.d.r.c.RepositoryConfigurationDelegate : Finished Spring Data repository scanning in 1 ms. Found 0 JPA repository interfaces.
2026-05-26T11:36:34.279+05:30  INFO 12244 --- [backend] [restartedMain] o.s.b.w.embedded.tomcat.TomcatWebServer  : Tomcat initialized with port 8080 (http)
2026-05-26T11:36:34.280+05:30  INFO 12244 --- [backend] [restartedMain] o.apache.catalina.core.StandardService   : Starting service [Tomcat]
2026-05-26T11:36:34.281+05:30  INFO 12244 --- [backend] [restartedMain] o.apache.catalina.core.StandardEngine    : Starting Servlet engine: [Apache Tomcat/10.1.54]
2026-05-26T11:36:34.319+05:30  INFO 12244 --- [backend] [restartedMain] o.a.c.c.C.[Tomcat].[localhost].[/]       : Initializing Spring embedded WebApplicationContext
2026-05-26T11:36:34.320+05:30  INFO 12244 --- [backend] [restartedMain] w.s.c.ServletWebServerApplicationContext : Root WebApplicationContext: initialization completed in 720 ms
2026-05-26T11:36:34.376+05:30  INFO 12244 --- [backend] [restartedMain] o.hibernate.jpa.internal.util.LogHelper  : HHH000204: Processing PersistenceUnitInfo [name: default]
2026-05-26T11:36:34.384+05:30  INFO 12244 --- [backend] [restartedMain] o.h.c.internal.RegionFactoryInitiator    : HHH000026: Second-level cache disabled
2026-05-26T11:36:34.401+05:30  INFO 12244 --- [backend] [restartedMain] o.s.o.j.p.SpringPersistenceUnitInfo      : No LoadTimeWeaver setup: ignoring JPA class transformer
2026-05-26T11:36:34.403+05:30  INFO 12244 --- [backend] [restartedMain] com.zaxxer.hikari.HikariDataSource       : HikariPool-3 - Starting...
2026-05-26T11:36:34.463+05:30  INFO 12244 --- [backend] [restartedMain] com.zaxxer.hikari.pool.HikariPool        : HikariPool-3 - Added connection com.mysql.cj.jdbc.ConnectionImpl@4ac1a7b9
2026-05-26T11:36:34.463+05:30  INFO 12244 --- [backend] [restartedMain] com.zaxxer.hikari.HikariDataSource       : HikariPool-3 - Start completed.
2026-05-26T11:36:34.465+05:30  INFO 12244 --- [backend] [restartedMain] org.hibernate.orm.connections.pooling    : HHH10001005: Database info:
	Database JDBC URL [Connecting through datasource 'HikariDataSource (HikariPool-3)']
	Database driver: undefined/unknown
	Database version: 8.0.45
	Autocommit mode: undefined/unknown
	Isolation level: undefined/unknown
	Minimum pool size: undefined/unknown
	Maximum pool size: undefined/unknown
2026-05-26T11:36:34.503+05:30  INFO 12244 --- [backend] [restartedMain] o.h.e.t.j.p.i.JtaPlatformInitiator       : HHH000489: No JTA platform available (set 'hibernate.transaction.jta.platform' to enable JTA platform integration)
2026-05-26T11:36:34.503+05:30  INFO 12244 --- [backend] [restartedMain] j.LocalContainerEntityManagerFactoryBean : Initialized JPA EntityManagerFactory for persistence unit 'default'
2026-05-26T11:36:34.560+05:30  WARN 12244 --- [backend] [restartedMain] JpaBaseConfiguration$JpaWebConfiguration : spring.jpa.open-in-view is enabled by default. Therefore, database queries may be performed during view rendering. Explicitly configure spring.jpa.open-in-view to disable this warning
2026-05-26T11:36:34.882+05:30  INFO 12244 --- [backend] [restartedMain] o.s.b.d.a.OptionalLiveReloadServer       : LiveReload server is running on port 35729
2026-05-26T11:36:34.907+05:30  INFO 12244 --- [backend] [restartedMain] o.s.b.w.embedded.tomcat.TomcatWebServer  : Tomcat started on port 8080 (http) with context path '/'
2026-05-26T11:36:34.915+05:30  INFO 12244 --- [backend] [restartedMain] com.tour.BackendApplication              : Started BackendApplication in 1.368 seconds (process running for 55.016)
2026-05-26T11:36:34.917+05:30  WARN 12244 --- [backend] [restartedMain] o.s.core.events.SpringDocAppInitializer  : SpringDoc /v3/api-docs endpoint is enabled by default. To disable it in production, set the property 'springdoc.api-docs.enabled=false'
2026-05-26T11:36:34.917+05:30  WARN 12244 --- [backend] [restartedMain] o.s.core.events.SpringDocAppInitializer  : SpringDoc /swagger-ui.html endpoint is enabled by default. To disable it in production, set the property 'springdoc.swagger-ui.enabled=false'
2026-05-26T11:36:34.918+05:30  INFO 12244 --- [backend] [restartedMain] .ConditionEvaluationDeltaLoggingListener : Condition evaluation unchanged
2026-05-26T11:36:36.722+05:30  INFO 12244 --- [backend] [File Watcher] rtingClassPathChangeChangedEventListener : Restarting due to 35 class path changes (35 additions, 0 deletions, 0 modifications)
2026-05-26T11:36:36.724+05:30  INFO 12244 --- [backend] [Thread-11] o.s.b.w.e.tomcat.GracefulShutdown        : Commencing graceful shutdown. Waiting for active requests to complete
2026-05-26T11:36:36.733+05:30  INFO 12244 --- [backend] [tomcat-shutdown] o.s.b.w.e.tomcat.GracefulShutdown        : Graceful shutdown complete
2026-05-26T11:36:36.737+05:30  INFO 12244 --- [backend] [Thread-11] j.LocalContainerEntityManagerFactoryBean : Closing JPA EntityManagerFactory for persistence unit 'default'
2026-05-26T11:36:36.738+05:30  INFO 12244 --- [backend] [Thread-11] com.zaxxer.hikari.HikariDataSource       : HikariPool-3 - Shutdown initiated...
2026-05-26T11:36:36.746+05:30  INFO 12244 --- [backend] [Thread-11] com.zaxxer.hikari.HikariDataSource       : HikariPool-3 - Shutdown completed.
2026-05-26T11:36:36.861+05:30  INFO 12244 --- [backend] [restartedMain] com.tour.BackendApplication              : Starting BackendApplication using Java 21.0.4 with PID 12244 (C:\Users\rakes\IdeaProjects\tour-app\backend\target\classes started by rakes in C:\Users\rakes\IdeaProjects\tour-app\backend)
2026-05-26T11:36:36.862+05:30  INFO 12244 --- [backend] [restartedMain] com.tour.BackendApplication              : No active profile set, falling back to 1 default profile: "default"
2026-05-26T11:36:37.205+05:30  INFO 12244 --- [backend] [restartedMain] .s.d.r.c.RepositoryConfigurationDelegate : Bootstrapping Spring Data JPA repositories in DEFAULT mode.
2026-05-26T11:36:37.219+05:30  INFO 12244 --- [backend] [restartedMain] .s.d.r.c.RepositoryConfigurationDelegate : Finished Spring Data repository scanning in 12 ms. Found 1 JPA repository interface.
2026-05-26T11:36:37.420+05:30  INFO 12244 --- [backend] [restartedMain] o.s.b.w.embedded.tomcat.TomcatWebServer  : Tomcat initialized with port 8080 (http)
2026-05-26T11:36:37.421+05:30  INFO 12244 --- [backend] [restartedMain] o.apache.catalina.core.StandardService   : Starting service [Tomcat]
2026-05-26T11:36:37.421+05:30  INFO 12244 --- [backend] [restartedMain] o.apache.catalina.core.StandardEngine    : Starting Servlet engine: [Apache Tomcat/10.1.54]
2026-05-26T11:36:37.477+05:30  INFO 12244 --- [backend] [restartedMain] o.a.c.c.C.[Tomcat].[localhost].[/]       : Initializing Spring embedded WebApplicationContext
2026-05-26T11:36:37.477+05:30  INFO 12244 --- [backend] [restartedMain] w.s.c.ServletWebServerApplicationContext : Root WebApplicationContext: initialization completed in 612 ms
2026-05-26T11:36:37.495+05:30  INFO 12244 --- [backend] [restartedMain] com.tour.service.JwtService              : Generating a new secret key.
2026-05-26T11:36:37.496+05:30  INFO 12244 --- [backend] [restartedMain] com.tour.service.JwtService              : Secret key generated successfully.
2026-05-26T11:36:37.576+05:30  INFO 12244 --- [backend] [restartedMain] o.hibernate.jpa.internal.util.LogHelper  : HHH000204: Processing PersistenceUnitInfo [name: default]
2026-05-26T11:36:37.589+05:30  INFO 12244 --- [backend] [restartedMain] o.h.c.internal.RegionFactoryInitiator    : HHH000026: Second-level cache disabled
2026-05-26T11:36:37.608+05:30  INFO 12244 --- [backend] [restartedMain] o.s.o.j.p.SpringPersistenceUnitInfo      : No LoadTimeWeaver setup: ignoring JPA class transformer
2026-05-26T11:36:37.610+05:30  INFO 12244 --- [backend] [restartedMain] com.zaxxer.hikari.HikariDataSource       : HikariPool-4 - Starting...
2026-05-26T11:36:37.632+05:30  INFO 12244 --- [backend] [restartedMain] com.zaxxer.hikari.pool.HikariPool        : HikariPool-4 - Added connection com.mysql.cj.jdbc.ConnectionImpl@2568c0e5
2026-05-26T11:36:37.633+05:30  INFO 12244 --- [backend] [restartedMain] com.zaxxer.hikari.HikariDataSource       : HikariPool-4 - Start completed.
2026-05-26T11:36:37.636+05:30  INFO 12244 --- [backend] [restartedMain] org.hibernate.orm.connections.pooling    : HHH10001005: Database info:
	Database JDBC URL [Connecting through datasource 'HikariDataSource (HikariPool-4)']
	Database driver: undefined/unknown
	Database version: 8.0.45
	Autocommit mode: undefined/unknown
	Isolation level: undefined/unknown
	Minimum pool size: undefined/unknown
	Maximum pool size: undefined/unknown
2026-05-26T11:36:37.925+05:30  INFO 12244 --- [backend] [restartedMain] o.h.e.t.j.p.i.JtaPlatformInitiator       : HHH000489: No JTA platform available (set 'hibernate.transaction.jta.platform' to enable JTA platform integration)
2026-05-26T11:36:38.036+05:30  INFO 12244 --- [backend] [restartedMain] j.LocalContainerEntityManagerFactoryBean : Initialized JPA EntityManagerFactory for persistence unit 'default'
2026-05-26T11:36:38.241+05:30  INFO 12244 --- [backend] [restartedMain] com.tour.config.SecurityConfig           : Configuring AuthenticationManager bean.
2026-05-26T11:36:38.255+05:30  INFO 12244 --- [backend] [restartedMain] com.tour.config.SecurityConfig           : Configuring DaoAuthenticationProvider bean.
2026-05-26T11:36:38.258+05:30  INFO 12244 --- [backend] [restartedMain] eAuthenticationProviderManagerConfigurer : Global AuthenticationManager configured with AuthenticationProvider bean with name authenticationProvider
2026-05-26T11:36:38.260+05:30  WARN 12244 --- [backend] [restartedMain] r$InitializeUserDetailsManagerConfigurer : Global AuthenticationManager configured with an AuthenticationProvider bean. UserDetailsService beans will not be used by Spring Security for automatically configuring username/password login. Consider removing the AuthenticationProvider bean. Alternatively, consider using the UserDetailsService in a manually instantiated DaoAuthenticationProvider. If the current configuration is intentional, to turn off this warning, increase the logging level of 'org.springframework.security.config.annotation.authentication.configuration.InitializeUserDetailsBeanManagerConfigurer' to ERROR
2026-05-26T11:36:38.321+05:30  WARN 12244 --- [backend] [restartedMain] JpaBaseConfiguration$JpaWebConfiguration : spring.jpa.open-in-view is enabled by default. Therefore, database queries may be performed during view rendering. Explicitly configure spring.jpa.open-in-view to disable this warning
2026-05-26T11:36:38.378+05:30  INFO 12244 --- [backend] [restartedMain] com.tour.config.SecurityConfig           : Configuring HTTP Security filters.
2026-05-26T11:36:38.380+05:30  INFO 12244 --- [backend] [restartedMain] com.tour.config.SecurityConfig           : Configuring CORS Configuration.
2026-05-26T11:36:39.026+05:30  INFO 12244 --- [backend] [restartedMain] o.s.b.d.a.OptionalLiveReloadServer       : LiveReload server is running on port 35729
2026-05-26T11:36:39.078+05:30  INFO 12244 --- [backend] [restartedMain] o.s.b.w.embedded.tomcat.TomcatWebServer  : Tomcat started on port 8080 (http) with context path '/'
2026-05-26T11:36:39.084+05:30  INFO 12244 --- [backend] [restartedMain] com.tour.BackendApplication              : Started BackendApplication in 2.268 seconds (process running for 59.185)
2026-05-26T11:36:39.092+05:30  WARN 12244 --- [backend] [restartedMain] o.s.core.events.SpringDocAppInitializer  : SpringDoc /v3/api-docs endpoint is enabled by default. To disable it in production, set the property 'springdoc.api-docs.enabled=false'
2026-05-26T11:36:39.093+05:30  WARN 12244 --- [backend] [restartedMain] o.s.core.events.SpringDocAppInitializer  : SpringDoc /swagger-ui.html endpoint is enabled by default. To disable it in production, set the property 'springdoc.swagger-ui.enabled=false'
2026-05-26T11:36:39.098+05:30  INFO 12244 --- [backend] [restartedMain] .ConditionEvaluationDeltaLoggingListener : Condition evaluation delta:


==========================
CONDITION EVALUATION DELTA
==========================


Positive matches:
-----------------

    None


Negative matches:
-----------------

   OAuth2ClientWebSecurityAutoConfiguration.OAuth2SecurityFilterChainConfiguration:
      Did not match:
         - AllNestedConditions 1 matched 1 did not; NestedCondition on DefaultWebSecurityCondition.Beans @ConditionalOnMissingBean (types: org.springframework.security.web.SecurityFilterChain; SearchStrategy: all) found beans of type 'org.springframework.security.web.SecurityFilterChain' securityFilterChain; NestedCondition on DefaultWebSecurityCondition.Classes @ConditionalOnClass found required classes 'org.springframework.security.web.SecurityFilterChain', 'org.springframework.security.config.annotation.web.builders.HttpSecurity' (DefaultWebSecurityCondition)


Exclusions:
-----------

    None


Unconditional classes:
----------------------

    None



2026-05-26T11:38:16.792+05:30  INFO 12244 --- [backend] [File Watcher] rtingClassPathChangeChangedEventListener : Restarting due to 1 class path change (0 additions, 1 deletion, 0 modifications)
2026-05-26T11:38:16.794+05:30  INFO 12244 --- [backend] [Thread-15] o.s.b.w.e.tomcat.GracefulShutdown        : Commencing graceful shutdown. Waiting for active requests to complete
2026-05-26T11:38:16.804+05:30  INFO 12244 --- [backend] [tomcat-shutdown] o.s.b.w.e.tomcat.GracefulShutdown        : Graceful shutdown complete
2026-05-26T11:38:16.808+05:30  INFO 12244 --- [backend] [Thread-15] j.LocalContainerEntityManagerFactoryBean : Closing JPA EntityManagerFactory for persistence unit 'default'
2026-05-26T11:38:16.809+05:30  INFO 12244 --- [backend] [Thread-15] com.zaxxer.hikari.HikariDataSource       : HikariPool-4 - Shutdown initiated...
2026-05-26T11:38:16.815+05:30  INFO 12244 --- [backend] [Thread-15] com.zaxxer.hikari.HikariDataSource       : HikariPool-4 - Shutdown completed.
2026-05-26T11:38:16.928+05:30  INFO 12244 --- [backend] [restartedMain] com.tour.BackendApplication              : Starting BackendApplication using Java 21.0.4 with PID 12244 (C:\Users\rakes\IdeaProjects\tour-app\backend\target\classes started by rakes in C:\Users\rakes\IdeaProjects\tour-app\backend)
2026-05-26T11:38:16.929+05:30  INFO 12244 --- [backend] [restartedMain] com.tour.BackendApplication              : No active profile set, falling back to 1 default profile: "default"
2026-05-26T11:38:17.394+05:30  INFO 12244 --- [backend] [restartedMain] .s.d.r.c.RepositoryConfigurationDelegate : Bootstrapping Spring Data JPA repositories in DEFAULT mode.
2026-05-26T11:38:17.412+05:30  INFO 12244 --- [backend] [restartedMain] .s.d.r.c.RepositoryConfigurationDelegate : Finished Spring Data repository scanning in 14 ms. Found 1 JPA repository interface.
2026-05-26T11:38:17.626+05:30  INFO 12244 --- [backend] [restartedMain] o.s.b.w.embedded.tomcat.TomcatWebServer  : Tomcat initialized with port 8080 (http)
2026-05-26T11:38:17.628+05:30  INFO 12244 --- [backend] [restartedMain] o.apache.catalina.core.StandardService   : Starting service [Tomcat]
2026-05-26T11:38:17.628+05:30  INFO 12244 --- [backend] [restartedMain] o.apache.catalina.core.StandardEngine    : Starting Servlet engine: [Apache Tomcat/10.1.54]
2026-05-26T11:38:17.666+05:30  INFO 12244 --- [backend] [restartedMain] o.a.c.c.C.[Tomcat].[localhost].[/]       : Initializing Spring embedded WebApplicationContext
2026-05-26T11:38:17.667+05:30  INFO 12244 --- [backend] [restartedMain] w.s.c.ServletWebServerApplicationContext : Root WebApplicationContext: initialization completed in 736 ms
2026-05-26T11:38:17.676+05:30  INFO 12244 --- [backend] [restartedMain] com.tour.service.JwtService              : Generating a new secret key.
2026-05-26T11:38:17.677+05:30  INFO 12244 --- [backend] [restartedMain] com.tour.service.JwtService              : Secret key generated successfully.
2026-05-26T11:38:17.731+05:30  INFO 12244 --- [backend] [restartedMain] o.hibernate.jpa.internal.util.LogHelper  : HHH000204: Processing PersistenceUnitInfo [name: default]
2026-05-26T11:38:17.736+05:30  INFO 12244 --- [backend] [restartedMain] o.h.c.internal.RegionFactoryInitiator    : HHH000026: Second-level cache disabled
2026-05-26T11:38:17.749+05:30  INFO 12244 --- [backend] [restartedMain] o.s.o.j.p.SpringPersistenceUnitInfo      : No LoadTimeWeaver setup: ignoring JPA class transformer
2026-05-26T11:38:17.750+05:30  INFO 12244 --- [backend] [restartedMain] com.zaxxer.hikari.HikariDataSource       : HikariPool-5 - Starting...
2026-05-26T11:38:17.772+05:30  INFO 12244 --- [backend] [restartedMain] com.zaxxer.hikari.pool.HikariPool        : HikariPool-5 - Added connection com.mysql.cj.jdbc.ConnectionImpl@1d004846
2026-05-26T11:38:17.772+05:30  INFO 12244 --- [backend] [restartedMain] com.zaxxer.hikari.HikariDataSource       : HikariPool-5 - Start completed.
2026-05-26T11:38:17.775+05:30  INFO 12244 --- [backend] [restartedMain] org.hibernate.orm.connections.pooling    : HHH10001005: Database info:
	Database JDBC URL [Connecting through datasource 'HikariDataSource (HikariPool-5)']
	Database driver: undefined/unknown
	Database version: 8.0.45
	Autocommit mode: undefined/unknown
	Isolation level: undefined/unknown
	Minimum pool size: undefined/unknown
	Maximum pool size: undefined/unknown
2026-05-26T11:38:18.063+05:30  INFO 12244 --- [backend] [restartedMain] o.h.e.t.j.p.i.JtaPlatformInitiator       : HHH000489: No JTA platform available (set 'hibernate.transaction.jta.platform' to enable JTA platform integration)
2026-05-26T11:38:18.164+05:30  INFO 12244 --- [backend] [restartedMain] j.LocalContainerEntityManagerFactoryBean : Initialized JPA EntityManagerFactory for persistence unit 'default'
2026-05-26T11:38:18.344+05:30  INFO 12244 --- [backend] [restartedMain] com.tour.config.SecurityConfig           : Configuring AuthenticationManager bean.
2026-05-26T11:38:18.355+05:30  INFO 12244 --- [backend] [restartedMain] com.tour.config.SecurityConfig           : Configuring DaoAuthenticationProvider bean.
2026-05-26T11:38:18.358+05:30  INFO 12244 --- [backend] [restartedMain] eAuthenticationProviderManagerConfigurer : Global AuthenticationManager configured with AuthenticationProvider bean with name authenticationProvider
2026-05-26T11:38:18.359+05:30  WARN 12244 --- [backend] [restartedMain] r$InitializeUserDetailsManagerConfigurer : Global AuthenticationManager configured with an AuthenticationProvider bean. UserDetailsService beans will not be used by Spring Security for automatically configuring username/password login. Consider removing the AuthenticationProvider bean. Alternatively, consider using the UserDetailsService in a manually instantiated DaoAuthenticationProvider. If the current configuration is intentional, to turn off this warning, increase the logging level of 'org.springframework.security.config.annotation.authentication.configuration.InitializeUserDetailsBeanManagerConfigurer' to ERROR
2026-05-26T11:38:18.406+05:30  WARN 12244 --- [backend] [restartedMain] JpaBaseConfiguration$JpaWebConfiguration : spring.jpa.open-in-view is enabled by default. Therefore, database queries may be performed during view rendering. Explicitly configure spring.jpa.open-in-view to disable this warning
2026-05-26T11:38:18.466+05:30  INFO 12244 --- [backend] [restartedMain] com.tour.config.SecurityConfig           : Configuring HTTP Security filters.
2026-05-26T11:38:18.468+05:30  INFO 12244 --- [backend] [restartedMain] com.tour.config.SecurityConfig           : Configuring CORS Configuration.
2026-05-26T11:38:18.988+05:30  INFO 12244 --- [backend] [restartedMain] o.s.b.d.a.OptionalLiveReloadServer       : LiveReload server is running on port 35729
2026-05-26T11:38:19.010+05:30  INFO 12244 --- [backend] [restartedMain] o.s.b.w.embedded.tomcat.TomcatWebServer  : Tomcat started on port 8080 (http) with context path '/'
2026-05-26T11:38:19.015+05:30  INFO 12244 --- [backend] [restartedMain] com.tour.BackendApplication              : Started BackendApplication in 2.128 seconds (process running for 159.117)
2026-05-26T11:38:19.017+05:30  WARN 12244 --- [backend] [restartedMain] o.s.core.events.SpringDocAppInitializer  : SpringDoc /v3/api-docs endpoint is enabled by default. To disable it in production, set the property 'springdoc.api-docs.enabled=false'
2026-05-26T11:38:19.017+05:30  WARN 12244 --- [backend] [restartedMain] o.s.core.events.SpringDocAppInitializer  : SpringDoc /swagger-ui.html endpoint is enabled by default. To disable it in production, set the property 'springdoc.swagger-ui.enabled=false'
2026-05-26T11:38:19.018+05:30  INFO 12244 --- [backend] [restartedMain] .ConditionEvaluationDeltaLoggingListener : Condition evaluation unchanged
2026-05-26T11:38:20.417+05:30  INFO 12244 --- [backend] [File Watcher] rtingClassPathChangeChangedEventListener : Restarting due to 1 class path change (1 addition, 0 deletions, 0 modifications)
2026-05-26T11:38:20.420+05:30  INFO 12244 --- [backend] [Thread-19] o.s.b.w.e.tomcat.GracefulShutdown        : Commencing graceful shutdown. Waiting for active requests to complete
2026-05-26T11:38:20.429+05:30  INFO 12244 --- [backend] [tomcat-shutdown] o.s.b.w.e.tomcat.GracefulShutdown        : Graceful shutdown complete
2026-05-26T11:38:20.433+05:30  INFO 12244 --- [backend] [Thread-19] j.LocalContainerEntityManagerFactoryBean : Closing JPA EntityManagerFactory for persistence unit 'default'
2026-05-26T11:38:20.434+05:30  INFO 12244 --- [backend] [Thread-19] com.zaxxer.hikari.HikariDataSource       : HikariPool-5 - Shutdown initiated...
2026-05-26T11:38:20.446+05:30  INFO 12244 --- [backend] [Thread-19] com.zaxxer.hikari.HikariDataSource       : HikariPool-5 - Shutdown completed.
2026-05-26T11:38:20.605+05:30  INFO 12244 --- [backend] [restartedMain] com.tour.BackendApplication              : Starting BackendApplication using Java 21.0.4 with PID 12244 (C:\Users\rakes\IdeaProjects\tour-app\backend\target\classes started by rakes in C:\Users\rakes\IdeaProjects\tour-app\backend)
2026-05-26T11:38:20.606+05:30  INFO 12244 --- [backend] [restartedMain] com.tour.BackendApplication              : No active profile set, falling back to 1 default profile: "default"
2026-05-26T11:38:21.238+05:30  INFO 12244 --- [backend] [restartedMain] .s.d.r.c.RepositoryConfigurationDelegate : Bootstrapping Spring Data JPA repositories in DEFAULT mode.
2026-05-26T11:38:21.266+05:30  INFO 12244 --- [backend] [restartedMain] .s.d.r.c.RepositoryConfigurationDelegate : Finished Spring Data repository scanning in 26 ms. Found 1 JPA repository interface.
2026-05-26T11:38:21.706+05:30  INFO 12244 --- [backend] [restartedMain] o.s.b.w.embedded.tomcat.TomcatWebServer  : Tomcat initialized with port 8080 (http)
2026-05-26T11:38:21.707+05:30  INFO 12244 --- [backend] [restartedMain] o.apache.catalina.core.StandardService   : Starting service [Tomcat]
2026-05-26T11:38:21.707+05:30  INFO 12244 --- [backend] [restartedMain] o.apache.catalina.core.StandardEngine    : Starting Servlet engine: [Apache Tomcat/10.1.54]
2026-05-26T11:38:21.790+05:30  INFO 12244 --- [backend] [restartedMain] o.a.c.c.C.[Tomcat].[localhost].[/]       : Initializing Spring embedded WebApplicationContext
2026-05-26T11:38:21.791+05:30  INFO 12244 --- [backend] [restartedMain] w.s.c.ServletWebServerApplicationContext : Root WebApplicationContext: initialization completed in 1182 ms
2026-05-26T11:38:21.805+05:30  INFO 12244 --- [backend] [restartedMain] com.tour.service.JwtService              : Generating a new secret key.
2026-05-26T11:38:21.808+05:30  INFO 12244 --- [backend] [restartedMain] com.tour.service.JwtService              : Secret key generated successfully.
2026-05-26T11:38:21.888+05:30  INFO 12244 --- [backend] [restartedMain] o.hibernate.jpa.internal.util.LogHelper  : HHH000204: Processing PersistenceUnitInfo [name: default]
2026-05-26T11:38:21.892+05:30  INFO 12244 --- [backend] [restartedMain] o.h.c.internal.RegionFactoryInitiator    : HHH000026: Second-level cache disabled
2026-05-26T11:38:21.907+05:30  INFO 12244 --- [backend] [restartedMain] o.s.o.j.p.SpringPersistenceUnitInfo      : No LoadTimeWeaver setup: ignoring JPA class transformer
2026-05-26T11:38:21.908+05:30  INFO 12244 --- [backend] [restartedMain] com.zaxxer.hikari.HikariDataSource       : HikariPool-6 - Starting...
2026-05-26T11:38:21.965+05:30  INFO 12244 --- [backend] [restartedMain] com.zaxxer.hikari.pool.HikariPool        : HikariPool-6 - Added connection com.mysql.cj.jdbc.ConnectionImpl@29af3051
2026-05-26T11:38:21.965+05:30  INFO 12244 --- [backend] [restartedMain] com.zaxxer.hikari.HikariDataSource       : HikariPool-6 - Start completed.
2026-05-26T11:38:21.967+05:30  INFO 12244 --- [backend] [restartedMain] org.hibernate.orm.connections.pooling    : HHH10001005: Database info:
	Database JDBC URL [Connecting through datasource 'HikariDataSource (HikariPool-6)']
	Database driver: undefined/unknown
	Database version: 8.0.45
	Autocommit mode: undefined/unknown
	Isolation level: undefined/unknown
	Minimum pool size: undefined/unknown
	Maximum pool size: undefined/unknown
2026-05-26T11:38:22.152+05:30  INFO 12244 --- [backend] [restartedMain] o.h.e.t.j.p.i.JtaPlatformInitiator       : HHH000489: No JTA platform available (set 'hibernate.transaction.jta.platform' to enable JTA platform integration)
2026-05-26T11:38:22.271+05:30  INFO 12244 --- [backend] [restartedMain] j.LocalContainerEntityManagerFactoryBean : Initialized JPA EntityManagerFactory for persistence unit 'default'
2026-05-26T11:38:22.466+05:30  INFO 12244 --- [backend] [restartedMain] com.tour.config.SecurityConfig           : Configuring AuthenticationManager bean.
2026-05-26T11:38:22.480+05:30  INFO 12244 --- [backend] [restartedMain] com.tour.config.SecurityConfig           : Configuring DaoAuthenticationProvider bean.
2026-05-26T11:38:22.484+05:30  INFO 12244 --- [backend] [restartedMain] eAuthenticationProviderManagerConfigurer : Global AuthenticationManager configured with AuthenticationProvider bean with name authenticationProvider
2026-05-26T11:38:22.485+05:30  WARN 12244 --- [backend] [restartedMain] r$InitializeUserDetailsManagerConfigurer : Global AuthenticationManager configured with an AuthenticationProvider bean. UserDetailsService beans will not be used by Spring Security for automatically configuring username/password login. Consider removing the AuthenticationProvider bean. Alternatively, consider using the UserDetailsService in a manually instantiated DaoAuthenticationProvider. If the current configuration is intentional, to turn off this warning, increase the logging level of 'org.springframework.security.config.annotation.authentication.configuration.InitializeUserDetailsBeanManagerConfigurer' to ERROR
2026-05-26T11:38:22.539+05:30  WARN 12244 --- [backend] [restartedMain] JpaBaseConfiguration$JpaWebConfiguration : spring.jpa.open-in-view is enabled by default. Therefore, database queries may be performed during view rendering. Explicitly configure spring.jpa.open-in-view to disable this warning
2026-05-26T11:38:22.587+05:30  INFO 12244 --- [backend] [restartedMain] com.tour.config.SecurityConfig           : Configuring HTTP Security filters.
2026-05-26T11:38:22.589+05:30  INFO 12244 --- [backend] [restartedMain] com.tour.config.SecurityConfig           : Configuring CORS Configuration.
2026-05-26T11:38:23.102+05:30  INFO 12244 --- [backend] [restartedMain] o.s.b.d.a.OptionalLiveReloadServer       : LiveReload server is running on port 35729
2026-05-26T11:38:23.125+05:30  INFO 12244 --- [backend] [restartedMain] o.s.b.w.embedded.tomcat.TomcatWebServer  : Tomcat started on port 8080 (http) with context path '/'
2026-05-26T11:38:23.132+05:30  INFO 12244 --- [backend] [restartedMain] com.tour.BackendApplication              : Started BackendApplication in 2.588 seconds (process running for 163.234)
2026-05-26T11:38:23.133+05:30  WARN 12244 --- [backend] [restartedMain] o.s.core.events.SpringDocAppInitializer  : SpringDoc /v3/api-docs endpoint is enabled by default. To disable it in production, set the property 'springdoc.api-docs.enabled=false'
2026-05-26T11:38:23.133+05:30  WARN 12244 --- [backend] [restartedMain] o.s.core.events.SpringDocAppInitializer  : SpringDoc /swagger-ui.html endpoint is enabled by default. To disable it in production, set the property 'springdoc.swagger-ui.enabled=false'
2026-05-26T11:38:23.135+05:30  INFO 12244 --- [backend] [restartedMain] .ConditionEvaluationDeltaLoggingListener : Condition evaluation unchanged
2026-05-26T11:39:52.693+05:30  INFO 12244 --- [backend] [SpringApplicationShutdownHook] o.s.b.w.e.tomcat.GracefulShutdown        : Commencing graceful shutdown. Waiting for active requests to complete
2026-05-26T11:39:52.702+05:30  INFO 12244 --- [backend] [tomcat-shutdown] o.s.b.w.e.tomcat.GracefulShutdown        : Graceful shutdown complete
2026-05-26T11:39:52.706+05:30  INFO 12244 --- [backend] [SpringApplicationShutdownHook] j.LocalContainerEntityManagerFactoryBean : Closing JPA EntityManagerFactory for persistence unit 'default'
2026-05-26T11:39:52.707+05:30  INFO 12244 --- [backend] [SpringApplicationShutdownHook] com.zaxxer.hikari.HikariDataSource       : HikariPool-6 - Shutdown initiated...
2026-05-26T11:39:52.715+05:30  INFO 12244 --- [backend] [SpringApplicationShutdownHook] com.zaxxer.hikari.HikariDataSource       : HikariPool-6 - Shutdown completed.
2026-05-26T12:55:13.800+05:30  INFO 16460 --- [backend] [restartedMain] com.tour.BackendApplication              : Starting BackendApplication using Java 21.0.4 with PID 16460 (C:\Users\rakes\IdeaProjects\tour-app\backend\target\classes started by rakes in C:\Users\rakes\IdeaProjects\tour-app\backend)
2026-05-26T12:55:13.802+05:30  INFO 16460 --- [backend] [restartedMain] com.tour.BackendApplication              : No active profile set, falling back to 1 default profile: "default"
2026-05-26T12:55:13.850+05:30  INFO 16460 --- [backend] [restartedMain] .e.DevToolsPropertyDefaultsPostProcessor : Devtools property defaults active! Set 'spring.devtools.add-properties' to 'false' to disable
2026-05-26T12:55:13.850+05:30  INFO 16460 --- [backend] [restartedMain] .e.DevToolsPropertyDefaultsPostProcessor : For additional web related logging consider setting the 'logging.level.web' property to 'DEBUG'
2026-05-26T12:55:14.875+05:30  INFO 16460 --- [backend] [restartedMain] .s.d.r.c.RepositoryConfigurationDelegate : Bootstrapping Spring Data JPA repositories in DEFAULT mode.
2026-05-26T12:55:14.961+05:30  INFO 16460 --- [backend] [restartedMain] .s.d.r.c.RepositoryConfigurationDelegate : Finished Spring Data repository scanning in 75 ms. Found 6 JPA repository interfaces.
2026-05-26T12:55:15.599+05:30  INFO 16460 --- [backend] [restartedMain] o.s.b.w.embedded.tomcat.TomcatWebServer  : Tomcat initialized with port 8080 (http)
2026-05-26T12:55:15.612+05:30  INFO 16460 --- [backend] [restartedMain] o.apache.catalina.core.StandardService   : Starting service [Tomcat]
2026-05-26T12:55:15.613+05:30  INFO 16460 --- [backend] [restartedMain] o.apache.catalina.core.StandardEngine    : Starting Servlet engine: [Apache Tomcat/10.1.54]
2026-05-26T12:55:15.674+05:30  INFO 16460 --- [backend] [restartedMain] o.a.c.c.C.[Tomcat].[localhost].[/]       : Initializing Spring embedded WebApplicationContext
2026-05-26T12:55:15.674+05:30  INFO 16460 --- [backend] [restartedMain] w.s.c.ServletWebServerApplicationContext : Root WebApplicationContext: initialization completed in 1824 ms
2026-05-26T12:55:15.692+05:30  INFO 16460 --- [backend] [restartedMain] com.tour.service.JwtService              : Generating a new secret key.
2026-05-26T12:55:15.699+05:30  INFO 16460 --- [backend] [restartedMain] com.tour.service.JwtService              : Secret key generated successfully.
2026-05-26T12:55:15.820+05:30  INFO 16460 --- [backend] [restartedMain] o.hibernate.jpa.internal.util.LogHelper  : HHH000204: Processing PersistenceUnitInfo [name: default]
2026-05-26T12:55:15.870+05:30  INFO 16460 --- [backend] [restartedMain] org.hibernate.Version                    : HHH000412: Hibernate ORM core version 6.6.49.Final
2026-05-26T12:55:15.899+05:30  INFO 16460 --- [backend] [restartedMain] o.h.c.internal.RegionFactoryInitiator    : HHH000026: Second-level cache disabled
2026-05-26T12:55:16.151+05:30  INFO 16460 --- [backend] [restartedMain] o.s.o.j.p.SpringPersistenceUnitInfo      : No LoadTimeWeaver setup: ignoring JPA class transformer
2026-05-26T12:55:16.180+05:30  INFO 16460 --- [backend] [restartedMain] com.zaxxer.hikari.HikariDataSource       : HikariPool-1 - Starting...
2026-05-26T12:55:16.482+05:30  INFO 16460 --- [backend] [restartedMain] com.zaxxer.hikari.pool.HikariPool        : HikariPool-1 - Added connection com.mysql.cj.jdbc.ConnectionImpl@6e50dce
2026-05-26T12:55:16.484+05:30  INFO 16460 --- [backend] [restartedMain] com.zaxxer.hikari.HikariDataSource       : HikariPool-1 - Start completed.
2026-05-26T12:55:16.566+05:30  INFO 16460 --- [backend] [restartedMain] org.hibernate.orm.connections.pooling    : HHH10001005: Database info:
	Database JDBC URL [Connecting through datasource 'HikariDataSource (HikariPool-1)']
	Database driver: undefined/unknown
	Database version: 8.0.45
	Autocommit mode: undefined/unknown
	Isolation level: undefined/unknown
	Minimum pool size: undefined/unknown
	Maximum pool size: undefined/unknown
2026-05-26T12:55:17.608+05:30  INFO 16460 --- [backend] [restartedMain] o.h.e.t.j.p.i.JtaPlatformInitiator       : HHH000489: No JTA platform available (set 'hibernate.transaction.jta.platform' to enable JTA platform integration)
2026-05-26T12:55:17.730+05:30  INFO 16460 --- [backend] [restartedMain] j.LocalContainerEntityManagerFactoryBean : Initialized JPA EntityManagerFactory for persistence unit 'default'
2026-05-26T12:55:18.000+05:30  INFO 16460 --- [backend] [restartedMain] o.s.d.j.r.query.QueryEnhancerFactory     : Hibernate is in classpath; If applicable, HQL parser will be used.
2026-05-26T12:55:18.518+05:30  INFO 16460 --- [backend] [restartedMain] f.a.AutowiredAnnotationBeanPostProcessor : Autowired annotation should only be used on methods with parameters: public void com.tour.controller.BookingController.init()
2026-05-26T12:55:18.890+05:30  INFO 16460 --- [backend] [restartedMain] com.tour.config.SecurityConfig           : Configuring AuthenticationManager bean.
2026-05-26T12:55:18.905+05:30  INFO 16460 --- [backend] [restartedMain] com.tour.config.SecurityConfig           : Configuring DaoAuthenticationProvider bean.
2026-05-26T12:55:18.912+05:30  INFO 16460 --- [backend] [restartedMain] eAuthenticationProviderManagerConfigurer : Global AuthenticationManager configured with AuthenticationProvider bean with name authenticationProvider
2026-05-26T12:55:18.913+05:30  WARN 16460 --- [backend] [restartedMain] r$InitializeUserDetailsManagerConfigurer : Global AuthenticationManager configured with an AuthenticationProvider bean. UserDetailsService beans will not be used by Spring Security for automatically configuring username/password login. Consider removing the AuthenticationProvider bean. Alternatively, consider using the UserDetailsService in a manually instantiated DaoAuthenticationProvider. If the current configuration is intentional, to turn off this warning, increase the logging level of 'org.springframework.security.config.annotation.authentication.configuration.InitializeUserDetailsBeanManagerConfigurer' to ERROR
2026-05-26T12:55:18.994+05:30  WARN 16460 --- [backend] [restartedMain] JpaBaseConfiguration$JpaWebConfiguration : spring.jpa.open-in-view is enabled by default. Therefore, database queries may be performed during view rendering. Explicitly configure spring.jpa.open-in-view to disable this warning
2026-05-26T12:55:19.107+05:30  INFO 16460 --- [backend] [restartedMain] com.tour.config.SecurityConfig           : Configuring HTTP Security filters.
2026-05-26T12:55:19.109+05:30  INFO 16460 --- [backend] [restartedMain] com.tour.config.SecurityConfig           : Configuring CORS Configuration.
2026-05-26T12:55:19.784+05:30  INFO 16460 --- [backend] [restartedMain] o.s.b.d.a.OptionalLiveReloadServer       : LiveReload server is running on port 35729
2026-05-26T12:55:19.830+05:30  INFO 16460 --- [backend] [restartedMain] o.s.b.w.embedded.tomcat.TomcatWebServer  : Tomcat started on port 8080 (http) with context path '/'
2026-05-26T12:55:19.839+05:30  INFO 16460 --- [backend] [restartedMain] com.tour.BackendApplication              : Started BackendApplication in 6.581 seconds (process running for 7.476)
2026-05-26T12:55:19.842+05:30  WARN 16460 --- [backend] [restartedMain] o.s.core.events.SpringDocAppInitializer  : SpringDoc /v3/api-docs endpoint is enabled by default. To disable it in production, set the property 'springdoc.api-docs.enabled=false'
2026-05-26T12:55:19.842+05:30  WARN 16460 --- [backend] [restartedMain] o.s.core.events.SpringDocAppInitializer  : SpringDoc /swagger-ui.html endpoint is enabled by default. To disable it in production, set the property 'springdoc.swagger-ui.enabled=false'
2026-05-26T12:56:15.713+05:30  INFO 16460 --- [backend] [File Watcher] rtingClassPathChangeChangedEventListener : Restarting due to 1 class path change (0 additions, 1 deletion, 0 modifications)
2026-05-26T12:56:15.719+05:30  INFO 16460 --- [backend] [Thread-5] o.s.b.w.e.tomcat.GracefulShutdown        : Commencing graceful shutdown. Waiting for active requests to complete
2026-05-26T12:56:15.729+05:30  INFO 16460 --- [backend] [tomcat-shutdown] o.s.b.w.e.tomcat.GracefulShutdown        : Graceful shutdown complete
2026-05-26T12:56:15.775+05:30  INFO 16460 --- [backend] [Thread-5] j.LocalContainerEntityManagerFactoryBean : Closing JPA EntityManagerFactory for persistence unit 'default'
2026-05-26T12:56:15.784+05:30  INFO 16460 --- [backend] [Thread-5] com.zaxxer.hikari.HikariDataSource       : HikariPool-1 - Shutdown initiated...
2026-05-26T12:56:15.935+05:30  INFO 16460 --- [backend] [Thread-5] com.zaxxer.hikari.HikariDataSource       : HikariPool-1 - Shutdown completed.
2026-05-26T12:56:16.143+05:30  INFO 16460 --- [backend] [restartedMain] com.tour.BackendApplication              : Starting BackendApplication using Java 21.0.4 with PID 16460 (C:\Users\rakes\IdeaProjects\tour-app\backend\target\classes started by rakes in C:\Users\rakes\IdeaProjects\tour-app\backend)
2026-05-26T12:56:16.144+05:30  INFO 16460 --- [backend] [restartedMain] com.tour.BackendApplication              : No active profile set, falling back to 1 default profile: "default"
2026-05-26T12:56:16.938+05:30  INFO 16460 --- [backend] [restartedMain] .s.d.r.c.RepositoryConfigurationDelegate : Bootstrapping Spring Data JPA repositories in DEFAULT mode.
2026-05-26T12:56:16.994+05:30  INFO 16460 --- [backend] [restartedMain] .s.d.r.c.RepositoryConfigurationDelegate : Finished Spring Data repository scanning in 53 ms. Found 6 JPA repository interfaces.
2026-05-26T12:56:17.128+05:30  INFO 16460 --- [backend] [restartedMain] o.s.b.w.embedded.tomcat.TomcatWebServer  : Tomcat initialized with port 8080 (http)
2026-05-26T12:56:17.128+05:30  INFO 16460 --- [backend] [restartedMain] o.apache.catalina.core.StandardService   : Starting service [Tomcat]
2026-05-26T12:56:17.129+05:30  INFO 16460 --- [backend] [restartedMain] o.apache.catalina.core.StandardEngine    : Starting Servlet engine: [Apache Tomcat/10.1.54]
2026-05-26T12:56:17.154+05:30  INFO 16460 --- [backend] [restartedMain] o.a.c.c.C.[Tomcat].[localhost].[/]       : Initializing Spring embedded WebApplicationContext
2026-05-26T12:56:17.155+05:30  INFO 16460 --- [backend] [restartedMain] w.s.c.ServletWebServerApplicationContext : Root WebApplicationContext: initialization completed in 1005 ms
2026-05-26T12:56:17.161+05:30  INFO 16460 --- [backend] [restartedMain] com.tour.service.JwtService              : Generating a new secret key.
2026-05-26T12:56:17.161+05:30  INFO 16460 --- [backend] [restartedMain] com.tour.service.JwtService              : Secret key generated successfully.
2026-05-26T12:56:17.188+05:30  INFO 16460 --- [backend] [restartedMain] o.hibernate.jpa.internal.util.LogHelper  : HHH000204: Processing PersistenceUnitInfo [name: default]
2026-05-26T12:56:17.191+05:30  INFO 16460 --- [backend] [restartedMain] o.h.c.internal.RegionFactoryInitiator    : HHH000026: Second-level cache disabled
2026-05-26T12:56:17.206+05:30  INFO 16460 --- [backend] [restartedMain] o.s.o.j.p.SpringPersistenceUnitInfo      : No LoadTimeWeaver setup: ignoring JPA class transformer
2026-05-26T12:56:17.207+05:30  INFO 16460 --- [backend] [restartedMain] com.zaxxer.hikari.HikariDataSource       : HikariPool-2 - Starting...
2026-05-26T12:56:17.238+05:30  INFO 16460 --- [backend] [restartedMain] com.zaxxer.hikari.pool.HikariPool        : HikariPool-2 - Added connection com.mysql.cj.jdbc.ConnectionImpl@21be0b38
2026-05-26T12:56:17.239+05:30  INFO 16460 --- [backend] [restartedMain] com.zaxxer.hikari.HikariDataSource       : HikariPool-2 - Start completed.
2026-05-26T12:56:17.242+05:30  INFO 16460 --- [backend] [restartedMain] org.hibernate.orm.connections.pooling    : HHH10001005: Database info:
	Database JDBC URL [Connecting through datasource 'HikariDataSource (HikariPool-2)']
	Database driver: undefined/unknown
	Database version: 8.0.45
	Autocommit mode: undefined/unknown
	Isolation level: undefined/unknown
	Minimum pool size: undefined/unknown
	Maximum pool size: undefined/unknown
2026-05-26T12:56:17.397+05:30  INFO 16460 --- [backend] [restartedMain] o.h.e.t.j.p.i.JtaPlatformInitiator       : HHH000489: No JTA platform available (set 'hibernate.transaction.jta.platform' to enable JTA platform integration)
2026-05-26T12:56:17.471+05:30  INFO 16460 --- [backend] [restartedMain] j.LocalContainerEntityManagerFactoryBean : Initialized JPA EntityManagerFactory for persistence unit 'default'
2026-05-26T12:56:17.546+05:30  WARN 16460 --- [backend] [restartedMain] ConfigServletWebServerApplicationContext : Exception encountered during context initialization - cancelling refresh attempt: org.springframework.beans.factory.UnsatisfiedDependencyException: Error creating bean with name 'OAuth2LoginSuccessHandler': Unsatisfied dependency expressed through field 'passwordEncoder': No qualifying bean of type 'org.springframework.security.crypto.password.PasswordEncoder' available: expected at least 1 bean which qualifies as autowire candidate. Dependency annotations: {@org.springframework.beans.factory.annotation.Autowired(required=true)}
2026-05-26T12:56:17.547+05:30  INFO 16460 --- [backend] [restartedMain] j.LocalContainerEntityManagerFactoryBean : Closing JPA EntityManagerFactory for persistence unit 'default'
2026-05-26T12:56:17.548+05:30  INFO 16460 --- [backend] [restartedMain] com.zaxxer.hikari.HikariDataSource       : HikariPool-2 - Shutdown initiated...
2026-05-26T12:56:17.596+05:30  INFO 16460 --- [backend] [restartedMain] com.zaxxer.hikari.HikariDataSource       : HikariPool-2 - Shutdown completed.
2026-05-26T12:56:17.597+05:30  INFO 16460 --- [backend] [restartedMain] o.apache.catalina.core.StandardService   : Stopping service [Tomcat]
2026-05-26T12:56:17.605+05:30  INFO 16460 --- [backend] [restartedMain] .s.b.a.l.ConditionEvaluationReportLogger : 

Error starting ApplicationContext. To display the condition evaluation report re-run your application with 'debug' enabled.
2026-05-26T12:56:17.651+05:30 ERROR 16460 --- [backend] [restartedMain] o.s.b.d.LoggingFailureAnalysisReporter   : 

***************************
APPLICATION FAILED TO START
***************************

Description:

Field passwordEncoder in com.tour.config.OAuth2LoginSuccessHandler required a bean of type 'org.springframework.security.crypto.password.PasswordEncoder' that could not be found.

The injection point has the following annotations:
	- @org.springframework.beans.factory.annotation.Autowired(required=true)


Action:

Consider defining a bean of type 'org.springframework.security.crypto.password.PasswordEncoder' in your configuration.

2026-05-26T12:56:19.115+05:30  INFO 16460 --- [backend] [restartedMain] com.tour.BackendApplication              : Starting BackendApplication using Java 21.0.4 with PID 16460 (C:\Users\rakes\IdeaProjects\tour-app\backend\target\classes started by rakes in C:\Users\rakes\IdeaProjects\tour-app\backend)
2026-05-26T12:56:19.116+05:30  INFO 16460 --- [backend] [restartedMain] com.tour.BackendApplication              : No active profile set, falling back to 1 default profile: "default"
2026-05-26T12:56:19.419+05:30  INFO 16460 --- [backend] [restartedMain] .s.d.r.c.RepositoryConfigurationDelegate : Bootstrapping Spring Data JPA repositories in DEFAULT mode.
2026-05-26T12:56:19.447+05:30  INFO 16460 --- [backend] [restartedMain] .s.d.r.c.RepositoryConfigurationDelegate : Finished Spring Data repository scanning in 28 ms. Found 6 JPA repository interfaces.
2026-05-26T12:56:19.595+05:30  INFO 16460 --- [backend] [restartedMain] o.s.b.w.embedded.tomcat.TomcatWebServer  : Tomcat initialized with port 8080 (http)
2026-05-26T12:56:19.597+05:30  INFO 16460 --- [backend] [restartedMain] o.apache.catalina.core.StandardService   : Starting service [Tomcat]
2026-05-26T12:56:19.597+05:30  INFO 16460 --- [backend] [restartedMain] o.apache.catalina.core.StandardEngine    : Starting Servlet engine: [Apache Tomcat/10.1.54]
2026-05-26T12:56:19.618+05:30  INFO 16460 --- [backend] [restartedMain] o.a.c.c.C.[Tomcat-1].[localhost].[/]     : Initializing Spring embedded WebApplicationContext
2026-05-26T12:56:19.618+05:30  INFO 16460 --- [backend] [restartedMain] w.s.c.ServletWebServerApplicationContext : Root WebApplicationContext: initialization completed in 500 ms
2026-05-26T12:56:19.625+05:30  INFO 16460 --- [backend] [restartedMain] com.tour.service.JwtService              : Generating a new secret key.
2026-05-26T12:56:19.625+05:30  INFO 16460 --- [backend] [restartedMain] com.tour.service.JwtService              : Secret key generated successfully.
2026-05-26T12:56:19.666+05:30  INFO 16460 --- [backend] [restartedMain] o.hibernate.jpa.internal.util.LogHelper  : HHH000204: Processing PersistenceUnitInfo [name: default]
2026-05-26T12:56:19.669+05:30  INFO 16460 --- [backend] [restartedMain] o.h.c.internal.RegionFactoryInitiator    : HHH000026: Second-level cache disabled
2026-05-26T12:56:19.677+05:30  INFO 16460 --- [backend] [restartedMain] o.s.o.j.p.SpringPersistenceUnitInfo      : No LoadTimeWeaver setup: ignoring JPA class transformer
2026-05-26T12:56:19.678+05:30  INFO 16460 --- [backend] [restartedMain] com.zaxxer.hikari.HikariDataSource       : HikariPool-3 - Starting...
2026-05-26T12:56:19.690+05:30  INFO 16460 --- [backend] [restartedMain] com.zaxxer.hikari.pool.HikariPool        : HikariPool-3 - Added connection com.mysql.cj.jdbc.ConnectionImpl@5883f5c0
2026-05-26T12:56:19.691+05:30  INFO 16460 --- [backend] [restartedMain] com.zaxxer.hikari.HikariDataSource       : HikariPool-3 - Start completed.
2026-05-26T12:56:19.692+05:30  INFO 16460 --- [backend] [restartedMain] org.hibernate.orm.connections.pooling    : HHH10001005: Database info:
	Database JDBC URL [Connecting through datasource 'HikariDataSource (HikariPool-3)']
	Database driver: undefined/unknown
	Database version: 8.0.45
	Autocommit mode: undefined/unknown
	Isolation level: undefined/unknown
	Minimum pool size: undefined/unknown
	Maximum pool size: undefined/unknown
2026-05-26T12:56:19.815+05:30  INFO 16460 --- [backend] [restartedMain] o.h.e.t.j.p.i.JtaPlatformInitiator       : HHH000489: No JTA platform available (set 'hibernate.transaction.jta.platform' to enable JTA platform integration)
2026-05-26T12:56:19.870+05:30  INFO 16460 --- [backend] [restartedMain] j.LocalContainerEntityManagerFactoryBean : Initialized JPA EntityManagerFactory for persistence unit 'default'
2026-05-26T12:56:19.994+05:30  INFO 16460 --- [backend] [restartedMain] f.a.AutowiredAnnotationBeanPostProcessor : Autowired annotation should only be used on methods with parameters: public void com.tour.controller.BookingController.init()
2026-05-26T12:56:20.175+05:30  INFO 16460 --- [backend] [restartedMain] com.tour.config.SecurityConfig           : Configuring AuthenticationManager bean.
2026-05-26T12:56:20.183+05:30  INFO 16460 --- [backend] [restartedMain] com.tour.config.SecurityConfig           : Configuring DaoAuthenticationProvider bean.
2026-05-26T12:56:20.185+05:30  INFO 16460 --- [backend] [restartedMain] eAuthenticationProviderManagerConfigurer : Global AuthenticationManager configured with AuthenticationProvider bean with name authenticationProvider
2026-05-26T12:56:20.185+05:30  WARN 16460 --- [backend] [restartedMain] r$InitializeUserDetailsManagerConfigurer : Global AuthenticationManager configured with an AuthenticationProvider bean. UserDetailsService beans will not be used by Spring Security for automatically configuring username/password login. Consider removing the AuthenticationProvider bean. Alternatively, consider using the UserDetailsService in a manually instantiated DaoAuthenticationProvider. If the current configuration is intentional, to turn off this warning, increase the logging level of 'org.springframework.security.config.annotation.authentication.configuration.InitializeUserDetailsBeanManagerConfigurer' to ERROR
2026-05-26T12:56:20.221+05:30  WARN 16460 --- [backend] [restartedMain] JpaBaseConfiguration$JpaWebConfiguration : spring.jpa.open-in-view is enabled by default. Therefore, database queries may be performed during view rendering. Explicitly configure spring.jpa.open-in-view to disable this warning
2026-05-26T12:56:20.250+05:30  INFO 16460 --- [backend] [restartedMain] com.tour.config.SecurityConfig           : Configuring HTTP Security filters.
2026-05-26T12:56:20.251+05:30  INFO 16460 --- [backend] [restartedMain] com.tour.config.SecurityConfig           : Configuring CORS Configuration.
2026-05-26T12:56:20.559+05:30  INFO 16460 --- [backend] [restartedMain] o.s.b.d.a.OptionalLiveReloadServer       : LiveReload server is running on port 35729
2026-05-26T12:56:20.576+05:30  INFO 16460 --- [backend] [restartedMain] o.s.b.w.embedded.tomcat.TomcatWebServer  : Tomcat started on port 8080 (http) with context path '/'
2026-05-26T12:56:20.580+05:30  INFO 16460 --- [backend] [restartedMain] com.tour.BackendApplication              : Started BackendApplication in 1.491 seconds (process running for 68.218)
2026-05-26T12:56:20.581+05:30  WARN 16460 --- [backend] [restartedMain] o.s.core.events.SpringDocAppInitializer  : SpringDoc /v3/api-docs endpoint is enabled by default. To disable it in production, set the property 'springdoc.api-docs.enabled=false'
2026-05-26T12:56:20.581+05:30  WARN 16460 --- [backend] [restartedMain] o.s.core.events.SpringDocAppInitializer  : SpringDoc /swagger-ui.html endpoint is enabled by default. To disable it in production, set the property 'springdoc.swagger-ui.enabled=false'
2026-05-26T12:56:20.582+05:30  INFO 16460 --- [backend] [restartedMain] .ConditionEvaluationDeltaLoggingListener : Condition evaluation unchanged
2026-05-26T13:02:05.072+05:30  INFO 16460 --- [backend] [File Watcher] rtingClassPathChangeChangedEventListener : Restarting due to 1 class path change (1 addition, 0 deletions, 0 modifications)
2026-05-26T13:02:05.074+05:30  INFO 16460 --- [backend] [Thread-7] o.s.b.w.e.tomcat.GracefulShutdown        : Commencing graceful shutdown. Waiting for active requests to complete
2026-05-26T13:02:05.080+05:30  INFO 16460 --- [backend] [tomcat-shutdown] o.s.b.w.e.tomcat.GracefulShutdown        : Graceful shutdown complete
2026-05-26T13:02:05.084+05:30  INFO 16460 --- [backend] [Thread-7] j.LocalContainerEntityManagerFactoryBean : Closing JPA EntityManagerFactory for persistence unit 'default'
2026-05-26T13:02:05.085+05:30  INFO 16460 --- [backend] [Thread-7] com.zaxxer.hikari.HikariDataSource       : HikariPool-3 - Shutdown initiated...
2026-05-26T13:02:05.089+05:30  INFO 16460 --- [backend] [Thread-7] com.zaxxer.hikari.HikariDataSource       : HikariPool-3 - Shutdown completed.
2026-05-26T13:02:05.166+05:30  INFO 16460 --- [backend] [restartedMain] com.tour.BackendApplication              : Starting BackendApplication using Java 21.0.4 with PID 16460 (C:\Users\rakes\IdeaProjects\tour-app\backend\target\classes started by rakes in C:\Users\rakes\IdeaProjects\tour-app\backend)
2026-05-26T13:02:05.168+05:30  INFO 16460 --- [backend] [restartedMain] com.tour.BackendApplication              : No active profile set, falling back to 1 default profile: "default"
2026-05-26T13:02:05.427+05:30  INFO 16460 --- [backend] [restartedMain] .s.d.r.c.RepositoryConfigurationDelegate : Bootstrapping Spring Data JPA repositories in DEFAULT mode.
2026-05-26T13:02:05.452+05:30  INFO 16460 --- [backend] [restartedMain] .s.d.r.c.RepositoryConfigurationDelegate : Finished Spring Data repository scanning in 24 ms. Found 6 JPA repository interfaces.
2026-05-26T13:02:05.605+05:30  INFO 16460 --- [backend] [restartedMain] o.s.b.w.embedded.tomcat.TomcatWebServer  : Tomcat initialized with port 8080 (http)
2026-05-26T13:02:05.607+05:30  INFO 16460 --- [backend] [restartedMain] o.apache.catalina.core.StandardService   : Starting service [Tomcat]
2026-05-26T13:02:05.607+05:30  INFO 16460 --- [backend] [restartedMain] o.apache.catalina.core.StandardEngine    : Starting Servlet engine: [Apache Tomcat/10.1.54]
2026-05-26T13:02:05.636+05:30  INFO 16460 --- [backend] [restartedMain] o.a.c.c.C.[Tomcat-1].[localhost].[/]     : Initializing Spring embedded WebApplicationContext
2026-05-26T13:02:05.636+05:30  INFO 16460 --- [backend] [restartedMain] w.s.c.ServletWebServerApplicationContext : Root WebApplicationContext: initialization completed in 466 ms
2026-05-26T13:02:05.653+05:30  INFO 16460 --- [backend] [restartedMain] com.tour.service.JwtService              : Generating a new secret key.
2026-05-26T13:02:05.653+05:30  INFO 16460 --- [backend] [restartedMain] com.tour.service.JwtService              : Secret key generated successfully.
2026-05-26T13:02:05.697+05:30  INFO 16460 --- [backend] [restartedMain] o.hibernate.jpa.internal.util.LogHelper  : HHH000204: Processing PersistenceUnitInfo [name: default]
2026-05-26T13:02:05.700+05:30  INFO 16460 --- [backend] [restartedMain] o.h.c.internal.RegionFactoryInitiator    : HHH000026: Second-level cache disabled
2026-05-26T13:02:05.709+05:30  INFO 16460 --- [backend] [restartedMain] o.s.o.j.p.SpringPersistenceUnitInfo      : No LoadTimeWeaver setup: ignoring JPA class transformer
2026-05-26T13:02:05.711+05:30  INFO 16460 --- [backend] [restartedMain] com.zaxxer.hikari.HikariDataSource       : HikariPool-4 - Starting...
2026-05-26T13:02:05.725+05:30  INFO 16460 --- [backend] [restartedMain] com.zaxxer.hikari.pool.HikariPool        : HikariPool-4 - Added connection com.mysql.cj.jdbc.ConnectionImpl@7aa6ef97
2026-05-26T13:02:05.726+05:30  INFO 16460 --- [backend] [restartedMain] com.zaxxer.hikari.HikariDataSource       : HikariPool-4 - Start completed.
2026-05-26T13:02:05.727+05:30  INFO 16460 --- [backend] [restartedMain] org.hibernate.orm.connections.pooling    : HHH10001005: Database info:
	Database JDBC URL [Connecting through datasource 'HikariDataSource (HikariPool-4)']
	Database driver: undefined/unknown
	Database version: 8.0.45
	Autocommit mode: undefined/unknown
	Isolation level: undefined/unknown
	Minimum pool size: undefined/unknown
	Maximum pool size: undefined/unknown
2026-05-26T13:02:05.836+05:30  INFO 16460 --- [backend] [restartedMain] o.h.e.t.j.p.i.JtaPlatformInitiator       : HHH000489: No JTA platform available (set 'hibernate.transaction.jta.platform' to enable JTA platform integration)
2026-05-26T13:02:05.887+05:30  INFO 16460 --- [backend] [restartedMain] j.LocalContainerEntityManagerFactoryBean : Initialized JPA EntityManagerFactory for persistence unit 'default'
2026-05-26T13:02:06.017+05:30  INFO 16460 --- [backend] [restartedMain] f.a.AutowiredAnnotationBeanPostProcessor : Autowired annotation should only be used on methods with parameters: public void com.tour.controller.BookingController.init()
2026-05-26T13:02:06.176+05:30  INFO 16460 --- [backend] [restartedMain] com.tour.config.SecurityConfig           : Configuring AuthenticationManager bean.
2026-05-26T13:02:06.185+05:30  INFO 16460 --- [backend] [restartedMain] com.tour.config.SecurityConfig           : Configuring DaoAuthenticationProvider bean.
2026-05-26T13:02:06.187+05:30  INFO 16460 --- [backend] [restartedMain] eAuthenticationProviderManagerConfigurer : Global AuthenticationManager configured with AuthenticationProvider bean with name authenticationProvider
2026-05-26T13:02:06.188+05:30  WARN 16460 --- [backend] [restartedMain] r$InitializeUserDetailsManagerConfigurer : Global AuthenticationManager configured with an AuthenticationProvider bean. UserDetailsService beans will not be used by Spring Security for automatically configuring username/password login. Consider removing the AuthenticationProvider bean. Alternatively, consider using the UserDetailsService in a manually instantiated DaoAuthenticationProvider. If the current configuration is intentional, to turn off this warning, increase the logging level of 'org.springframework.security.config.annotation.authentication.configuration.InitializeUserDetailsBeanManagerConfigurer' to ERROR
2026-05-26T13:02:06.224+05:30  WARN 16460 --- [backend] [restartedMain] JpaBaseConfiguration$JpaWebConfiguration : spring.jpa.open-in-view is enabled by default. Therefore, database queries may be performed during view rendering. Explicitly configure spring.jpa.open-in-view to disable this warning
2026-05-26T13:02:06.257+05:30  INFO 16460 --- [backend] [restartedMain] com.tour.config.SecurityConfig           : Configuring HTTP Security filters.
2026-05-26T13:02:06.258+05:30  INFO 16460 --- [backend] [restartedMain] com.tour.config.SecurityConfig           : Configuring CORS Configuration.
2026-05-26T13:02:06.613+05:30  INFO 16460 --- [backend] [restartedMain] o.s.b.d.a.OptionalLiveReloadServer       : LiveReload server is running on port 35729
2026-05-26T13:02:06.630+05:30  INFO 16460 --- [backend] [restartedMain] o.s.b.w.embedded.tomcat.TomcatWebServer  : Tomcat started on port 8080 (http) with context path '/'
2026-05-26T13:02:06.634+05:30  INFO 16460 --- [backend] [restartedMain] com.tour.BackendApplication              : Started BackendApplication in 1.494 seconds (process running for 414.271)
2026-05-26T13:02:06.635+05:30  WARN 16460 --- [backend] [restartedMain] o.s.core.events.SpringDocAppInitializer  : SpringDoc /v3/api-docs endpoint is enabled by default. To disable it in production, set the property 'springdoc.api-docs.enabled=false'
2026-05-26T13:02:06.636+05:30  WARN 16460 --- [backend] [restartedMain] o.s.core.events.SpringDocAppInitializer  : SpringDoc /swagger-ui.html endpoint is enabled by default. To disable it in production, set the property 'springdoc.swagger-ui.enabled=false'
2026-05-26T13:02:06.637+05:30  INFO 16460 --- [backend] [restartedMain] .ConditionEvaluationDeltaLoggingListener : Condition evaluation unchanged
2026-05-26T13:02:45.130+05:30  INFO 16460 --- [backend] [File Watcher] rtingClassPathChangeChangedEventListener : Restarting due to 1 class path change (0 additions, 1 deletion, 0 modifications)
2026-05-26T13:02:45.132+05:30  INFO 16460 --- [backend] [Thread-14] o.s.b.w.e.tomcat.GracefulShutdown        : Commencing graceful shutdown. Waiting for active requests to complete
2026-05-26T13:02:45.137+05:30  INFO 16460 --- [backend] [tomcat-shutdown] o.s.b.w.e.tomcat.GracefulShutdown        : Graceful shutdown complete
2026-05-26T13:02:45.140+05:30  INFO 16460 --- [backend] [Thread-14] j.LocalContainerEntityManagerFactoryBean : Closing JPA EntityManagerFactory for persistence unit 'default'
2026-05-26T13:02:45.141+05:30  INFO 16460 --- [backend] [Thread-14] com.zaxxer.hikari.HikariDataSource       : HikariPool-4 - Shutdown initiated...
2026-05-26T13:02:45.145+05:30  INFO 16460 --- [backend] [Thread-14] com.zaxxer.hikari.HikariDataSource       : HikariPool-4 - Shutdown completed.
2026-05-26T13:02:45.238+05:30  INFO 16460 --- [backend] [restartedMain] com.tour.BackendApplication              : Starting BackendApplication using Java 21.0.4 with PID 16460 (C:\Users\rakes\IdeaProjects\tour-app\backend\target\classes started by rakes in C:\Users\rakes\IdeaProjects\tour-app\backend)
2026-05-26T13:02:45.239+05:30  INFO 16460 --- [backend] [restartedMain] com.tour.BackendApplication              : No active profile set, falling back to 1 default profile: "default"
2026-05-26T13:02:45.500+05:30  INFO 16460 --- [backend] [restartedMain] .s.d.r.c.RepositoryConfigurationDelegate : Bootstrapping Spring Data JPA repositories in DEFAULT mode.
2026-05-26T13:02:45.528+05:30  INFO 16460 --- [backend] [restartedMain] .s.d.r.c.RepositoryConfigurationDelegate : Finished Spring Data repository scanning in 26 ms. Found 6 JPA repository interfaces.
2026-05-26T13:02:45.699+05:30  INFO 16460 --- [backend] [restartedMain] o.s.b.w.embedded.tomcat.TomcatWebServer  : Tomcat initialized with port 8080 (http)
2026-05-26T13:02:45.700+05:30  INFO 16460 --- [backend] [restartedMain] o.apache.catalina.core.StandardService   : Starting service [Tomcat]
2026-05-26T13:02:45.700+05:30  INFO 16460 --- [backend] [restartedMain] o.apache.catalina.core.StandardEngine    : Starting Servlet engine: [Apache Tomcat/10.1.54]
2026-05-26T13:02:45.726+05:30  INFO 16460 --- [backend] [restartedMain] o.a.c.c.C.[Tomcat-1].[localhost].[/]     : Initializing Spring embedded WebApplicationContext
2026-05-26T13:02:45.726+05:30  INFO 16460 --- [backend] [restartedMain] w.s.c.ServletWebServerApplicationContext : Root WebApplicationContext: initialization completed in 485 ms
2026-05-26T13:02:45.736+05:30  INFO 16460 --- [backend] [restartedMain] com.tour.service.JwtService              : Generating a new secret key.
2026-05-26T13:02:45.736+05:30  INFO 16460 --- [backend] [restartedMain] com.tour.service.JwtService              : Secret key generated successfully.
2026-05-26T13:02:45.786+05:30  INFO 16460 --- [backend] [restartedMain] o.hibernate.jpa.internal.util.LogHelper  : HHH000204: Processing PersistenceUnitInfo [name: default]
2026-05-26T13:02:45.789+05:30  INFO 16460 --- [backend] [restartedMain] o.h.c.internal.RegionFactoryInitiator    : HHH000026: Second-level cache disabled
2026-05-26T13:02:45.799+05:30  INFO 16460 --- [backend] [restartedMain] o.s.o.j.p.SpringPersistenceUnitInfo      : No LoadTimeWeaver setup: ignoring JPA class transformer
2026-05-26T13:02:45.800+05:30  INFO 16460 --- [backend] [restartedMain] com.zaxxer.hikari.HikariDataSource       : HikariPool-5 - Starting...
2026-05-26T13:02:45.819+05:30  INFO 16460 --- [backend] [restartedMain] com.zaxxer.hikari.pool.HikariPool        : HikariPool-5 - Added connection com.mysql.cj.jdbc.ConnectionImpl@4e1a0018
2026-05-26T13:02:45.820+05:30  INFO 16460 --- [backend] [restartedMain] com.zaxxer.hikari.HikariDataSource       : HikariPool-5 - Start completed.
2026-05-26T13:02:45.821+05:30  INFO 16460 --- [backend] [restartedMain] org.hibernate.orm.connections.pooling    : HHH10001005: Database info:
	Database JDBC URL [Connecting through datasource 'HikariDataSource (HikariPool-5)']
	Database driver: undefined/unknown
	Database version: 8.0.45
	Autocommit mode: undefined/unknown
	Isolation level: undefined/unknown
	Minimum pool size: undefined/unknown
	Maximum pool size: undefined/unknown
2026-05-26T13:02:45.984+05:30  INFO 16460 --- [backend] [restartedMain] o.h.e.t.j.p.i.JtaPlatformInitiator       : HHH000489: No JTA platform available (set 'hibernate.transaction.jta.platform' to enable JTA platform integration)
2026-05-26T13:02:46.056+05:30  INFO 16460 --- [backend] [restartedMain] j.LocalContainerEntityManagerFactoryBean : Initialized JPA EntityManagerFactory for persistence unit 'default'
2026-05-26T13:02:46.230+05:30  INFO 16460 --- [backend] [restartedMain] f.a.AutowiredAnnotationBeanPostProcessor : Autowired annotation should only be used on methods with parameters: public void com.tour.controller.BookingController.init()
2026-05-26T13:02:46.446+05:30  INFO 16460 --- [backend] [restartedMain] com.tour.config.SecurityConfig           : Configuring AuthenticationManager bean.
2026-05-26T13:02:46.455+05:30  INFO 16460 --- [backend] [restartedMain] com.tour.config.SecurityConfig           : Configuring DaoAuthenticationProvider bean.
2026-05-26T13:02:46.457+05:30  INFO 16460 --- [backend] [restartedMain] eAuthenticationProviderManagerConfigurer : Global AuthenticationManager configured with AuthenticationProvider bean with name authenticationProvider
2026-05-26T13:02:46.458+05:30  WARN 16460 --- [backend] [restartedMain] r$InitializeUserDetailsManagerConfigurer : Global AuthenticationManager configured with an AuthenticationProvider bean. UserDetailsService beans will not be used by Spring Security for automatically configuring username/password login. Consider removing the AuthenticationProvider bean. Alternatively, consider using the UserDetailsService in a manually instantiated DaoAuthenticationProvider. If the current configuration is intentional, to turn off this warning, increase the logging level of 'org.springframework.security.config.annotation.authentication.configuration.InitializeUserDetailsBeanManagerConfigurer' to ERROR
2026-05-26T13:02:46.499+05:30  WARN 16460 --- [backend] [restartedMain] JpaBaseConfiguration$JpaWebConfiguration : spring.jpa.open-in-view is enabled by default. Therefore, database queries may be performed during view rendering. Explicitly configure spring.jpa.open-in-view to disable this warning
2026-05-26T13:02:46.546+05:30  INFO 16460 --- [backend] [restartedMain] com.tour.config.SecurityConfig           : Configuring HTTP Security filters.
2026-05-26T13:02:46.547+05:30  INFO 16460 --- [backend] [restartedMain] com.tour.config.SecurityConfig           : Configuring CORS Configuration.
2026-05-26T13:02:46.995+05:30  INFO 16460 --- [backend] [restartedMain] o.s.b.d.a.OptionalLiveReloadServer       : LiveReload server is running on port 35729
2026-05-26T13:02:47.014+05:30  INFO 16460 --- [backend] [restartedMain] o.s.b.w.embedded.tomcat.TomcatWebServer  : Tomcat started on port 8080 (http) with context path '/'
2026-05-26T13:02:47.018+05:30  INFO 16460 --- [backend] [restartedMain] com.tour.BackendApplication              : Started BackendApplication in 1.813 seconds (process running for 454.655)
2026-05-26T13:02:47.019+05:30  WARN 16460 --- [backend] [restartedMain] o.s.core.events.SpringDocAppInitializer  : SpringDoc /v3/api-docs endpoint is enabled by default. To disable it in production, set the property 'springdoc.api-docs.enabled=false'
2026-05-26T13:02:47.019+05:30  WARN 16460 --- [backend] [restartedMain] o.s.core.events.SpringDocAppInitializer  : SpringDoc /swagger-ui.html endpoint is enabled by default. To disable it in production, set the property 'springdoc.swagger-ui.enabled=false'
2026-05-26T13:02:47.020+05:30  INFO 16460 --- [backend] [restartedMain] .ConditionEvaluationDeltaLoggingListener : Condition evaluation unchanged
2026-05-26T13:02:48.437+05:30  INFO 16460 --- [backend] [File Watcher] rtingClassPathChangeChangedEventListener : Restarting due to 1 class path change (1 addition, 0 deletions, 0 modifications)
2026-05-26T13:02:48.438+05:30  INFO 16460 --- [backend] [Thread-18] o.s.b.w.e.tomcat.GracefulShutdown        : Commencing graceful shutdown. Waiting for active requests to complete
2026-05-26T13:02:48.445+05:30  INFO 16460 --- [backend] [tomcat-shutdown] o.s.b.w.e.tomcat.GracefulShutdown        : Graceful shutdown complete
2026-05-26T13:02:48.448+05:30  INFO 16460 --- [backend] [Thread-18] j.LocalContainerEntityManagerFactoryBean : Closing JPA EntityManagerFactory for persistence unit 'default'
2026-05-26T13:02:48.449+05:30  INFO 16460 --- [backend] [Thread-18] com.zaxxer.hikari.HikariDataSource       : HikariPool-5 - Shutdown initiated...
2026-05-26T13:02:48.453+05:30  INFO 16460 --- [backend] [Thread-18] com.zaxxer.hikari.HikariDataSource       : HikariPool-5 - Shutdown completed.
2026-05-26T13:02:48.520+05:30  INFO 16460 --- [backend] [restartedMain] com.tour.BackendApplication              : Starting BackendApplication using Java 21.0.4 with PID 16460 (C:\Users\rakes\IdeaProjects\tour-app\backend\target\classes started by rakes in C:\Users\rakes\IdeaProjects\tour-app\backend)
2026-05-26T13:02:48.521+05:30  INFO 16460 --- [backend] [restartedMain] com.tour.BackendApplication              : No active profile set, falling back to 1 default profile: "default"
2026-05-26T13:02:48.743+05:30  INFO 16460 --- [backend] [restartedMain] .s.d.r.c.RepositoryConfigurationDelegate : Bootstrapping Spring Data JPA repositories in DEFAULT mode.
2026-05-26T13:02:48.767+05:30  INFO 16460 --- [backend] [restartedMain] .s.d.r.c.RepositoryConfigurationDelegate : Finished Spring Data repository scanning in 23 ms. Found 6 JPA repository interfaces.
2026-05-26T13:02:48.893+05:30  INFO 16460 --- [backend] [restartedMain] o.s.b.w.embedded.tomcat.TomcatWebServer  : Tomcat initialized with port 8080 (http)
2026-05-26T13:02:48.894+05:30  INFO 16460 --- [backend] [restartedMain] o.apache.catalina.core.StandardService   : Starting service [Tomcat]
2026-05-26T13:02:48.894+05:30  INFO 16460 --- [backend] [restartedMain] o.apache.catalina.core.StandardEngine    : Starting Servlet engine: [Apache Tomcat/10.1.54]
2026-05-26T13:02:48.913+05:30  INFO 16460 --- [backend] [restartedMain] o.a.c.c.C.[Tomcat-1].[localhost].[/]     : Initializing Spring embedded WebApplicationContext
2026-05-26T13:02:48.913+05:30  INFO 16460 --- [backend] [restartedMain] w.s.c.ServletWebServerApplicationContext : Root WebApplicationContext: initialization completed in 390 ms
2026-05-26T13:02:48.920+05:30  INFO 16460 --- [backend] [restartedMain] com.tour.service.JwtService              : Generating a new secret key.
2026-05-26T13:02:48.920+05:30  INFO 16460 --- [backend] [restartedMain] com.tour.service.JwtService              : Secret key generated successfully.
2026-05-26T13:02:48.954+05:30  INFO 16460 --- [backend] [restartedMain] o.hibernate.jpa.internal.util.LogHelper  : HHH000204: Processing PersistenceUnitInfo [name: default]
2026-05-26T13:02:48.956+05:30  INFO 16460 --- [backend] [restartedMain] o.h.c.internal.RegionFactoryInitiator    : HHH000026: Second-level cache disabled
2026-05-26T13:02:48.964+05:30  INFO 16460 --- [backend] [restartedMain] o.s.o.j.p.SpringPersistenceUnitInfo      : No LoadTimeWeaver setup: ignoring JPA class transformer
2026-05-26T13:02:48.965+05:30  INFO 16460 --- [backend] [restartedMain] com.zaxxer.hikari.HikariDataSource       : HikariPool-6 - Starting...
2026-05-26T13:02:48.981+05:30  INFO 16460 --- [backend] [restartedMain] com.zaxxer.hikari.pool.HikariPool        : HikariPool-6 - Added connection com.mysql.cj.jdbc.ConnectionImpl@716dd01
2026-05-26T13:02:48.981+05:30  INFO 16460 --- [backend] [restartedMain] com.zaxxer.hikari.HikariDataSource       : HikariPool-6 - Start completed.
2026-05-26T13:02:48.982+05:30  INFO 16460 --- [backend] [restartedMain] org.hibernate.orm.connections.pooling    : HHH10001005: Database info:
	Database JDBC URL [Connecting through datasource 'HikariDataSource (HikariPool-6)']
	Database driver: undefined/unknown
	Database version: 8.0.45
	Autocommit mode: undefined/unknown
	Isolation level: undefined/unknown
	Minimum pool size: undefined/unknown
	Maximum pool size: undefined/unknown
2026-05-26T13:02:49.101+05:30  INFO 16460 --- [backend] [restartedMain] o.h.e.t.j.p.i.JtaPlatformInitiator       : HHH000489: No JTA platform available (set 'hibernate.transaction.jta.platform' to enable JTA platform integration)
2026-05-26T13:02:49.148+05:30  INFO 16460 --- [backend] [restartedMain] j.LocalContainerEntityManagerFactoryBean : Initialized JPA EntityManagerFactory for persistence unit 'default'
2026-05-26T13:02:49.264+05:30  INFO 16460 --- [backend] [restartedMain] f.a.AutowiredAnnotationBeanPostProcessor : Autowired annotation should only be used on methods with parameters: public void com.tour.controller.BookingController.init()
2026-05-26T13:02:49.400+05:30  INFO 16460 --- [backend] [restartedMain] com.tour.config.SecurityConfig           : Configuring AuthenticationManager bean.
2026-05-26T13:02:49.407+05:30  INFO 16460 --- [backend] [restartedMain] com.tour.config.SecurityConfig           : Configuring DaoAuthenticationProvider bean.
2026-05-26T13:02:49.409+05:30  INFO 16460 --- [backend] [restartedMain] eAuthenticationProviderManagerConfigurer : Global AuthenticationManager configured with AuthenticationProvider bean with name authenticationProvider
2026-05-26T13:02:49.409+05:30  WARN 16460 --- [backend] [restartedMain] r$InitializeUserDetailsManagerConfigurer : Global AuthenticationManager configured with an AuthenticationProvider bean. UserDetailsService beans will not be used by Spring Security for automatically configuring username/password login. Consider removing the AuthenticationProvider bean. Alternatively, consider using the UserDetailsService in a manually instantiated DaoAuthenticationProvider. If the current configuration is intentional, to turn off this warning, increase the logging level of 'org.springframework.security.config.annotation.authentication.configuration.InitializeUserDetailsBeanManagerConfigurer' to ERROR
2026-05-26T13:02:49.439+05:30  WARN 16460 --- [backend] [restartedMain] JpaBaseConfiguration$JpaWebConfiguration : spring.jpa.open-in-view is enabled by default. Therefore, database queries may be performed during view rendering. Explicitly configure spring.jpa.open-in-view to disable this warning
2026-05-26T13:02:49.474+05:30  INFO 16460 --- [backend] [restartedMain] com.tour.config.SecurityConfig           : Configuring HTTP Security filters.
2026-05-26T13:02:49.475+05:30  INFO 16460 --- [backend] [restartedMain] com.tour.config.SecurityConfig           : Configuring CORS Configuration.
2026-05-26T13:02:49.729+05:30  INFO 16460 --- [backend] [restartedMain] o.s.b.d.a.OptionalLiveReloadServer       : LiveReload server is running on port 35729
2026-05-26T13:02:49.744+05:30  INFO 16460 --- [backend] [restartedMain] o.s.b.w.embedded.tomcat.TomcatWebServer  : Tomcat started on port 8080 (http) with context path '/'
2026-05-26T13:02:49.747+05:30  INFO 16460 --- [backend] [restartedMain] com.tour.BackendApplication              : Started BackendApplication in 1.248 seconds (process running for 457.385)
2026-05-26T13:02:49.748+05:30  WARN 16460 --- [backend] [restartedMain] o.s.core.events.SpringDocAppInitializer  : SpringDoc /v3/api-docs endpoint is enabled by default. To disable it in production, set the property 'springdoc.api-docs.enabled=false'
2026-05-26T13:02:49.748+05:30  WARN 16460 --- [backend] [restartedMain] o.s.core.events.SpringDocAppInitializer  : SpringDoc /swagger-ui.html endpoint is enabled by default. To disable it in production, set the property 'springdoc.swagger-ui.enabled=false'
2026-05-26T13:02:49.749+05:30  INFO 16460 --- [backend] [restartedMain] .ConditionEvaluationDeltaLoggingListener : Condition evaluation unchanged
2026-05-26T13:05:58.185+05:30  INFO 16460 --- [backend] [File Watcher] rtingClassPathChangeChangedEventListener : Restarting due to 1 class path change (1 addition, 0 deletions, 0 modifications)
2026-05-26T13:05:58.186+05:30  INFO 16460 --- [backend] [Thread-22] o.s.b.w.e.tomcat.GracefulShutdown        : Commencing graceful shutdown. Waiting for active requests to complete
2026-05-26T13:05:58.191+05:30  INFO 16460 --- [backend] [tomcat-shutdown] o.s.b.w.e.tomcat.GracefulShutdown        : Graceful shutdown complete
2026-05-26T13:05:58.193+05:30  INFO 16460 --- [backend] [Thread-22] j.LocalContainerEntityManagerFactoryBean : Closing JPA EntityManagerFactory for persistence unit 'default'
2026-05-26T13:05:58.194+05:30  INFO 16460 --- [backend] [Thread-22] com.zaxxer.hikari.HikariDataSource       : HikariPool-6 - Shutdown initiated...
2026-05-26T13:05:58.198+05:30  INFO 16460 --- [backend] [Thread-22] com.zaxxer.hikari.HikariDataSource       : HikariPool-6 - Shutdown completed.
2026-05-26T13:05:58.278+05:30  INFO 16460 --- [backend] [restartedMain] com.tour.BackendApplication              : Starting BackendApplication using Java 21.0.4 with PID 16460 (C:\Users\rakes\IdeaProjects\tour-app\backend\target\classes started by rakes in C:\Users\rakes\IdeaProjects\tour-app\backend)
2026-05-26T13:05:58.278+05:30  INFO 16460 --- [backend] [restartedMain] com.tour.BackendApplication              : No active profile set, falling back to 1 default profile: "default"
2026-05-26T13:05:58.512+05:30  INFO 16460 --- [backend] [restartedMain] .s.d.r.c.RepositoryConfigurationDelegate : Bootstrapping Spring Data JPA repositories in DEFAULT mode.
2026-05-26T13:05:58.536+05:30  INFO 16460 --- [backend] [restartedMain] .s.d.r.c.RepositoryConfigurationDelegate : Finished Spring Data repository scanning in 22 ms. Found 6 JPA repository interfaces.
2026-05-26T13:05:58.660+05:30  INFO 16460 --- [backend] [restartedMain] o.s.b.w.embedded.tomcat.TomcatWebServer  : Tomcat initialized with port 8080 (http)
2026-05-26T13:05:58.661+05:30  INFO 16460 --- [backend] [restartedMain] o.apache.catalina.core.StandardService   : Starting service [Tomcat]
2026-05-26T13:05:58.661+05:30  INFO 16460 --- [backend] [restartedMain] o.apache.catalina.core.StandardEngine    : Starting Servlet engine: [Apache Tomcat/10.1.54]
2026-05-26T13:05:58.680+05:30  INFO 16460 --- [backend] [restartedMain] o.a.c.c.C.[Tomcat-1].[localhost].[/]     : Initializing Spring embedded WebApplicationContext
2026-05-26T13:05:58.680+05:30  INFO 16460 --- [backend] [restartedMain] w.s.c.ServletWebServerApplicationContext : Root WebApplicationContext: initialization completed in 399 ms
2026-05-26T13:05:58.687+05:30  INFO 16460 --- [backend] [restartedMain] com.tour.service.JwtService              : Generating a new secret key.
2026-05-26T13:05:58.687+05:30  INFO 16460 --- [backend] [restartedMain] com.tour.service.JwtService              : Secret key generated successfully.
2026-05-26T13:05:58.722+05:30  INFO 16460 --- [backend] [restartedMain] o.hibernate.jpa.internal.util.LogHelper  : HHH000204: Processing PersistenceUnitInfo [name: default]
2026-05-26T13:05:58.724+05:30  INFO 16460 --- [backend] [restartedMain] o.h.c.internal.RegionFactoryInitiator    : HHH000026: Second-level cache disabled
2026-05-26T13:05:58.731+05:30  INFO 16460 --- [backend] [restartedMain] o.s.o.j.p.SpringPersistenceUnitInfo      : No LoadTimeWeaver setup: ignoring JPA class transformer
2026-05-26T13:05:58.731+05:30  INFO 16460 --- [backend] [restartedMain] com.zaxxer.hikari.HikariDataSource       : HikariPool-7 - Starting...
2026-05-26T13:05:58.746+05:30  INFO 16460 --- [backend] [restartedMain] com.zaxxer.hikari.pool.HikariPool        : HikariPool-7 - Added connection com.mysql.cj.jdbc.ConnectionImpl@54643534
2026-05-26T13:05:58.746+05:30  INFO 16460 --- [backend] [restartedMain] com.zaxxer.hikari.HikariDataSource       : HikariPool-7 - Start completed.
2026-05-26T13:05:58.747+05:30  INFO 16460 --- [backend] [restartedMain] org.hibernate.orm.connections.pooling    : HHH10001005: Database info:
	Database JDBC URL [Connecting through datasource 'HikariDataSource (HikariPool-7)']
	Database driver: undefined/unknown
	Database version: 8.0.45
	Autocommit mode: undefined/unknown
	Isolation level: undefined/unknown
	Minimum pool size: undefined/unknown
	Maximum pool size: undefined/unknown
2026-05-26T13:05:58.842+05:30  INFO 16460 --- [backend] [restartedMain] o.h.e.t.j.p.i.JtaPlatformInitiator       : HHH000489: No JTA platform available (set 'hibernate.transaction.jta.platform' to enable JTA platform integration)
2026-05-26T13:05:58.890+05:30  INFO 16460 --- [backend] [restartedMain] j.LocalContainerEntityManagerFactoryBean : Initialized JPA EntityManagerFactory for persistence unit 'default'
2026-05-26T13:05:59.037+05:30  INFO 16460 --- [backend] [restartedMain] f.a.AutowiredAnnotationBeanPostProcessor : Autowired annotation should only be used on methods with parameters: public void com.tour.controller.BookingController.init()
2026-05-26T13:05:59.177+05:30  INFO 16460 --- [backend] [restartedMain] com.tour.config.SecurityConfig           : Configuring AuthenticationManager bean.
2026-05-26T13:05:59.184+05:30  INFO 16460 --- [backend] [restartedMain] com.tour.config.SecurityConfig           : Configuring DaoAuthenticationProvider bean.
2026-05-26T13:05:59.185+05:30  INFO 16460 --- [backend] [restartedMain] eAuthenticationProviderManagerConfigurer : Global AuthenticationManager configured with AuthenticationProvider bean with name authenticationProvider
2026-05-26T13:05:59.186+05:30  WARN 16460 --- [backend] [restartedMain] r$InitializeUserDetailsManagerConfigurer : Global AuthenticationManager configured with an AuthenticationProvider bean. UserDetailsService beans will not be used by Spring Security for automatically configuring username/password login. Consider removing the AuthenticationProvider bean. Alternatively, consider using the UserDetailsService in a manually instantiated DaoAuthenticationProvider. If the current configuration is intentional, to turn off this warning, increase the logging level of 'org.springframework.security.config.annotation.authentication.configuration.InitializeUserDetailsBeanManagerConfigurer' to ERROR
2026-05-26T13:05:59.215+05:30  WARN 16460 --- [backend] [restartedMain] JpaBaseConfiguration$JpaWebConfiguration : spring.jpa.open-in-view is enabled by default. Therefore, database queries may be performed during view rendering. Explicitly configure spring.jpa.open-in-view to disable this warning
2026-05-26T13:05:59.241+05:30  INFO 16460 --- [backend] [restartedMain] com.tour.config.SecurityConfig           : Configuring HTTP Security filters.
2026-05-26T13:05:59.242+05:30  INFO 16460 --- [backend] [restartedMain] com.tour.config.SecurityConfig           : Configuring CORS Configuration.
2026-05-26T13:05:59.275+05:30  WARN 16460 --- [backend] [restartedMain] ConfigServletWebServerApplicationContext : Exception encountered during context initialization - cancelling refresh attempt: org.springframework.beans.factory.BeanCreationException: Error creating bean with name 'securityFilterChain' defined in class path resource [com/tour/config/SecurityConfig.class]: Failed to instantiate [org.springframework.security.web.SecurityFilterChain]: Factory method 'securityFilterChain' threw exception with message: Error creating bean with name 'mvcHandlerMappingIntrospector' defined in class path resource [org/springframework/boot/autoconfigure/web/servlet/WebMvcAutoConfiguration$EnableWebMvcConfiguration.class]: Error creating bean with name 'requestMappingHandlerMapping' defined in class path resource [org/springframework/boot/autoconfigure/web/servlet/WebMvcAutoConfiguration$EnableWebMvcConfiguration.class]: Ambiguous mapping. Cannot map 'admin/lodgings' method 
com.tour.controller.LodgingController#addLodging(Lodging)
to {POST [/ || ]}: There is already '/admin/locations' bean method
com.tour.controller.LocationController#addLocation(Location) mapped.
2026-05-26T13:05:59.276+05:30  INFO 16460 --- [backend] [restartedMain] j.LocalContainerEntityManagerFactoryBean : Closing JPA EntityManagerFactory for persistence unit 'default'
2026-05-26T13:05:59.276+05:30  INFO 16460 --- [backend] [restartedMain] com.zaxxer.hikari.HikariDataSource       : HikariPool-7 - Shutdown initiated...
2026-05-26T13:05:59.292+05:30  INFO 16460 --- [backend] [restartedMain] com.zaxxer.hikari.HikariDataSource       : HikariPool-7 - Shutdown completed.
2026-05-26T13:05:59.293+05:30  INFO 16460 --- [backend] [restartedMain] o.apache.catalina.core.StandardService   : Stopping service [Tomcat]
2026-05-26T13:05:59.297+05:30  INFO 16460 --- [backend] [restartedMain] .s.b.a.l.ConditionEvaluationReportLogger : 

Error starting ApplicationContext. To display the condition evaluation report re-run your application with 'debug' enabled.
2026-05-26T13:05:59.300+05:30 ERROR 16460 --- [backend] [restartedMain] o.s.boot.SpringApplication               : Application run failed

org.springframework.beans.factory.BeanCreationException: Error creating bean with name 'securityFilterChain' defined in class path resource [com/tour/config/SecurityConfig.class]: Failed to instantiate [org.springframework.security.web.SecurityFilterChain]: Factory method 'securityFilterChain' threw exception with message: Error creating bean with name 'mvcHandlerMappingIntrospector' defined in class path resource [org/springframework/boot/autoconfigure/web/servlet/WebMvcAutoConfiguration$EnableWebMvcConfiguration.class]: Error creating bean with name 'requestMappingHandlerMapping' defined in class path resource [org/springframework/boot/autoconfigure/web/servlet/WebMvcAutoConfiguration$EnableWebMvcConfiguration.class]: Ambiguous mapping. Cannot map 'admin/lodgings' method 
com.tour.controller.LodgingController#addLodging(Lodging)
to {POST [/ || ]}: There is already '/admin/locations' bean method
com.tour.controller.LocationController#addLocation(Location) mapped.
	at org.springframework.beans.factory.support.ConstructorResolver.instantiate(ConstructorResolver.java:657) ~[spring-beans-6.2.18.jar:6.2.18]
	at org.springframework.beans.factory.support.ConstructorResolver.instantiateUsingFactoryMethod(ConstructorResolver.java:645) ~[spring-beans-6.2.18.jar:6.2.18]
	at org.springframework.beans.factory.support.AbstractAutowireCapableBeanFactory.instantiateUsingFactoryMethod(AbstractAutowireCapableBeanFactory.java:1375) ~[spring-beans-6.2.18.jar:6.2.18]
	at org.springframework.beans.factory.support.AbstractAutowireCapableBeanFactory.createBeanInstance(AbstractAutowireCapableBeanFactory.java:1205) ~[spring-beans-6.2.18.jar:6.2.18]
	at org.springframework.beans.factory.support.AbstractAutowireCapableBeanFactory.doCreateBean(AbstractAutowireCapableBeanFactory.java:569) ~[spring-beans-6.2.18.jar:6.2.18]
	at org.springframework.beans.factory.support.AbstractAutowireCapableBeanFactory.createBean(AbstractAutowireCapableBeanFactory.java:529) ~[spring-beans-6.2.18.jar:6.2.18]
	at org.springframework.beans.factory.support.AbstractBeanFactory.lambda$doGetBean$0(AbstractBeanFactory.java:339) ~[spring-beans-6.2.18.jar:6.2.18]
	at org.springframework.beans.factory.support.DefaultSingletonBeanRegistry.getSingleton(DefaultSingletonBeanRegistry.java:373) ~[spring-beans-6.2.18.jar:6.2.18]
	at org.springframework.beans.factory.support.AbstractBeanFactory.doGetBean(AbstractBeanFactory.java:337) ~[spring-beans-6.2.18.jar:6.2.18]
	at org.springframework.beans.factory.support.AbstractBeanFactory.getBean(AbstractBeanFactory.java:202) ~[spring-beans-6.2.18.jar:6.2.18]
	at org.springframework.beans.factory.support.DefaultListableBeanFactory.instantiateSingleton(DefaultListableBeanFactory.java:1228) ~[spring-beans-6.2.18.jar:6.2.18]
	at org.springframework.beans.factory.support.DefaultListableBeanFactory.preInstantiateSingleton(DefaultListableBeanFactory.java:1194) ~[spring-beans-6.2.18.jar:6.2.18]
	at org.springframework.beans.factory.support.DefaultListableBeanFactory.preInstantiateSingletons(DefaultListableBeanFactory.java:1130) ~[spring-beans-6.2.18.jar:6.2.18]
	at org.springframework.context.support.AbstractApplicationContext.finishBeanFactoryInitialization(AbstractApplicationContext.java:991) ~[spring-context-6.2.18.jar:6.2.18]
	at org.springframework.context.support.AbstractApplicationContext.refresh(AbstractApplicationContext.java:628) ~[spring-context-6.2.18.jar:6.2.18]
	at org.springframework.boot.web.servlet.context.ServletWebServerApplicationContext.refresh(ServletWebServerApplicationContext.java:146) ~[spring-boot-3.5.14.jar:3.5.14]
	at org.springframework.boot.SpringApplication.refresh(SpringApplication.java:752) ~[spring-boot-3.5.14.jar:3.5.14]
	at org.springframework.boot.SpringApplication.refreshContext(SpringApplication.java:439) ~[spring-boot-3.5.14.jar:3.5.14]
	at org.springframework.boot.SpringApplication.run(SpringApplication.java:318) ~[spring-boot-3.5.14.jar:3.5.14]
	at org.springframework.boot.SpringApplication.run(SpringApplication.java:1361) ~[spring-boot-3.5.14.jar:3.5.14]
	at org.springframework.boot.SpringApplication.run(SpringApplication.java:1350) ~[spring-boot-3.5.14.jar:3.5.14]
	at com.tour.BackendApplication.main(BackendApplication.java:10) ~[classes/:na]
	at java.base/jdk.internal.reflect.DirectMethodHandleAccessor.invoke(DirectMethodHandleAccessor.java:103) ~[na:na]
	at java.base/java.lang.reflect.Method.invoke(Method.java:580) ~[na:na]
	at org.springframework.boot.devtools.restart.RestartLauncher.run(RestartLauncher.java:50) ~[spring-boot-devtools-3.5.14.jar:3.5.14]
Caused by: org.springframework.beans.BeanInstantiationException: Failed to instantiate [org.springframework.security.web.SecurityFilterChain]: Factory method 'securityFilterChain' threw exception with message: Error creating bean with name 'mvcHandlerMappingIntrospector' defined in class path resource [org/springframework/boot/autoconfigure/web/servlet/WebMvcAutoConfiguration$EnableWebMvcConfiguration.class]: Error creating bean with name 'requestMappingHandlerMapping' defined in class path resource [org/springframework/boot/autoconfigure/web/servlet/WebMvcAutoConfiguration$EnableWebMvcConfiguration.class]: Ambiguous mapping. Cannot map 'admin/lodgings' method 
com.tour.controller.LodgingController#addLodging(Lodging)
to {POST [/ || ]}: There is already '/admin/locations' bean method
com.tour.controller.LocationController#addLocation(Location) mapped.
	at org.springframework.beans.factory.support.SimpleInstantiationStrategy.lambda$instantiate$0(SimpleInstantiationStrategy.java:200) ~[spring-beans-6.2.18.jar:6.2.18]
	at org.springframework.beans.factory.support.SimpleInstantiationStrategy.instantiateWithFactoryMethod(SimpleInstantiationStrategy.java:89) ~[spring-beans-6.2.18.jar:6.2.18]
	at org.springframework.beans.factory.support.SimpleInstantiationStrategy.instantiate(SimpleInstantiationStrategy.java:169) ~[spring-beans-6.2.18.jar:6.2.18]
	at org.springframework.beans.factory.support.ConstructorResolver.instantiate(ConstructorResolver.java:653) ~[spring-beans-6.2.18.jar:6.2.18]
	... 24 common frames omitted
Caused by: org.springframework.beans.factory.BeanCreationException: Error creating bean with name 'mvcHandlerMappingIntrospector' defined in class path resource [org/springframework/boot/autoconfigure/web/servlet/WebMvcAutoConfiguration$EnableWebMvcConfiguration.class]: Error creating bean with name 'requestMappingHandlerMapping' defined in class path resource [org/springframework/boot/autoconfigure/web/servlet/WebMvcAutoConfiguration$EnableWebMvcConfiguration.class]: Ambiguous mapping. Cannot map 'admin/lodgings' method 
com.tour.controller.LodgingController#addLodging(Lodging)
to {POST [/ || ]}: There is already '/admin/locations' bean method
com.tour.controller.LocationController#addLocation(Location) mapped.
	at org.springframework.beans.factory.support.AbstractAutowireCapableBeanFactory.initializeBean(AbstractAutowireCapableBeanFactory.java:1826) ~[spring-beans-6.2.18.jar:6.2.18]
	at org.springframework.beans.factory.support.AbstractAutowireCapableBeanFactory.doCreateBean(AbstractAutowireCapableBeanFactory.java:607) ~[spring-beans-6.2.18.jar:6.2.18]
	at org.springframework.beans.factory.support.AbstractAutowireCapableBeanFactory.createBean(AbstractAutowireCapableBeanFactory.java:529) ~[spring-beans-6.2.18.jar:6.2.18]
	at org.springframework.beans.factory.support.AbstractBeanFactory.lambda$doGetBean$0(AbstractBeanFactory.java:339) ~[spring-beans-6.2.18.jar:6.2.18]
	at org.springframework.beans.factory.support.DefaultSingletonBeanRegistry.getSingleton(DefaultSingletonBeanRegistry.java:373) ~[spring-beans-6.2.18.jar:6.2.18]
	at org.springframework.beans.factory.support.AbstractBeanFactory.doGetBean(AbstractBeanFactory.java:337) ~[spring-beans-6.2.18.jar:6.2.18]
	at org.springframework.beans.factory.support.AbstractBeanFactory.getBean(AbstractBeanFactory.java:207) ~[spring-beans-6.2.18.jar:6.2.18]
	at org.springframework.context.support.AbstractApplicationContext.getBean(AbstractApplicationContext.java:1302) ~[spring-context-6.2.18.jar:6.2.18]
	at org.springframework.security.config.annotation.web.AbstractRequestMatcherRegistry.createMvcMatchers(AbstractRequestMatcherRegistry.java:126) ~[spring-security-config-6.5.10.jar:6.5.10]
	at org.springframework.security.config.annotation.web.AbstractRequestMatcherRegistry.requestMatchers(AbstractRequestMatcherRegistry.java:226) ~[spring-security-config-6.5.10.jar:6.5.10]
	at org.springframework.security.config.annotation.web.AbstractRequestMatcherRegistry.requestMatchers(AbstractRequestMatcherRegistry.java:304) ~[spring-security-config-6.5.10.jar:6.5.10]
	at com.tour.config.SecurityConfig.lambda$securityFilterChain$2(SecurityConfig.java:74) ~[classes/:na]
	at org.springframework.security.config.annotation.web.builders.HttpSecurity.authorizeHttpRequests(HttpSecurity.java:1491) ~[spring-security-config-6.5.10.jar:6.5.10]
	at com.tour.config.SecurityConfig.securityFilterChain(SecurityConfig.java:73) ~[classes/:na]
	at com.tour.config.SecurityConfig$$SpringCGLIB$$0.CGLIB$securityFilterChain$0(<generated>) ~[classes/:na]
	at com.tour.config.SecurityConfig$$SpringCGLIB$$FastClass$$1.invoke(<generated>) ~[classes/:na]
	at org.springframework.cglib.proxy.MethodProxy.invokeSuper(MethodProxy.java:258) ~[spring-core-6.2.18.jar:6.2.18]
	at org.springframework.context.annotation.ConfigurationClassEnhancer$BeanMethodInterceptor.intercept(ConfigurationClassEnhancer.java:400) ~[spring-context-6.2.18.jar:6.2.18]
	at com.tour.config.SecurityConfig$$SpringCGLIB$$0.securityFilterChain(<generated>) ~[classes/:na]
	at java.base/jdk.internal.reflect.DirectMethodHandleAccessor.invoke(DirectMethodHandleAccessor.java:103) ~[na:na]
	at java.base/java.lang.reflect.Method.invoke(Method.java:580) ~[na:na]
	at org.springframework.beans.factory.support.SimpleInstantiationStrategy.lambda$instantiate$0(SimpleInstantiationStrategy.java:172) ~[spring-beans-6.2.18.jar:6.2.18]
	... 27 common frames omitted
Caused by: org.springframework.beans.factory.BeanCreationException: Error creating bean with name 'requestMappingHandlerMapping' defined in class path resource [org/springframework/boot/autoconfigure/web/servlet/WebMvcAutoConfiguration$EnableWebMvcConfiguration.class]: Ambiguous mapping. Cannot map 'admin/lodgings' method 
com.tour.controller.LodgingController#addLodging(Lodging)
to {POST [/ || ]}: There is already '/admin/locations' bean method
com.tour.controller.LocationController#addLocation(Location) mapped.
	at org.springframework.beans.factory.support.AbstractAutowireCapableBeanFactory.initializeBean(AbstractAutowireCapableBeanFactory.java:1826) ~[spring-beans-6.2.18.jar:6.2.18]
	at org.springframework.beans.factory.support.AbstractAutowireCapableBeanFactory.doCreateBean(AbstractAutowireCapableBeanFactory.java:607) ~[spring-beans-6.2.18.jar:6.2.18]
	at org.springframework.beans.factory.support.AbstractAutowireCapableBeanFactory.createBean(AbstractAutowireCapableBeanFactory.java:529) ~[spring-beans-6.2.18.jar:6.2.18]
	at org.springframework.beans.factory.support.AbstractBeanFactory.lambda$doGetBean$0(AbstractBeanFactory.java:339) ~[spring-beans-6.2.18.jar:6.2.18]
	at org.springframework.beans.factory.support.DefaultSingletonBeanRegistry.getSingleton(DefaultSingletonBeanRegistry.java:373) ~[spring-beans-6.2.18.jar:6.2.18]
	at org.springframework.beans.factory.support.AbstractBeanFactory.doGetBean(AbstractBeanFactory.java:337) ~[spring-beans-6.2.18.jar:6.2.18]
	at org.springframework.beans.factory.support.AbstractBeanFactory.getBean(AbstractBeanFactory.java:202) ~[spring-beans-6.2.18.jar:6.2.18]
	at org.springframework.beans.factory.support.DefaultListableBeanFactory.getBeansOfType(DefaultListableBeanFactory.java:748) ~[spring-beans-6.2.18.jar:6.2.18]
	at org.springframework.context.support.AbstractApplicationContext.getBeansOfType(AbstractApplicationContext.java:1450) ~[spring-context-6.2.18.jar:6.2.18]
	at org.springframework.beans.factory.BeanFactoryUtils.beansOfTypeIncludingAncestors(BeanFactoryUtils.java:372) ~[spring-beans-6.2.18.jar:6.2.18]
	at org.springframework.web.servlet.handler.HandlerMappingIntrospector.initHandlerMappings(HandlerMappingIntrospector.java:159) ~[spring-webmvc-6.2.18.jar:6.2.18]
	at org.springframework.web.servlet.handler.HandlerMappingIntrospector.afterPropertiesSet(HandlerMappingIntrospector.java:146) ~[spring-webmvc-6.2.18.jar:6.2.18]
	at org.springframework.beans.factory.support.AbstractAutowireCapableBeanFactory.invokeInitMethods(AbstractAutowireCapableBeanFactory.java:1873) ~[spring-beans-6.2.18.jar:6.2.18]
	at org.springframework.beans.factory.support.AbstractAutowireCapableBeanFactory.initializeBean(AbstractAutowireCapableBeanFactory.java:1822) ~[spring-beans-6.2.18.jar:6.2.18]
	... 48 common frames omitted
Caused by: java.lang.IllegalStateException: Ambiguous mapping. Cannot map 'admin/lodgings' method 
com.tour.controller.LodgingController#addLodging(Lodging)
to {POST [/ || ]}: There is already '/admin/locations' bean method
com.tour.controller.LocationController#addLocation(Location) mapped.
	at org.springframework.web.servlet.handler.AbstractHandlerMethodMapping$MappingRegistry.validateMethodMapping(AbstractHandlerMethodMapping.java:677) ~[spring-webmvc-6.2.18.jar:6.2.18]
	at org.springframework.web.servlet.handler.AbstractHandlerMethodMapping$MappingRegistry.register(AbstractHandlerMethodMapping.java:637) ~[spring-webmvc-6.2.18.jar:6.2.18]
	at org.springframework.web.servlet.handler.AbstractHandlerMethodMapping.registerHandlerMethod(AbstractHandlerMethodMapping.java:331) ~[spring-webmvc-6.2.18.jar:6.2.18]
	at org.springframework.web.servlet.mvc.method.annotation.RequestMappingHandlerMapping.registerHandlerMethod(RequestMappingHandlerMapping.java:507) ~[spring-webmvc-6.2.18.jar:6.2.18]
	at org.springframework.web.servlet.mvc.method.annotation.RequestMappingHandlerMapping.registerHandlerMethod(RequestMappingHandlerMapping.java:84) ~[spring-webmvc-6.2.18.jar:6.2.18]
	at org.springframework.web.servlet.handler.AbstractHandlerMethodMapping.lambda$detectHandlerMethods$2(AbstractHandlerMethodMapping.java:298) ~[spring-webmvc-6.2.18.jar:6.2.18]
	at java.base/java.util.LinkedHashMap.forEach(LinkedHashMap.java:986) ~[na:na]
	at org.springframework.web.servlet.handler.AbstractHandlerMethodMapping.detectHandlerMethods(AbstractHandlerMethodMapping.java:296) ~[spring-webmvc-6.2.18.jar:6.2.18]
	at org.springframework.web.servlet.handler.AbstractHandlerMethodMapping.processCandidateBean(AbstractHandlerMethodMapping.java:265) ~[spring-webmvc-6.2.18.jar:6.2.18]
	at org.springframework.web.servlet.handler.AbstractHandlerMethodMapping.initHandlerMethods(AbstractHandlerMethodMapping.java:224) ~[spring-webmvc-6.2.18.jar:6.2.18]
	at org.springframework.web.servlet.handler.AbstractHandlerMethodMapping.afterPropertiesSet(AbstractHandlerMethodMapping.java:212) ~[spring-webmvc-6.2.18.jar:6.2.18]
	at org.springframework.web.servlet.mvc.method.annotation.RequestMappingHandlerMapping.afterPropertiesSet(RequestMappingHandlerMapping.java:237) ~[spring-webmvc-6.2.18.jar:6.2.18]
	at org.springframework.beans.factory.support.AbstractAutowireCapableBeanFactory.invokeInitMethods(AbstractAutowireCapableBeanFactory.java:1873) ~[spring-beans-6.2.18.jar:6.2.18]
	at org.springframework.beans.factory.support.AbstractAutowireCapableBeanFactory.initializeBean(AbstractAutowireCapableBeanFactory.java:1822) ~[spring-beans-6.2.18.jar:6.2.18]
	... 61 common frames omitted

2026-05-26T13:09:09.848+05:30  INFO 16460 --- [backend] [restartedMain] com.tour.BackendApplication              : Starting BackendApplication using Java 21.0.4 with PID 16460 (C:\Users\rakes\IdeaProjects\tour-app\backend\target\classes started by rakes in C:\Users\rakes\IdeaProjects\tour-app\backend)
2026-05-26T13:09:09.849+05:30  INFO 16460 --- [backend] [restartedMain] com.tour.BackendApplication              : No active profile set, falling back to 1 default profile: "default"
2026-05-26T13:09:10.133+05:30  INFO 16460 --- [backend] [restartedMain] .s.d.r.c.RepositoryConfigurationDelegate : Bootstrapping Spring Data JPA repositories in DEFAULT mode.
2026-05-26T13:09:10.156+05:30  INFO 16460 --- [backend] [restartedMain] .s.d.r.c.RepositoryConfigurationDelegate : Finished Spring Data repository scanning in 22 ms. Found 6 JPA repository interfaces.
2026-05-26T13:09:10.300+05:30  INFO 16460 --- [backend] [restartedMain] o.s.b.w.embedded.tomcat.TomcatWebServer  : Tomcat initialized with port 8080 (http)
2026-05-26T13:09:10.300+05:30  INFO 16460 --- [backend] [restartedMain] o.apache.catalina.core.StandardService   : Starting service [Tomcat]
2026-05-26T13:09:10.300+05:30  INFO 16460 --- [backend] [restartedMain] o.apache.catalina.core.StandardEngine    : Starting Servlet engine: [Apache Tomcat/10.1.54]
2026-05-26T13:09:10.321+05:30  INFO 16460 --- [backend] [restartedMain] o.a.c.c.C.[Tomcat-2].[localhost].[/]     : Initializing Spring embedded WebApplicationContext
2026-05-26T13:09:10.321+05:30  INFO 16460 --- [backend] [restartedMain] w.s.c.ServletWebServerApplicationContext : Root WebApplicationContext: initialization completed in 469 ms
2026-05-26T13:09:10.328+05:30  INFO 16460 --- [backend] [restartedMain] com.tour.service.JwtService              : Generating a new secret key.
2026-05-26T13:09:10.329+05:30  INFO 16460 --- [backend] [restartedMain] com.tour.service.JwtService              : Secret key generated successfully.
2026-05-26T13:09:10.363+05:30  INFO 16460 --- [backend] [restartedMain] o.hibernate.jpa.internal.util.LogHelper  : HHH000204: Processing PersistenceUnitInfo [name: default]
2026-05-26T13:09:10.365+05:30  INFO 16460 --- [backend] [restartedMain] o.h.c.internal.RegionFactoryInitiator    : HHH000026: Second-level cache disabled
2026-05-26T13:09:10.372+05:30  INFO 16460 --- [backend] [restartedMain] o.s.o.j.p.SpringPersistenceUnitInfo      : No LoadTimeWeaver setup: ignoring JPA class transformer
2026-05-26T13:09:10.373+05:30  INFO 16460 --- [backend] [restartedMain] com.zaxxer.hikari.HikariDataSource       : HikariPool-8 - Starting...
2026-05-26T13:09:10.386+05:30  INFO 16460 --- [backend] [restartedMain] com.zaxxer.hikari.pool.HikariPool        : HikariPool-8 - Added connection com.mysql.cj.jdbc.ConnectionImpl@7bc17380
2026-05-26T13:09:10.387+05:30  INFO 16460 --- [backend] [restartedMain] com.zaxxer.hikari.HikariDataSource       : HikariPool-8 - Start completed.
2026-05-26T13:09:10.389+05:30  INFO 16460 --- [backend] [restartedMain] org.hibernate.orm.connections.pooling    : HHH10001005: Database info:
	Database JDBC URL [Connecting through datasource 'HikariDataSource (HikariPool-8)']
	Database driver: undefined/unknown
	Database version: 8.0.45
	Autocommit mode: undefined/unknown
	Isolation level: undefined/unknown
	Minimum pool size: undefined/unknown
	Maximum pool size: undefined/unknown
2026-05-26T13:09:10.529+05:30  INFO 16460 --- [backend] [restartedMain] o.h.e.t.j.p.i.JtaPlatformInitiator       : HHH000489: No JTA platform available (set 'hibernate.transaction.jta.platform' to enable JTA platform integration)
2026-05-26T13:09:10.579+05:30  INFO 16460 --- [backend] [restartedMain] j.LocalContainerEntityManagerFactoryBean : Initialized JPA EntityManagerFactory for persistence unit 'default'
2026-05-26T13:09:10.733+05:30  INFO 16460 --- [backend] [restartedMain] f.a.AutowiredAnnotationBeanPostProcessor : Autowired annotation should only be used on methods with parameters: public void com.tour.controller.BookingController.init()
2026-05-26T13:09:10.899+05:30  INFO 16460 --- [backend] [restartedMain] com.tour.config.SecurityConfig           : Configuring AuthenticationManager bean.
2026-05-26T13:09:10.906+05:30  INFO 16460 --- [backend] [restartedMain] com.tour.config.SecurityConfig           : Configuring DaoAuthenticationProvider bean.
2026-05-26T13:09:10.907+05:30  INFO 16460 --- [backend] [restartedMain] eAuthenticationProviderManagerConfigurer : Global AuthenticationManager configured with AuthenticationProvider bean with name authenticationProvider
2026-05-26T13:09:10.908+05:30  WARN 16460 --- [backend] [restartedMain] r$InitializeUserDetailsManagerConfigurer : Global AuthenticationManager configured with an AuthenticationProvider bean. UserDetailsService beans will not be used by Spring Security for automatically configuring username/password login. Consider removing the AuthenticationProvider bean. Alternatively, consider using the UserDetailsService in a manually instantiated DaoAuthenticationProvider. If the current configuration is intentional, to turn off this warning, increase the logging level of 'org.springframework.security.config.annotation.authentication.configuration.InitializeUserDetailsBeanManagerConfigurer' to ERROR
2026-05-26T13:09:10.941+05:30  WARN 16460 --- [backend] [restartedMain] JpaBaseConfiguration$JpaWebConfiguration : spring.jpa.open-in-view is enabled by default. Therefore, database queries may be performed during view rendering. Explicitly configure spring.jpa.open-in-view to disable this warning
2026-05-26T13:09:10.970+05:30  INFO 16460 --- [backend] [restartedMain] com.tour.config.SecurityConfig           : Configuring HTTP Security filters.
2026-05-26T13:09:10.971+05:30  INFO 16460 --- [backend] [restartedMain] com.tour.config.SecurityConfig           : Configuring CORS Configuration.
2026-05-26T13:09:11.309+05:30  INFO 16460 --- [backend] [restartedMain] o.s.b.d.a.OptionalLiveReloadServer       : LiveReload server is running on port 35729
2026-05-26T13:09:11.339+05:30  INFO 16460 --- [backend] [restartedMain] o.s.b.w.embedded.tomcat.TomcatWebServer  : Tomcat started on port 8080 (http) with context path '/'
2026-05-26T13:09:11.359+05:30  INFO 16460 --- [backend] [restartedMain] com.tour.BackendApplication              : Started BackendApplication in 1.553 seconds (process running for 838.996)
2026-05-26T13:09:11.360+05:30  WARN 16460 --- [backend] [restartedMain] o.s.core.events.SpringDocAppInitializer  : SpringDoc /v3/api-docs endpoint is enabled by default. To disable it in production, set the property 'springdoc.api-docs.enabled=false'
2026-05-26T13:09:11.361+05:30  WARN 16460 --- [backend] [restartedMain] o.s.core.events.SpringDocAppInitializer  : SpringDoc /swagger-ui.html endpoint is enabled by default. To disable it in production, set the property 'springdoc.swagger-ui.enabled=false'
2026-05-26T13:09:11.362+05:30  INFO 16460 --- [backend] [restartedMain] .ConditionEvaluationDeltaLoggingListener : Condition evaluation unchanged
2026-05-26T13:09:12.749+05:30  INFO 16460 --- [backend] [File Watcher] rtingClassPathChangeChangedEventListener : Restarting due to 2 class path changes (2 additions, 0 deletions, 0 modifications)
2026-05-26T13:09:12.751+05:30  INFO 16460 --- [backend] [Thread-26] o.s.b.w.e.tomcat.GracefulShutdown        : Commencing graceful shutdown. Waiting for active requests to complete
2026-05-26T13:09:12.759+05:30  INFO 16460 --- [backend] [tomcat-shutdown] o.s.b.w.e.tomcat.GracefulShutdown        : Graceful shutdown complete
2026-05-26T13:09:12.762+05:30  INFO 16460 --- [backend] [Thread-26] j.LocalContainerEntityManagerFactoryBean : Closing JPA EntityManagerFactory for persistence unit 'default'
2026-05-26T13:09:12.763+05:30  INFO 16460 --- [backend] [Thread-26] com.zaxxer.hikari.HikariDataSource       : HikariPool-8 - Shutdown initiated...
2026-05-26T13:09:12.766+05:30  INFO 16460 --- [backend] [Thread-26] com.zaxxer.hikari.HikariDataSource       : HikariPool-8 - Shutdown completed.
2026-05-26T13:09:12.859+05:30  INFO 16460 --- [backend] [restartedMain] com.tour.BackendApplication              : Starting BackendApplication using Java 21.0.4 with PID 16460 (C:\Users\rakes\IdeaProjects\tour-app\backend\target\classes started by rakes in C:\Users\rakes\IdeaProjects\tour-app\backend)
2026-05-26T13:09:12.859+05:30  INFO 16460 --- [backend] [restartedMain] com.tour.BackendApplication              : No active profile set, falling back to 1 default profile: "default"
2026-05-26T13:09:13.066+05:30  INFO 16460 --- [backend] [restartedMain] .s.d.r.c.RepositoryConfigurationDelegate : Bootstrapping Spring Data JPA repositories in DEFAULT mode.
2026-05-26T13:09:13.089+05:30  INFO 16460 --- [backend] [restartedMain] .s.d.r.c.RepositoryConfigurationDelegate : Finished Spring Data repository scanning in 22 ms. Found 6 JPA repository interfaces.
2026-05-26T13:09:13.206+05:30  INFO 16460 --- [backend] [restartedMain] o.s.b.w.embedded.tomcat.TomcatWebServer  : Tomcat initialized with port 8080 (http)
2026-05-26T13:09:13.206+05:30  INFO 16460 --- [backend] [restartedMain] o.apache.catalina.core.StandardService   : Starting service [Tomcat]
2026-05-26T13:09:13.206+05:30  INFO 16460 --- [backend] [restartedMain] o.apache.catalina.core.StandardEngine    : Starting Servlet engine: [Apache Tomcat/10.1.54]
2026-05-26T13:09:13.227+05:30  INFO 16460 --- [backend] [restartedMain] o.a.c.c.C.[Tomcat-2].[localhost].[/]     : Initializing Spring embedded WebApplicationContext
2026-05-26T13:09:13.227+05:30  INFO 16460 --- [backend] [restartedMain] w.s.c.ServletWebServerApplicationContext : Root WebApplicationContext: initialization completed in 366 ms
2026-05-26T13:09:13.235+05:30  INFO 16460 --- [backend] [restartedMain] com.tour.service.JwtService              : Generating a new secret key.
2026-05-26T13:09:13.235+05:30  INFO 16460 --- [backend] [restartedMain] com.tour.service.JwtService              : Secret key generated successfully.
2026-05-26T13:09:13.267+05:30  INFO 16460 --- [backend] [restartedMain] o.hibernate.jpa.internal.util.LogHelper  : HHH000204: Processing PersistenceUnitInfo [name: default]
2026-05-26T13:09:13.269+05:30  INFO 16460 --- [backend] [restartedMain] o.h.c.internal.RegionFactoryInitiator    : HHH000026: Second-level cache disabled
2026-05-26T13:09:13.275+05:30  INFO 16460 --- [backend] [restartedMain] o.s.o.j.p.SpringPersistenceUnitInfo      : No LoadTimeWeaver setup: ignoring JPA class transformer
2026-05-26T13:09:13.276+05:30  INFO 16460 --- [backend] [restartedMain] com.zaxxer.hikari.HikariDataSource       : HikariPool-9 - Starting...
2026-05-26T13:09:13.289+05:30  INFO 16460 --- [backend] [restartedMain] com.zaxxer.hikari.pool.HikariPool        : HikariPool-9 - Added connection com.mysql.cj.jdbc.ConnectionImpl@47104893
2026-05-26T13:09:13.289+05:30  INFO 16460 --- [backend] [restartedMain] com.zaxxer.hikari.HikariDataSource       : HikariPool-9 - Start completed.
2026-05-26T13:09:13.291+05:30  INFO 16460 --- [backend] [restartedMain] org.hibernate.orm.connections.pooling    : HHH10001005: Database info:
	Database JDBC URL [Connecting through datasource 'HikariDataSource (HikariPool-9)']
	Database driver: undefined/unknown
	Database version: 8.0.45
	Autocommit mode: undefined/unknown
	Isolation level: undefined/unknown
	Minimum pool size: undefined/unknown
	Maximum pool size: undefined/unknown
2026-05-26T13:09:13.381+05:30  INFO 16460 --- [backend] [restartedMain] o.h.e.t.j.p.i.JtaPlatformInitiator       : HHH000489: No JTA platform available (set 'hibernate.transaction.jta.platform' to enable JTA platform integration)
2026-05-26T13:09:13.424+05:30  INFO 16460 --- [backend] [restartedMain] j.LocalContainerEntityManagerFactoryBean : Initialized JPA EntityManagerFactory for persistence unit 'default'
2026-05-26T13:09:13.564+05:30  INFO 16460 --- [backend] [restartedMain] f.a.AutowiredAnnotationBeanPostProcessor : Autowired annotation should only be used on methods with parameters: public void com.tour.controller.BookingController.init()
2026-05-26T13:09:13.699+05:30  WARN 16460 --- [backend] [restartedMain] ConfigServletWebServerApplicationContext : Exception encountered during context initialization - cancelling refresh attempt: org.springframework.beans.factory.UnsatisfiedDependencyException: Error creating bean with name '/admin/tours': Unsatisfied dependency expressed through field 'cloudinaryImageService': No qualifying bean of type 'com.tour.service.CloudinaryImageService' available: expected at least 1 bean which qualifies as autowire candidate. Dependency annotations: {@org.springframework.beans.factory.annotation.Autowired(required=true)}
2026-05-26T13:09:13.700+05:30  INFO 16460 --- [backend] [restartedMain] j.LocalContainerEntityManagerFactoryBean : Closing JPA EntityManagerFactory for persistence unit 'default'
2026-05-26T13:09:13.700+05:30  INFO 16460 --- [backend] [restartedMain] com.zaxxer.hikari.HikariDataSource       : HikariPool-9 - Shutdown initiated...
2026-05-26T13:09:13.730+05:30  INFO 16460 --- [backend] [restartedMain] com.zaxxer.hikari.HikariDataSource       : HikariPool-9 - Shutdown completed.
2026-05-26T13:09:13.730+05:30  INFO 16460 --- [backend] [restartedMain] o.apache.catalina.core.StandardService   : Stopping service [Tomcat]
2026-05-26T13:09:13.735+05:30  INFO 16460 --- [backend] [restartedMain] .s.b.a.l.ConditionEvaluationReportLogger : 

Error starting ApplicationContext. To display the condition evaluation report re-run your application with 'debug' enabled.
2026-05-26T13:09:13.740+05:30 ERROR 16460 --- [backend] [restartedMain] o.s.b.d.LoggingFailureAnalysisReporter   : 

***************************
APPLICATION FAILED TO START
***************************

Description:

Field cloudinaryImageService in com.tour.controller.TourController required a bean of type 'com.tour.service.CloudinaryImageService' that could not be found.

The injection point has the following annotations:
	- @org.springframework.beans.factory.annotation.Autowired(required=true)


Action:

Consider defining a bean of type 'com.tour.service.CloudinaryImageService' in your configuration.

2026-05-26T13:10:30.382+05:30  INFO 16460 --- [backend] [restartedMain] com.tour.BackendApplication              : Starting BackendApplication using Java 21.0.4 with PID 16460 (C:\Users\rakes\IdeaProjects\tour-app\backend\target\classes started by rakes in C:\Users\rakes\IdeaProjects\tour-app\backend)
2026-05-26T13:10:30.383+05:30  INFO 16460 --- [backend] [restartedMain] com.tour.BackendApplication              : No active profile set, falling back to 1 default profile: "default"
2026-05-26T13:10:30.823+05:30  INFO 16460 --- [backend] [restartedMain] .s.d.r.c.RepositoryConfigurationDelegate : Bootstrapping Spring Data JPA repositories in DEFAULT mode.
2026-05-26T13:10:30.855+05:30  INFO 16460 --- [backend] [restartedMain] .s.d.r.c.RepositoryConfigurationDelegate : Finished Spring Data repository scanning in 31 ms. Found 6 JPA repository interfaces.
2026-05-26T13:10:31.039+05:30  INFO 16460 --- [backend] [restartedMain] o.s.b.w.embedded.tomcat.TomcatWebServer  : Tomcat initialized with port 8080 (http)
2026-05-26T13:10:31.040+05:30  INFO 16460 --- [backend] [restartedMain] o.apache.catalina.core.StandardService   : Starting service [Tomcat]
2026-05-26T13:10:31.040+05:30  INFO 16460 --- [backend] [restartedMain] o.apache.catalina.core.StandardEngine    : Starting Servlet engine: [Apache Tomcat/10.1.54]
2026-05-26T13:10:31.069+05:30  INFO 16460 --- [backend] [restartedMain] o.a.c.c.C.[Tomcat-3].[localhost].[/]     : Initializing Spring embedded WebApplicationContext
2026-05-26T13:10:31.070+05:30  INFO 16460 --- [backend] [restartedMain] w.s.c.ServletWebServerApplicationContext : Root WebApplicationContext: initialization completed in 685 ms
2026-05-26T13:10:31.077+05:30  INFO 16460 --- [backend] [restartedMain] com.tour.service.JwtService              : Generating a new secret key.
2026-05-26T13:10:31.077+05:30  INFO 16460 --- [backend] [restartedMain] com.tour.service.JwtService              : Secret key generated successfully.
2026-05-26T13:10:31.115+05:30  INFO 16460 --- [backend] [restartedMain] o.hibernate.jpa.internal.util.LogHelper  : HHH000204: Processing PersistenceUnitInfo [name: default]
2026-05-26T13:10:31.117+05:30  INFO 16460 --- [backend] [restartedMain] o.h.c.internal.RegionFactoryInitiator    : HHH000026: Second-level cache disabled
2026-05-26T13:10:31.124+05:30  INFO 16460 --- [backend] [restartedMain] o.s.o.j.p.SpringPersistenceUnitInfo      : No LoadTimeWeaver setup: ignoring JPA class transformer
2026-05-26T13:10:31.124+05:30  INFO 16460 --- [backend] [restartedMain] com.zaxxer.hikari.HikariDataSource       : HikariPool-10 - Starting...
2026-05-26T13:10:31.137+05:30  INFO 16460 --- [backend] [restartedMain] com.zaxxer.hikari.pool.HikariPool        : HikariPool-10 - Added connection com.mysql.cj.jdbc.ConnectionImpl@2bd81daa
2026-05-26T13:10:31.137+05:30  INFO 16460 --- [backend] [restartedMain] com.zaxxer.hikari.HikariDataSource       : HikariPool-10 - Start completed.
2026-05-26T13:10:31.138+05:30  INFO 16460 --- [backend] [restartedMain] org.hibernate.orm.connections.pooling    : HHH10001005: Database info:
	Database JDBC URL [Connecting through datasource 'HikariDataSource (HikariPool-10)']
	Database driver: undefined/unknown
	Database version: 8.0.45
	Autocommit mode: undefined/unknown
	Isolation level: undefined/unknown
	Minimum pool size: undefined/unknown
	Maximum pool size: undefined/unknown
2026-05-26T13:10:31.258+05:30  INFO 16460 --- [backend] [restartedMain] o.h.e.t.j.p.i.JtaPlatformInitiator       : HHH000489: No JTA platform available (set 'hibernate.transaction.jta.platform' to enable JTA platform integration)
2026-05-26T13:10:31.325+05:30  INFO 16460 --- [backend] [restartedMain] j.LocalContainerEntityManagerFactoryBean : Initialized JPA EntityManagerFactory for persistence unit 'default'
2026-05-26T13:10:31.479+05:30  INFO 16460 --- [backend] [restartedMain] f.a.AutowiredAnnotationBeanPostProcessor : Autowired annotation should only be used on methods with parameters: public void com.tour.controller.BookingController.init()
2026-05-26T13:10:31.666+05:30  WARN 16460 --- [backend] [restartedMain] ConfigServletWebServerApplicationContext : Exception encountered during context initialization - cancelling refresh attempt: org.springframework.beans.factory.UnsatisfiedDependencyException: Error creating bean with name '/admin/tours': Unsatisfied dependency expressed through field 'cloudinaryImageService': No qualifying bean of type 'com.tour.service.CloudinaryImageService' available: expected at least 1 bean which qualifies as autowire candidate. Dependency annotations: {@org.springframework.beans.factory.annotation.Autowired(required=true)}
2026-05-26T13:10:31.666+05:30  INFO 16460 --- [backend] [restartedMain] j.LocalContainerEntityManagerFactoryBean : Closing JPA EntityManagerFactory for persistence unit 'default'
2026-05-26T13:10:31.667+05:30  INFO 16460 --- [backend] [restartedMain] com.zaxxer.hikari.HikariDataSource       : HikariPool-10 - Shutdown initiated...
2026-05-26T13:10:31.702+05:30  INFO 16460 --- [backend] [restartedMain] com.zaxxer.hikari.HikariDataSource       : HikariPool-10 - Shutdown completed.
2026-05-26T13:10:31.703+05:30  INFO 16460 --- [backend] [restartedMain] o.apache.catalina.core.StandardService   : Stopping service [Tomcat]
2026-05-26T13:10:31.708+05:30  INFO 16460 --- [backend] [restartedMain] .s.b.a.l.ConditionEvaluationReportLogger : 

Error starting ApplicationContext. To display the condition evaluation report re-run your application with 'debug' enabled.
2026-05-26T13:10:31.714+05:30 ERROR 16460 --- [backend] [restartedMain] o.s.b.d.LoggingFailureAnalysisReporter   : 

***************************
APPLICATION FAILED TO START
***************************

Description:

Field cloudinaryImageService in com.tour.controller.TourController required a bean of type 'com.tour.service.CloudinaryImageService' that could not be found.

The injection point has the following annotations:
	- @org.springframework.beans.factory.annotation.Autowired(required=true)


Action:

Consider defining a bean of type 'com.tour.service.CloudinaryImageService' in your configuration.

2026-05-26T13:10:33.179+05:30  INFO 16460 --- [backend] [restartedMain] com.tour.BackendApplication              : Starting BackendApplication using Java 21.0.4 with PID 16460 (C:\Users\rakes\IdeaProjects\tour-app\backend\target\classes started by rakes in C:\Users\rakes\IdeaProjects\tour-app\backend)
2026-05-26T13:10:33.180+05:30  INFO 16460 --- [backend] [restartedMain] com.tour.BackendApplication              : No active profile set, falling back to 1 default profile: "default"
2026-05-26T13:10:33.431+05:30  INFO 16460 --- [backend] [restartedMain] .s.d.r.c.RepositoryConfigurationDelegate : Bootstrapping Spring Data JPA repositories in DEFAULT mode.
2026-05-26T13:10:33.455+05:30  INFO 16460 --- [backend] [restartedMain] .s.d.r.c.RepositoryConfigurationDelegate : Finished Spring Data repository scanning in 23 ms. Found 6 JPA repository interfaces.
2026-05-26T13:10:33.606+05:30  INFO 16460 --- [backend] [restartedMain] o.s.b.w.embedded.tomcat.TomcatWebServer  : Tomcat initialized with port 8080 (http)
2026-05-26T13:10:33.607+05:30  INFO 16460 --- [backend] [restartedMain] o.apache.catalina.core.StandardService   : Starting service [Tomcat]
2026-05-26T13:10:33.607+05:30  INFO 16460 --- [backend] [restartedMain] o.apache.catalina.core.StandardEngine    : Starting Servlet engine: [Apache Tomcat/10.1.54]
2026-05-26T13:10:33.637+05:30  INFO 16460 --- [backend] [restartedMain] o.a.c.c.C.[Tomcat-4].[localhost].[/]     : Initializing Spring embedded WebApplicationContext
2026-05-26T13:10:33.637+05:30  INFO 16460 --- [backend] [restartedMain] w.s.c.ServletWebServerApplicationContext : Root WebApplicationContext: initialization completed in 456 ms
2026-05-26T13:10:33.656+05:30  INFO 16460 --- [backend] [restartedMain] com.tour.service.JwtService              : Generating a new secret key.
2026-05-26T13:10:33.657+05:30  INFO 16460 --- [backend] [restartedMain] com.tour.service.JwtService              : Secret key generated successfully.
2026-05-26T13:10:33.710+05:30  INFO 16460 --- [backend] [restartedMain] o.hibernate.jpa.internal.util.LogHelper  : HHH000204: Processing PersistenceUnitInfo [name: default]
2026-05-26T13:10:33.713+05:30  INFO 16460 --- [backend] [restartedMain] o.h.c.internal.RegionFactoryInitiator    : HHH000026: Second-level cache disabled
2026-05-26T13:10:33.720+05:30  INFO 16460 --- [backend] [restartedMain] o.s.o.j.p.SpringPersistenceUnitInfo      : No LoadTimeWeaver setup: ignoring JPA class transformer
2026-05-26T13:10:33.721+05:30  INFO 16460 --- [backend] [restartedMain] com.zaxxer.hikari.HikariDataSource       : HikariPool-11 - Starting...
2026-05-26T13:10:33.733+05:30  INFO 16460 --- [backend] [restartedMain] com.zaxxer.hikari.pool.HikariPool        : HikariPool-11 - Added connection com.mysql.cj.jdbc.ConnectionImpl@117efe03
2026-05-26T13:10:33.733+05:30  INFO 16460 --- [backend] [restartedMain] com.zaxxer.hikari.HikariDataSource       : HikariPool-11 - Start completed.
2026-05-26T13:10:33.734+05:30  INFO 16460 --- [backend] [restartedMain] org.hibernate.orm.connections.pooling    : HHH10001005: Database info:
	Database JDBC URL [Connecting through datasource 'HikariDataSource (HikariPool-11)']
	Database driver: undefined/unknown
	Database version: 8.0.45
	Autocommit mode: undefined/unknown
	Isolation level: undefined/unknown
	Minimum pool size: undefined/unknown
	Maximum pool size: undefined/unknown
2026-05-26T13:10:33.858+05:30  INFO 16460 --- [backend] [restartedMain] o.h.e.t.j.p.i.JtaPlatformInitiator       : HHH000489: No JTA platform available (set 'hibernate.transaction.jta.platform' to enable JTA platform integration)
2026-05-26T13:10:33.907+05:30  INFO 16460 --- [backend] [restartedMain] j.LocalContainerEntityManagerFactoryBean : Initialized JPA EntityManagerFactory for persistence unit 'default'
2026-05-26T13:10:34.026+05:30  INFO 16460 --- [backend] [restartedMain] f.a.AutowiredAnnotationBeanPostProcessor : Autowired annotation should only be used on methods with parameters: public void com.tour.controller.BookingController.init()
2026-05-26T13:10:34.169+05:30  INFO 16460 --- [backend] [restartedMain] c.tour.service.CloudinaryImageService    : Cloudinary initialized with provided credentials.
2026-05-26T13:10:34.188+05:30  INFO 16460 --- [backend] [restartedMain] com.tour.config.SecurityConfig           : Configuring AuthenticationManager bean.
2026-05-26T13:10:34.195+05:30  INFO 16460 --- [backend] [restartedMain] com.tour.config.SecurityConfig           : Configuring DaoAuthenticationProvider bean.
2026-05-26T13:10:34.197+05:30  INFO 16460 --- [backend] [restartedMain] eAuthenticationProviderManagerConfigurer : Global AuthenticationManager configured with AuthenticationProvider bean with name authenticationProvider
2026-05-26T13:10:34.197+05:30  WARN 16460 --- [backend] [restartedMain] r$InitializeUserDetailsManagerConfigurer : Global AuthenticationManager configured with an AuthenticationProvider bean. UserDetailsService beans will not be used by Spring Security for automatically configuring username/password login. Consider removing the AuthenticationProvider bean. Alternatively, consider using the UserDetailsService in a manually instantiated DaoAuthenticationProvider. If the current configuration is intentional, to turn off this warning, increase the logging level of 'org.springframework.security.config.annotation.authentication.configuration.InitializeUserDetailsBeanManagerConfigurer' to ERROR
2026-05-26T13:10:34.227+05:30  WARN 16460 --- [backend] [restartedMain] JpaBaseConfiguration$JpaWebConfiguration : spring.jpa.open-in-view is enabled by default. Therefore, database queries may be performed during view rendering. Explicitly configure spring.jpa.open-in-view to disable this warning
2026-05-26T13:10:34.255+05:30  INFO 16460 --- [backend] [restartedMain] com.tour.config.SecurityConfig           : Configuring HTTP Security filters.
2026-05-26T13:10:34.256+05:30  INFO 16460 --- [backend] [restartedMain] com.tour.config.SecurityConfig           : Configuring CORS Configuration.
2026-05-26T13:10:34.290+05:30  WARN 16460 --- [backend] [restartedMain] ConfigServletWebServerApplicationContext : Exception encountered during context initialization - cancelling refresh attempt: org.springframework.beans.factory.BeanCreationException: Error creating bean with name 'securityFilterChain' defined in class path resource [com/tour/config/SecurityConfig.class]: Failed to instantiate [org.springframework.security.web.SecurityFilterChain]: Factory method 'securityFilterChain' threw exception with message: Error creating bean with name 'mvcHandlerMappingIntrospector' defined in class path resource [org/springframework/boot/autoconfigure/web/servlet/WebMvcAutoConfiguration$EnableWebMvcConfiguration.class]: Error creating bean with name 'requestMappingHandlerMapping' defined in class path resource [org/springframework/boot/autoconfigure/web/servlet/WebMvcAutoConfiguration$EnableWebMvcConfiguration.class]: Ambiguous mapping. Cannot map '/admin/lodgings' method 
com.tour.controller.LodgingController#addLodging(Lodging)
to {POST [/ || ]}: There is already '/admin/locations' bean method
com.tour.controller.LocationController#addLocation(Location) mapped.
2026-05-26T13:10:34.291+05:30  INFO 16460 --- [backend] [restartedMain] j.LocalContainerEntityManagerFactoryBean : Closing JPA EntityManagerFactory for persistence unit 'default'
2026-05-26T13:10:34.291+05:30  INFO 16460 --- [backend] [restartedMain] com.zaxxer.hikari.HikariDataSource       : HikariPool-11 - Shutdown initiated...
2026-05-26T13:10:34.294+05:30  INFO 16460 --- [backend] [restartedMain] com.zaxxer.hikari.HikariDataSource       : HikariPool-11 - Shutdown completed.
2026-05-26T13:10:34.295+05:30  INFO 16460 --- [backend] [restartedMain] o.apache.catalina.core.StandardService   : Stopping service [Tomcat]
2026-05-26T13:10:34.299+05:30  INFO 16460 --- [backend] [restartedMain] .s.b.a.l.ConditionEvaluationReportLogger : 

Error starting ApplicationContext. To display the condition evaluation report re-run your application with 'debug' enabled.
2026-05-26T13:10:34.302+05:30 ERROR 16460 --- [backend] [restartedMain] o.s.boot.SpringApplication               : Application run failed

org.springframework.beans.factory.BeanCreationException: Error creating bean with name 'securityFilterChain' defined in class path resource [com/tour/config/SecurityConfig.class]: Failed to instantiate [org.springframework.security.web.SecurityFilterChain]: Factory method 'securityFilterChain' threw exception with message: Error creating bean with name 'mvcHandlerMappingIntrospector' defined in class path resource [org/springframework/boot/autoconfigure/web/servlet/WebMvcAutoConfiguration$EnableWebMvcConfiguration.class]: Error creating bean with name 'requestMappingHandlerMapping' defined in class path resource [org/springframework/boot/autoconfigure/web/servlet/WebMvcAutoConfiguration$EnableWebMvcConfiguration.class]: Ambiguous mapping. Cannot map '/admin/lodgings' method 
com.tour.controller.LodgingController#addLodging(Lodging)
to {POST [/ || ]}: There is already '/admin/locations' bean method
com.tour.controller.LocationController#addLocation(Location) mapped.
	at org.springframework.beans.factory.support.ConstructorResolver.instantiate(ConstructorResolver.java:657) ~[spring-beans-6.2.18.jar:6.2.18]
	at org.springframework.beans.factory.support.ConstructorResolver.instantiateUsingFactoryMethod(ConstructorResolver.java:645) ~[spring-beans-6.2.18.jar:6.2.18]
	at org.springframework.beans.factory.support.AbstractAutowireCapableBeanFactory.instantiateUsingFactoryMethod(AbstractAutowireCapableBeanFactory.java:1375) ~[spring-beans-6.2.18.jar:6.2.18]
	at org.springframework.beans.factory.support.AbstractAutowireCapableBeanFactory.createBeanInstance(AbstractAutowireCapableBeanFactory.java:1205) ~[spring-beans-6.2.18.jar:6.2.18]
	at org.springframework.beans.factory.support.AbstractAutowireCapableBeanFactory.doCreateBean(AbstractAutowireCapableBeanFactory.java:569) ~[spring-beans-6.2.18.jar:6.2.18]
	at org.springframework.beans.factory.support.AbstractAutowireCapableBeanFactory.createBean(AbstractAutowireCapableBeanFactory.java:529) ~[spring-beans-6.2.18.jar:6.2.18]
	at org.springframework.beans.factory.support.AbstractBeanFactory.lambda$doGetBean$0(AbstractBeanFactory.java:339) ~[spring-beans-6.2.18.jar:6.2.18]
	at org.springframework.beans.factory.support.DefaultSingletonBeanRegistry.getSingleton(DefaultSingletonBeanRegistry.java:373) ~[spring-beans-6.2.18.jar:6.2.18]
	at org.springframework.beans.factory.support.AbstractBeanFactory.doGetBean(AbstractBeanFactory.java:337) ~[spring-beans-6.2.18.jar:6.2.18]
	at org.springframework.beans.factory.support.AbstractBeanFactory.getBean(AbstractBeanFactory.java:202) ~[spring-beans-6.2.18.jar:6.2.18]
	at org.springframework.beans.factory.support.DefaultListableBeanFactory.instantiateSingleton(DefaultListableBeanFactory.java:1228) ~[spring-beans-6.2.18.jar:6.2.18]
	at org.springframework.beans.factory.support.DefaultListableBeanFactory.preInstantiateSingleton(DefaultListableBeanFactory.java:1194) ~[spring-beans-6.2.18.jar:6.2.18]
	at org.springframework.beans.factory.support.DefaultListableBeanFactory.preInstantiateSingletons(DefaultListableBeanFactory.java:1130) ~[spring-beans-6.2.18.jar:6.2.18]
	at org.springframework.context.support.AbstractApplicationContext.finishBeanFactoryInitialization(AbstractApplicationContext.java:991) ~[spring-context-6.2.18.jar:6.2.18]
	at org.springframework.context.support.AbstractApplicationContext.refresh(AbstractApplicationContext.java:628) ~[spring-context-6.2.18.jar:6.2.18]
	at org.springframework.boot.web.servlet.context.ServletWebServerApplicationContext.refresh(ServletWebServerApplicationContext.java:146) ~[spring-boot-3.5.14.jar:3.5.14]
	at org.springframework.boot.SpringApplication.refresh(SpringApplication.java:752) ~[spring-boot-3.5.14.jar:3.5.14]
	at org.springframework.boot.SpringApplication.refreshContext(SpringApplication.java:439) ~[spring-boot-3.5.14.jar:3.5.14]
	at org.springframework.boot.SpringApplication.run(SpringApplication.java:318) ~[spring-boot-3.5.14.jar:3.5.14]
	at org.springframework.boot.SpringApplication.run(SpringApplication.java:1361) ~[spring-boot-3.5.14.jar:3.5.14]
	at org.springframework.boot.SpringApplication.run(SpringApplication.java:1350) ~[spring-boot-3.5.14.jar:3.5.14]
	at com.tour.BackendApplication.main(BackendApplication.java:10) ~[classes/:na]
	at java.base/jdk.internal.reflect.DirectMethodHandleAccessor.invoke(DirectMethodHandleAccessor.java:103) ~[na:na]
	at java.base/java.lang.reflect.Method.invoke(Method.java:580) ~[na:na]
	at org.springframework.boot.devtools.restart.RestartLauncher.run(RestartLauncher.java:50) ~[spring-boot-devtools-3.5.14.jar:3.5.14]
Caused by: org.springframework.beans.BeanInstantiationException: Failed to instantiate [org.springframework.security.web.SecurityFilterChain]: Factory method 'securityFilterChain' threw exception with message: Error creating bean with name 'mvcHandlerMappingIntrospector' defined in class path resource [org/springframework/boot/autoconfigure/web/servlet/WebMvcAutoConfiguration$EnableWebMvcConfiguration.class]: Error creating bean with name 'requestMappingHandlerMapping' defined in class path resource [org/springframework/boot/autoconfigure/web/servlet/WebMvcAutoConfiguration$EnableWebMvcConfiguration.class]: Ambiguous mapping. Cannot map '/admin/lodgings' method 
com.tour.controller.LodgingController#addLodging(Lodging)
to {POST [/ || ]}: There is already '/admin/locations' bean method
com.tour.controller.LocationController#addLocation(Location) mapped.
	at org.springframework.beans.factory.support.SimpleInstantiationStrategy.lambda$instantiate$0(SimpleInstantiationStrategy.java:200) ~[spring-beans-6.2.18.jar:6.2.18]
	at org.springframework.beans.factory.support.SimpleInstantiationStrategy.instantiateWithFactoryMethod(SimpleInstantiationStrategy.java:89) ~[spring-beans-6.2.18.jar:6.2.18]
	at org.springframework.beans.factory.support.SimpleInstantiationStrategy.instantiate(SimpleInstantiationStrategy.java:169) ~[spring-beans-6.2.18.jar:6.2.18]
	at org.springframework.beans.factory.support.ConstructorResolver.instantiate(ConstructorResolver.java:653) ~[spring-beans-6.2.18.jar:6.2.18]
	... 24 common frames omitted
Caused by: org.springframework.beans.factory.BeanCreationException: Error creating bean with name 'mvcHandlerMappingIntrospector' defined in class path resource [org/springframework/boot/autoconfigure/web/servlet/WebMvcAutoConfiguration$EnableWebMvcConfiguration.class]: Error creating bean with name 'requestMappingHandlerMapping' defined in class path resource [org/springframework/boot/autoconfigure/web/servlet/WebMvcAutoConfiguration$EnableWebMvcConfiguration.class]: Ambiguous mapping. Cannot map '/admin/lodgings' method 
com.tour.controller.LodgingController#addLodging(Lodging)
to {POST [/ || ]}: There is already '/admin/locations' bean method
com.tour.controller.LocationController#addLocation(Location) mapped.
	at org.springframework.beans.factory.support.AbstractAutowireCapableBeanFactory.initializeBean(AbstractAutowireCapableBeanFactory.java:1826) ~[spring-beans-6.2.18.jar:6.2.18]
	at org.springframework.beans.factory.support.AbstractAutowireCapableBeanFactory.doCreateBean(AbstractAutowireCapableBeanFactory.java:607) ~[spring-beans-6.2.18.jar:6.2.18]
	at org.springframework.beans.factory.support.AbstractAutowireCapableBeanFactory.createBean(AbstractAutowireCapableBeanFactory.java:529) ~[spring-beans-6.2.18.jar:6.2.18]
	at org.springframework.beans.factory.support.AbstractBeanFactory.lambda$doGetBean$0(AbstractBeanFactory.java:339) ~[spring-beans-6.2.18.jar:6.2.18]
	at org.springframework.beans.factory.support.DefaultSingletonBeanRegistry.getSingleton(DefaultSingletonBeanRegistry.java:373) ~[spring-beans-6.2.18.jar:6.2.18]
	at org.springframework.beans.factory.support.AbstractBeanFactory.doGetBean(AbstractBeanFactory.java:337) ~[spring-beans-6.2.18.jar:6.2.18]
	at org.springframework.beans.factory.support.AbstractBeanFactory.getBean(AbstractBeanFactory.java:207) ~[spring-beans-6.2.18.jar:6.2.18]
	at org.springframework.context.support.AbstractApplicationContext.getBean(AbstractApplicationContext.java:1302) ~[spring-context-6.2.18.jar:6.2.18]
	at org.springframework.security.config.annotation.web.AbstractRequestMatcherRegistry.createMvcMatchers(AbstractRequestMatcherRegistry.java:126) ~[spring-security-config-6.5.10.jar:6.5.10]
	at org.springframework.security.config.annotation.web.AbstractRequestMatcherRegistry.requestMatchers(AbstractRequestMatcherRegistry.java:226) ~[spring-security-config-6.5.10.jar:6.5.10]
	at org.springframework.security.config.annotation.web.AbstractRequestMatcherRegistry.requestMatchers(AbstractRequestMatcherRegistry.java:304) ~[spring-security-config-6.5.10.jar:6.5.10]
	at com.tour.config.SecurityConfig.lambda$securityFilterChain$2(SecurityConfig.java:74) ~[classes/:na]
	at org.springframework.security.config.annotation.web.builders.HttpSecurity.authorizeHttpRequests(HttpSecurity.java:1491) ~[spring-security-config-6.5.10.jar:6.5.10]
	at com.tour.config.SecurityConfig.securityFilterChain(SecurityConfig.java:73) ~[classes/:na]
	at com.tour.config.SecurityConfig$$SpringCGLIB$$0.CGLIB$securityFilterChain$0(<generated>) ~[classes/:na]
	at com.tour.config.SecurityConfig$$SpringCGLIB$$FastClass$$1.invoke(<generated>) ~[classes/:na]
	at org.springframework.cglib.proxy.MethodProxy.invokeSuper(MethodProxy.java:258) ~[spring-core-6.2.18.jar:6.2.18]
	at org.springframework.context.annotation.ConfigurationClassEnhancer$BeanMethodInterceptor.intercept(ConfigurationClassEnhancer.java:400) ~[spring-context-6.2.18.jar:6.2.18]
	at com.tour.config.SecurityConfig$$SpringCGLIB$$0.securityFilterChain(<generated>) ~[classes/:na]
	at java.base/jdk.internal.reflect.DirectMethodHandleAccessor.invoke(DirectMethodHandleAccessor.java:103) ~[na:na]
	at java.base/java.lang.reflect.Method.invoke(Method.java:580) ~[na:na]
	at org.springframework.beans.factory.support.SimpleInstantiationStrategy.lambda$instantiate$0(SimpleInstantiationStrategy.java:172) ~[spring-beans-6.2.18.jar:6.2.18]
	... 27 common frames omitted
Caused by: org.springframework.beans.factory.BeanCreationException: Error creating bean with name 'requestMappingHandlerMapping' defined in class path resource [org/springframework/boot/autoconfigure/web/servlet/WebMvcAutoConfiguration$EnableWebMvcConfiguration.class]: Ambiguous mapping. Cannot map '/admin/lodgings' method 
com.tour.controller.LodgingController#addLodging(Lodging)
to {POST [/ || ]}: There is already '/admin/locations' bean method
com.tour.controller.LocationController#addLocation(Location) mapped.
	at org.springframework.beans.factory.support.AbstractAutowireCapableBeanFactory.initializeBean(AbstractAutowireCapableBeanFactory.java:1826) ~[spring-beans-6.2.18.jar:6.2.18]
	at org.springframework.beans.factory.support.AbstractAutowireCapableBeanFactory.doCreateBean(AbstractAutowireCapableBeanFactory.java:607) ~[spring-beans-6.2.18.jar:6.2.18]
	at org.springframework.beans.factory.support.AbstractAutowireCapableBeanFactory.createBean(AbstractAutowireCapableBeanFactory.java:529) ~[spring-beans-6.2.18.jar:6.2.18]
	at org.springframework.beans.factory.support.AbstractBeanFactory.lambda$doGetBean$0(AbstractBeanFactory.java:339) ~[spring-beans-6.2.18.jar:6.2.18]
	at org.springframework.beans.factory.support.DefaultSingletonBeanRegistry.getSingleton(DefaultSingletonBeanRegistry.java:373) ~[spring-beans-6.2.18.jar:6.2.18]
	at org.springframework.beans.factory.support.AbstractBeanFactory.doGetBean(AbstractBeanFactory.java:337) ~[spring-beans-6.2.18.jar:6.2.18]
	at org.springframework.beans.factory.support.AbstractBeanFactory.getBean(AbstractBeanFactory.java:202) ~[spring-beans-6.2.18.jar:6.2.18]
	at org.springframework.beans.factory.support.DefaultListableBeanFactory.getBeansOfType(DefaultListableBeanFactory.java:748) ~[spring-beans-6.2.18.jar:6.2.18]
	at org.springframework.context.support.AbstractApplicationContext.getBeansOfType(AbstractApplicationContext.java:1450) ~[spring-context-6.2.18.jar:6.2.18]
	at org.springframework.beans.factory.BeanFactoryUtils.beansOfTypeIncludingAncestors(BeanFactoryUtils.java:372) ~[spring-beans-6.2.18.jar:6.2.18]
	at org.springframework.web.servlet.handler.HandlerMappingIntrospector.initHandlerMappings(HandlerMappingIntrospector.java:159) ~[spring-webmvc-6.2.18.jar:6.2.18]
	at org.springframework.web.servlet.handler.HandlerMappingIntrospector.afterPropertiesSet(HandlerMappingIntrospector.java:146) ~[spring-webmvc-6.2.18.jar:6.2.18]
	at org.springframework.beans.factory.support.AbstractAutowireCapableBeanFactory.invokeInitMethods(AbstractAutowireCapableBeanFactory.java:1873) ~[spring-beans-6.2.18.jar:6.2.18]
	at org.springframework.beans.factory.support.AbstractAutowireCapableBeanFactory.initializeBean(AbstractAutowireCapableBeanFactory.java:1822) ~[spring-beans-6.2.18.jar:6.2.18]
	... 48 common frames omitted
Caused by: java.lang.IllegalStateException: Ambiguous mapping. Cannot map '/admin/lodgings' method 
com.tour.controller.LodgingController#addLodging(Lodging)
to {POST [/ || ]}: There is already '/admin/locations' bean method
com.tour.controller.LocationController#addLocation(Location) mapped.
	at org.springframework.web.servlet.handler.AbstractHandlerMethodMapping$MappingRegistry.validateMethodMapping(AbstractHandlerMethodMapping.java:677) ~[spring-webmvc-6.2.18.jar:6.2.18]
	at org.springframework.web.servlet.handler.AbstractHandlerMethodMapping$MappingRegistry.register(AbstractHandlerMethodMapping.java:637) ~[spring-webmvc-6.2.18.jar:6.2.18]
	at org.springframework.web.servlet.handler.AbstractHandlerMethodMapping.registerHandlerMethod(AbstractHandlerMethodMapping.java:331) ~[spring-webmvc-6.2.18.jar:6.2.18]
	at org.springframework.web.servlet.mvc.method.annotation.RequestMappingHandlerMapping.registerHandlerMethod(RequestMappingHandlerMapping.java:507) ~[spring-webmvc-6.2.18.jar:6.2.18]
	at org.springframework.web.servlet.mvc.method.annotation.RequestMappingHandlerMapping.registerHandlerMethod(RequestMappingHandlerMapping.java:84) ~[spring-webmvc-6.2.18.jar:6.2.18]
	at org.springframework.web.servlet.handler.AbstractHandlerMethodMapping.lambda$detectHandlerMethods$2(AbstractHandlerMethodMapping.java:298) ~[spring-webmvc-6.2.18.jar:6.2.18]
	at java.base/java.util.LinkedHashMap.forEach(LinkedHashMap.java:986) ~[na:na]
	at org.springframework.web.servlet.handler.AbstractHandlerMethodMapping.detectHandlerMethods(AbstractHandlerMethodMapping.java:296) ~[spring-webmvc-6.2.18.jar:6.2.18]
	at org.springframework.web.servlet.handler.AbstractHandlerMethodMapping.processCandidateBean(AbstractHandlerMethodMapping.java:265) ~[spring-webmvc-6.2.18.jar:6.2.18]
	at org.springframework.web.servlet.handler.AbstractHandlerMethodMapping.initHandlerMethods(AbstractHandlerMethodMapping.java:224) ~[spring-webmvc-6.2.18.jar:6.2.18]
	at org.springframework.web.servlet.handler.AbstractHandlerMethodMapping.afterPropertiesSet(AbstractHandlerMethodMapping.java:212) ~[spring-webmvc-6.2.18.jar:6.2.18]
	at org.springframework.web.servlet.mvc.method.annotation.RequestMappingHandlerMapping.afterPropertiesSet(RequestMappingHandlerMapping.java:237) ~[spring-webmvc-6.2.18.jar:6.2.18]
	at org.springframework.beans.factory.support.AbstractAutowireCapableBeanFactory.invokeInitMethods(AbstractAutowireCapableBeanFactory.java:1873) ~[spring-beans-6.2.18.jar:6.2.18]
	at org.springframework.beans.factory.support.AbstractAutowireCapableBeanFactory.initializeBean(AbstractAutowireCapableBeanFactory.java:1822) ~[spring-beans-6.2.18.jar:6.2.18]
	... 61 common frames omitted

2026-05-26T13:12:21.571+05:30  INFO 16460 --- [backend] [restartedMain] com.tour.BackendApplication              : Starting BackendApplication using Java 21.0.4 with PID 16460 (C:\Users\rakes\IdeaProjects\tour-app\backend\target\classes started by rakes in C:\Users\rakes\IdeaProjects\tour-app\backend)
2026-05-26T13:12:21.572+05:30  INFO 16460 --- [backend] [restartedMain] com.tour.BackendApplication              : No active profile set, falling back to 1 default profile: "default"
2026-05-26T13:12:21.814+05:30  INFO 16460 --- [backend] [restartedMain] .s.d.r.c.RepositoryConfigurationDelegate : Bootstrapping Spring Data JPA repositories in DEFAULT mode.
2026-05-26T13:12:21.844+05:30  INFO 16460 --- [backend] [restartedMain] .s.d.r.c.RepositoryConfigurationDelegate : Finished Spring Data repository scanning in 28 ms. Found 6 JPA repository interfaces.
2026-05-26T13:12:21.970+05:30  INFO 16460 --- [backend] [restartedMain] o.s.b.w.embedded.tomcat.TomcatWebServer  : Tomcat initialized with port 8080 (http)
2026-05-26T13:12:21.970+05:30  INFO 16460 --- [backend] [restartedMain] o.apache.catalina.core.StandardService   : Starting service [Tomcat]
2026-05-26T13:12:21.970+05:30  INFO 16460 --- [backend] [restartedMain] o.apache.catalina.core.StandardEngine    : Starting Servlet engine: [Apache Tomcat/10.1.54]
2026-05-26T13:12:21.992+05:30  INFO 16460 --- [backend] [restartedMain] o.a.c.c.C.[Tomcat-5].[localhost].[/]     : Initializing Spring embedded WebApplicationContext
2026-05-26T13:12:21.992+05:30  INFO 16460 --- [backend] [restartedMain] w.s.c.ServletWebServerApplicationContext : Root WebApplicationContext: initialization completed in 419 ms
2026-05-26T13:12:22.000+05:30  INFO 16460 --- [backend] [restartedMain] com.tour.service.JwtService              : Generating a new secret key.
2026-05-26T13:12:22.001+05:30  INFO 16460 --- [backend] [restartedMain] com.tour.service.JwtService              : Secret key generated successfully.
2026-05-26T13:12:22.031+05:30  INFO 16460 --- [backend] [restartedMain] o.hibernate.jpa.internal.util.LogHelper  : HHH000204: Processing PersistenceUnitInfo [name: default]
2026-05-26T13:12:22.033+05:30  INFO 16460 --- [backend] [restartedMain] o.h.c.internal.RegionFactoryInitiator    : HHH000026: Second-level cache disabled
2026-05-26T13:12:22.038+05:30  INFO 16460 --- [backend] [restartedMain] o.s.o.j.p.SpringPersistenceUnitInfo      : No LoadTimeWeaver setup: ignoring JPA class transformer
2026-05-26T13:12:22.039+05:30  INFO 16460 --- [backend] [restartedMain] com.zaxxer.hikari.HikariDataSource       : HikariPool-12 - Starting...
2026-05-26T13:12:22.050+05:30  INFO 16460 --- [backend] [restartedMain] com.zaxxer.hikari.pool.HikariPool        : HikariPool-12 - Added connection com.mysql.cj.jdbc.ConnectionImpl@4dc689e2
2026-05-26T13:12:22.050+05:30  INFO 16460 --- [backend] [restartedMain] com.zaxxer.hikari.HikariDataSource       : HikariPool-12 - Start completed.
2026-05-26T13:12:22.051+05:30  INFO 16460 --- [backend] [restartedMain] org.hibernate.orm.connections.pooling    : HHH10001005: Database info:
	Database JDBC URL [Connecting through datasource 'HikariDataSource (HikariPool-12)']
	Database driver: undefined/unknown
	Database version: 8.0.45
	Autocommit mode: undefined/unknown
	Isolation level: undefined/unknown
	Minimum pool size: undefined/unknown
	Maximum pool size: undefined/unknown
2026-05-26T13:12:22.135+05:30  INFO 16460 --- [backend] [restartedMain] o.h.e.t.j.p.i.JtaPlatformInitiator       : HHH000489: No JTA platform available (set 'hibernate.transaction.jta.platform' to enable JTA platform integration)
2026-05-26T13:12:22.188+05:30  INFO 16460 --- [backend] [restartedMain] j.LocalContainerEntityManagerFactoryBean : Initialized JPA EntityManagerFactory for persistence unit 'default'
2026-05-26T13:12:22.320+05:30  INFO 16460 --- [backend] [restartedMain] f.a.AutowiredAnnotationBeanPostProcessor : Autowired annotation should only be used on methods with parameters: public void com.tour.controller.BookingController.init()
2026-05-26T13:12:22.499+05:30  INFO 16460 --- [backend] [restartedMain] c.tour.service.CloudinaryImageService    : Cloudinary initialized with provided credentials.
2026-05-26T13:12:22.541+05:30  INFO 16460 --- [backend] [restartedMain] com.tour.config.SecurityConfig           : Configuring AuthenticationManager bean.
2026-05-26T13:12:22.553+05:30  INFO 16460 --- [backend] [restartedMain] com.tour.config.SecurityConfig           : Configuring DaoAuthenticationProvider bean.
2026-05-26T13:12:22.556+05:30  INFO 16460 --- [backend] [restartedMain] eAuthenticationProviderManagerConfigurer : Global AuthenticationManager configured with AuthenticationProvider bean with name authenticationProvider
2026-05-26T13:12:22.558+05:30  WARN 16460 --- [backend] [restartedMain] r$InitializeUserDetailsManagerConfigurer : Global AuthenticationManager configured with an AuthenticationProvider bean. UserDetailsService beans will not be used by Spring Security for automatically configuring username/password login. Consider removing the AuthenticationProvider bean. Alternatively, consider using the UserDetailsService in a manually instantiated DaoAuthenticationProvider. If the current configuration is intentional, to turn off this warning, increase the logging level of 'org.springframework.security.config.annotation.authentication.configuration.InitializeUserDetailsBeanManagerConfigurer' to ERROR
2026-05-26T13:12:22.601+05:30  WARN 16460 --- [backend] [restartedMain] JpaBaseConfiguration$JpaWebConfiguration : spring.jpa.open-in-view is enabled by default. Therefore, database queries may be performed during view rendering. Explicitly configure spring.jpa.open-in-view to disable this warning
2026-05-26T13:12:22.629+05:30  INFO 16460 --- [backend] [restartedMain] com.tour.config.SecurityConfig           : Configuring HTTP Security filters.
2026-05-26T13:12:22.630+05:30  INFO 16460 --- [backend] [restartedMain] com.tour.config.SecurityConfig           : Configuring CORS Configuration.
2026-05-26T13:12:22.659+05:30  WARN 16460 --- [backend] [restartedMain] ConfigServletWebServerApplicationContext : Exception encountered during context initialization - cancelling refresh attempt: org.springframework.beans.factory.BeanCreationException: Error creating bean with name 'securityFilterChain' defined in class path resource [com/tour/config/SecurityConfig.class]: Failed to instantiate [org.springframework.security.web.SecurityFilterChain]: Factory method 'securityFilterChain' threw exception with message: Error creating bean with name 'mvcHandlerMappingIntrospector' defined in class path resource [org/springframework/boot/autoconfigure/web/servlet/WebMvcAutoConfiguration$EnableWebMvcConfiguration.class]: Error creating bean with name 'requestMappingHandlerMapping' defined in class path resource [org/springframework/boot/autoconfigure/web/servlet/WebMvcAutoConfiguration$EnableWebMvcConfiguration.class]: Ambiguous mapping. Cannot map '/admin/lodgings' method 
com.tour.controller.LodgingController#addLodging(Lodging)
to {POST [/ || ]}: There is already '/admin/locations' bean method
com.tour.controller.LocationController#addLocation(Location) mapped.
2026-05-26T13:12:22.660+05:30  INFO 16460 --- [backend] [restartedMain] j.LocalContainerEntityManagerFactoryBean : Closing JPA EntityManagerFactory for persistence unit 'default'
2026-05-26T13:12:22.660+05:30  INFO 16460 --- [backend] [restartedMain] com.zaxxer.hikari.HikariDataSource       : HikariPool-12 - Shutdown initiated...
2026-05-26T13:12:22.664+05:30  INFO 16460 --- [backend] [restartedMain] com.zaxxer.hikari.HikariDataSource       : HikariPool-12 - Shutdown completed.
2026-05-26T13:12:22.664+05:30  INFO 16460 --- [backend] [restartedMain] o.apache.catalina.core.StandardService   : Stopping service [Tomcat]
2026-05-26T13:12:22.668+05:30  INFO 16460 --- [backend] [restartedMain] .s.b.a.l.ConditionEvaluationReportLogger : 

Error starting ApplicationContext. To display the condition evaluation report re-run your application with 'debug' enabled.
2026-05-26T13:12:22.671+05:30 ERROR 16460 --- [backend] [restartedMain] o.s.boot.SpringApplication               : Application run failed

org.springframework.beans.factory.BeanCreationException: Error creating bean with name 'securityFilterChain' defined in class path resource [com/tour/config/SecurityConfig.class]: Failed to instantiate [org.springframework.security.web.SecurityFilterChain]: Factory method 'securityFilterChain' threw exception with message: Error creating bean with name 'mvcHandlerMappingIntrospector' defined in class path resource [org/springframework/boot/autoconfigure/web/servlet/WebMvcAutoConfiguration$EnableWebMvcConfiguration.class]: Error creating bean with name 'requestMappingHandlerMapping' defined in class path resource [org/springframework/boot/autoconfigure/web/servlet/WebMvcAutoConfiguration$EnableWebMvcConfiguration.class]: Ambiguous mapping. Cannot map '/admin/lodgings' method 
com.tour.controller.LodgingController#addLodging(Lodging)
to {POST [/ || ]}: There is already '/admin/locations' bean method
com.tour.controller.LocationController#addLocation(Location) mapped.
	at org.springframework.beans.factory.support.ConstructorResolver.instantiate(ConstructorResolver.java:657) ~[spring-beans-6.2.18.jar:6.2.18]
	at org.springframework.beans.factory.support.ConstructorResolver.instantiateUsingFactoryMethod(ConstructorResolver.java:645) ~[spring-beans-6.2.18.jar:6.2.18]
	at org.springframework.beans.factory.support.AbstractAutowireCapableBeanFactory.instantiateUsingFactoryMethod(AbstractAutowireCapableBeanFactory.java:1375) ~[spring-beans-6.2.18.jar:6.2.18]
	at org.springframework.beans.factory.support.AbstractAutowireCapableBeanFactory.createBeanInstance(AbstractAutowireCapableBeanFactory.java:1205) ~[spring-beans-6.2.18.jar:6.2.18]
	at org.springframework.beans.factory.support.AbstractAutowireCapableBeanFactory.doCreateBean(AbstractAutowireCapableBeanFactory.java:569) ~[spring-beans-6.2.18.jar:6.2.18]
	at org.springframework.beans.factory.support.AbstractAutowireCapableBeanFactory.createBean(AbstractAutowireCapableBeanFactory.java:529) ~[spring-beans-6.2.18.jar:6.2.18]
	at org.springframework.beans.factory.support.AbstractBeanFactory.lambda$doGetBean$0(AbstractBeanFactory.java:339) ~[spring-beans-6.2.18.jar:6.2.18]
	at org.springframework.beans.factory.support.DefaultSingletonBeanRegistry.getSingleton(DefaultSingletonBeanRegistry.java:373) ~[spring-beans-6.2.18.jar:6.2.18]
	at org.springframework.beans.factory.support.AbstractBeanFactory.doGetBean(AbstractBeanFactory.java:337) ~[spring-beans-6.2.18.jar:6.2.18]
	at org.springframework.beans.factory.support.AbstractBeanFactory.getBean(AbstractBeanFactory.java:202) ~[spring-beans-6.2.18.jar:6.2.18]
	at org.springframework.beans.factory.support.DefaultListableBeanFactory.instantiateSingleton(DefaultListableBeanFactory.java:1228) ~[spring-beans-6.2.18.jar:6.2.18]
	at org.springframework.beans.factory.support.DefaultListableBeanFactory.preInstantiateSingleton(DefaultListableBeanFactory.java:1194) ~[spring-beans-6.2.18.jar:6.2.18]
	at org.springframework.beans.factory.support.DefaultListableBeanFactory.preInstantiateSingletons(DefaultListableBeanFactory.java:1130) ~[spring-beans-6.2.18.jar:6.2.18]
	at org.springframework.context.support.AbstractApplicationContext.finishBeanFactoryInitialization(AbstractApplicationContext.java:991) ~[spring-context-6.2.18.jar:6.2.18]
	at org.springframework.context.support.AbstractApplicationContext.refresh(AbstractApplicationContext.java:628) ~[spring-context-6.2.18.jar:6.2.18]
	at org.springframework.boot.web.servlet.context.ServletWebServerApplicationContext.refresh(ServletWebServerApplicationContext.java:146) ~[spring-boot-3.5.14.jar:3.5.14]
	at org.springframework.boot.SpringApplication.refresh(SpringApplication.java:752) ~[spring-boot-3.5.14.jar:3.5.14]
	at org.springframework.boot.SpringApplication.refreshContext(SpringApplication.java:439) ~[spring-boot-3.5.14.jar:3.5.14]
	at org.springframework.boot.SpringApplication.run(SpringApplication.java:318) ~[spring-boot-3.5.14.jar:3.5.14]
	at org.springframework.boot.SpringApplication.run(SpringApplication.java:1361) ~[spring-boot-3.5.14.jar:3.5.14]
	at org.springframework.boot.SpringApplication.run(SpringApplication.java:1350) ~[spring-boot-3.5.14.jar:3.5.14]
	at com.tour.BackendApplication.main(BackendApplication.java:10) ~[classes/:na]
	at java.base/jdk.internal.reflect.DirectMethodHandleAccessor.invoke(DirectMethodHandleAccessor.java:103) ~[na:na]
	at java.base/java.lang.reflect.Method.invoke(Method.java:580) ~[na:na]
	at org.springframework.boot.devtools.restart.RestartLauncher.run(RestartLauncher.java:50) ~[spring-boot-devtools-3.5.14.jar:3.5.14]
Caused by: org.springframework.beans.BeanInstantiationException: Failed to instantiate [org.springframework.security.web.SecurityFilterChain]: Factory method 'securityFilterChain' threw exception with message: Error creating bean with name 'mvcHandlerMappingIntrospector' defined in class path resource [org/springframework/boot/autoconfigure/web/servlet/WebMvcAutoConfiguration$EnableWebMvcConfiguration.class]: Error creating bean with name 'requestMappingHandlerMapping' defined in class path resource [org/springframework/boot/autoconfigure/web/servlet/WebMvcAutoConfiguration$EnableWebMvcConfiguration.class]: Ambiguous mapping. Cannot map '/admin/lodgings' method 
com.tour.controller.LodgingController#addLodging(Lodging)
to {POST [/ || ]}: There is already '/admin/locations' bean method
com.tour.controller.LocationController#addLocation(Location) mapped.
	at org.springframework.beans.factory.support.SimpleInstantiationStrategy.lambda$instantiate$0(SimpleInstantiationStrategy.java:200) ~[spring-beans-6.2.18.jar:6.2.18]
	at org.springframework.beans.factory.support.SimpleInstantiationStrategy.instantiateWithFactoryMethod(SimpleInstantiationStrategy.java:89) ~[spring-beans-6.2.18.jar:6.2.18]
	at org.springframework.beans.factory.support.SimpleInstantiationStrategy.instantiate(SimpleInstantiationStrategy.java:169) ~[spring-beans-6.2.18.jar:6.2.18]
	at org.springframework.beans.factory.support.ConstructorResolver.instantiate(ConstructorResolver.java:653) ~[spring-beans-6.2.18.jar:6.2.18]
	... 24 common frames omitted
Caused by: org.springframework.beans.factory.BeanCreationException: Error creating bean with name 'mvcHandlerMappingIntrospector' defined in class path resource [org/springframework/boot/autoconfigure/web/servlet/WebMvcAutoConfiguration$EnableWebMvcConfiguration.class]: Error creating bean with name 'requestMappingHandlerMapping' defined in class path resource [org/springframework/boot/autoconfigure/web/servlet/WebMvcAutoConfiguration$EnableWebMvcConfiguration.class]: Ambiguous mapping. Cannot map '/admin/lodgings' method 
com.tour.controller.LodgingController#addLodging(Lodging)
to {POST [/ || ]}: There is already '/admin/locations' bean method
com.tour.controller.LocationController#addLocation(Location) mapped.
	at org.springframework.beans.factory.support.AbstractAutowireCapableBeanFactory.initializeBean(AbstractAutowireCapableBeanFactory.java:1826) ~[spring-beans-6.2.18.jar:6.2.18]
	at org.springframework.beans.factory.support.AbstractAutowireCapableBeanFactory.doCreateBean(AbstractAutowireCapableBeanFactory.java:607) ~[spring-beans-6.2.18.jar:6.2.18]
	at org.springframework.beans.factory.support.AbstractAutowireCapableBeanFactory.createBean(AbstractAutowireCapableBeanFactory.java:529) ~[spring-beans-6.2.18.jar:6.2.18]
	at org.springframework.beans.factory.support.AbstractBeanFactory.lambda$doGetBean$0(AbstractBeanFactory.java:339) ~[spring-beans-6.2.18.jar:6.2.18]
	at org.springframework.beans.factory.support.DefaultSingletonBeanRegistry.getSingleton(DefaultSingletonBeanRegistry.java:373) ~[spring-beans-6.2.18.jar:6.2.18]
	at org.springframework.beans.factory.support.AbstractBeanFactory.doGetBean(AbstractBeanFactory.java:337) ~[spring-beans-6.2.18.jar:6.2.18]
	at org.springframework.beans.factory.support.AbstractBeanFactory.getBean(AbstractBeanFactory.java:207) ~[spring-beans-6.2.18.jar:6.2.18]
	at org.springframework.context.support.AbstractApplicationContext.getBean(AbstractApplicationContext.java:1302) ~[spring-context-6.2.18.jar:6.2.18]
	at org.springframework.security.config.annotation.web.AbstractRequestMatcherRegistry.createMvcMatchers(AbstractRequestMatcherRegistry.java:126) ~[spring-security-config-6.5.10.jar:6.5.10]
	at org.springframework.security.config.annotation.web.AbstractRequestMatcherRegistry.requestMatchers(AbstractRequestMatcherRegistry.java:226) ~[spring-security-config-6.5.10.jar:6.5.10]
	at org.springframework.security.config.annotation.web.AbstractRequestMatcherRegistry.requestMatchers(AbstractRequestMatcherRegistry.java:304) ~[spring-security-config-6.5.10.jar:6.5.10]
	at com.tour.config.SecurityConfig.lambda$securityFilterChain$2(SecurityConfig.java:74) ~[classes/:na]
	at org.springframework.security.config.annotation.web.builders.HttpSecurity.authorizeHttpRequests(HttpSecurity.java:1491) ~[spring-security-config-6.5.10.jar:6.5.10]
	at com.tour.config.SecurityConfig.securityFilterChain(SecurityConfig.java:73) ~[classes/:na]
	at com.tour.config.SecurityConfig$$SpringCGLIB$$0.CGLIB$securityFilterChain$0(<generated>) ~[classes/:na]
	at com.tour.config.SecurityConfig$$SpringCGLIB$$FastClass$$1.invoke(<generated>) ~[classes/:na]
	at org.springframework.cglib.proxy.MethodProxy.invokeSuper(MethodProxy.java:258) ~[spring-core-6.2.18.jar:6.2.18]
	at org.springframework.context.annotation.ConfigurationClassEnhancer$BeanMethodInterceptor.intercept(ConfigurationClassEnhancer.java:400) ~[spring-context-6.2.18.jar:6.2.18]
	at com.tour.config.SecurityConfig$$SpringCGLIB$$0.securityFilterChain(<generated>) ~[classes/:na]
	at java.base/jdk.internal.reflect.DirectMethodHandleAccessor.invoke(DirectMethodHandleAccessor.java:103) ~[na:na]
	at java.base/java.lang.reflect.Method.invoke(Method.java:580) ~[na:na]
	at org.springframework.beans.factory.support.SimpleInstantiationStrategy.lambda$instantiate$0(SimpleInstantiationStrategy.java:172) ~[spring-beans-6.2.18.jar:6.2.18]
	... 27 common frames omitted
Caused by: org.springframework.beans.factory.BeanCreationException: Error creating bean with name 'requestMappingHandlerMapping' defined in class path resource [org/springframework/boot/autoconfigure/web/servlet/WebMvcAutoConfiguration$EnableWebMvcConfiguration.class]: Ambiguous mapping. Cannot map '/admin/lodgings' method 
com.tour.controller.LodgingController#addLodging(Lodging)
to {POST [/ || ]}: There is already '/admin/locations' bean method
com.tour.controller.LocationController#addLocation(Location) mapped.
	at org.springframework.beans.factory.support.AbstractAutowireCapableBeanFactory.initializeBean(AbstractAutowireCapableBeanFactory.java:1826) ~[spring-beans-6.2.18.jar:6.2.18]
	at org.springframework.beans.factory.support.AbstractAutowireCapableBeanFactory.doCreateBean(AbstractAutowireCapableBeanFactory.java:607) ~[spring-beans-6.2.18.jar:6.2.18]
	at org.springframework.beans.factory.support.AbstractAutowireCapableBeanFactory.createBean(AbstractAutowireCapableBeanFactory.java:529) ~[spring-beans-6.2.18.jar:6.2.18]
	at org.springframework.beans.factory.support.AbstractBeanFactory.lambda$doGetBean$0(AbstractBeanFactory.java:339) ~[spring-beans-6.2.18.jar:6.2.18]
	at org.springframework.beans.factory.support.DefaultSingletonBeanRegistry.getSingleton(DefaultSingletonBeanRegistry.java:373) ~[spring-beans-6.2.18.jar:6.2.18]
	at org.springframework.beans.factory.support.AbstractBeanFactory.doGetBean(AbstractBeanFactory.java:337) ~[spring-beans-6.2.18.jar:6.2.18]
	at org.springframework.beans.factory.support.AbstractBeanFactory.getBean(AbstractBeanFactory.java:202) ~[spring-beans-6.2.18.jar:6.2.18]
	at org.springframework.beans.factory.support.DefaultListableBeanFactory.getBeansOfType(DefaultListableBeanFactory.java:748) ~[spring-beans-6.2.18.jar:6.2.18]
	at org.springframework.context.support.AbstractApplicationContext.getBeansOfType(AbstractApplicationContext.java:1450) ~[spring-context-6.2.18.jar:6.2.18]
	at org.springframework.beans.factory.BeanFactoryUtils.beansOfTypeIncludingAncestors(BeanFactoryUtils.java:372) ~[spring-beans-6.2.18.jar:6.2.18]
	at org.springframework.web.servlet.handler.HandlerMappingIntrospector.initHandlerMappings(HandlerMappingIntrospector.java:159) ~[spring-webmvc-6.2.18.jar:6.2.18]
	at org.springframework.web.servlet.handler.HandlerMappingIntrospector.afterPropertiesSet(HandlerMappingIntrospector.java:146) ~[spring-webmvc-6.2.18.jar:6.2.18]
	at org.springframework.beans.factory.support.AbstractAutowireCapableBeanFactory.invokeInitMethods(AbstractAutowireCapableBeanFactory.java:1873) ~[spring-beans-6.2.18.jar:6.2.18]
	at org.springframework.beans.factory.support.AbstractAutowireCapableBeanFactory.initializeBean(AbstractAutowireCapableBeanFactory.java:1822) ~[spring-beans-6.2.18.jar:6.2.18]
	... 48 common frames omitted
Caused by: java.lang.IllegalStateException: Ambiguous mapping. Cannot map '/admin/lodgings' method 
com.tour.controller.LodgingController#addLodging(Lodging)
to {POST [/ || ]}: There is already '/admin/locations' bean method
com.tour.controller.LocationController#addLocation(Location) mapped.
	at org.springframework.web.servlet.handler.AbstractHandlerMethodMapping$MappingRegistry.validateMethodMapping(AbstractHandlerMethodMapping.java:677) ~[spring-webmvc-6.2.18.jar:6.2.18]
	at org.springframework.web.servlet.handler.AbstractHandlerMethodMapping$MappingRegistry.register(AbstractHandlerMethodMapping.java:637) ~[spring-webmvc-6.2.18.jar:6.2.18]
	at org.springframework.web.servlet.handler.AbstractHandlerMethodMapping.registerHandlerMethod(AbstractHandlerMethodMapping.java:331) ~[spring-webmvc-6.2.18.jar:6.2.18]
	at org.springframework.web.servlet.mvc.method.annotation.RequestMappingHandlerMapping.registerHandlerMethod(RequestMappingHandlerMapping.java:507) ~[spring-webmvc-6.2.18.jar:6.2.18]
	at org.springframework.web.servlet.mvc.method.annotation.RequestMappingHandlerMapping.registerHandlerMethod(RequestMappingHandlerMapping.java:84) ~[spring-webmvc-6.2.18.jar:6.2.18]
	at org.springframework.web.servlet.handler.AbstractHandlerMethodMapping.lambda$detectHandlerMethods$2(AbstractHandlerMethodMapping.java:298) ~[spring-webmvc-6.2.18.jar:6.2.18]
	at java.base/java.util.LinkedHashMap.forEach(LinkedHashMap.java:986) ~[na:na]
	at org.springframework.web.servlet.handler.AbstractHandlerMethodMapping.detectHandlerMethods(AbstractHandlerMethodMapping.java:296) ~[spring-webmvc-6.2.18.jar:6.2.18]
	at org.springframework.web.servlet.handler.AbstractHandlerMethodMapping.processCandidateBean(AbstractHandlerMethodMapping.java:265) ~[spring-webmvc-6.2.18.jar:6.2.18]
	at org.springframework.web.servlet.handler.AbstractHandlerMethodMapping.initHandlerMethods(AbstractHandlerMethodMapping.java:224) ~[spring-webmvc-6.2.18.jar:6.2.18]
	at org.springframework.web.servlet.handler.AbstractHandlerMethodMapping.afterPropertiesSet(AbstractHandlerMethodMapping.java:212) ~[spring-webmvc-6.2.18.jar:6.2.18]
	at org.springframework.web.servlet.mvc.method.annotation.RequestMappingHandlerMapping.afterPropertiesSet(RequestMappingHandlerMapping.java:237) ~[spring-webmvc-6.2.18.jar:6.2.18]
	at org.springframework.beans.factory.support.AbstractAutowireCapableBeanFactory.invokeInitMethods(AbstractAutowireCapableBeanFactory.java:1873) ~[spring-beans-6.2.18.jar:6.2.18]
	at org.springframework.beans.factory.support.AbstractAutowireCapableBeanFactory.initializeBean(AbstractAutowireCapableBeanFactory.java:1822) ~[spring-beans-6.2.18.jar:6.2.18]
	... 61 common frames omitted

2026-05-26T13:13:26.781+05:30  INFO 16460 --- [backend] [restartedMain] com.tour.BackendApplication              : Starting BackendApplication using Java 21.0.4 with PID 16460 (C:\Users\rakes\IdeaProjects\tour-app\backend\target\classes started by rakes in C:\Users\rakes\IdeaProjects\tour-app\backend)
2026-05-26T13:13:26.781+05:30  INFO 16460 --- [backend] [restartedMain] com.tour.BackendApplication              : No active profile set, falling back to 1 default profile: "default"
2026-05-26T13:13:27.294+05:30  INFO 16460 --- [backend] [restartedMain] .s.d.r.c.RepositoryConfigurationDelegate : Bootstrapping Spring Data JPA repositories in DEFAULT mode.
2026-05-26T13:13:27.322+05:30  INFO 16460 --- [backend] [restartedMain] .s.d.r.c.RepositoryConfigurationDelegate : Finished Spring Data repository scanning in 27 ms. Found 6 JPA repository interfaces.
2026-05-26T13:13:27.472+05:30  INFO 16460 --- [backend] [restartedMain] o.s.b.w.embedded.tomcat.TomcatWebServer  : Tomcat initialized with port 8080 (http)
2026-05-26T13:13:27.472+05:30  INFO 16460 --- [backend] [restartedMain] o.apache.catalina.core.StandardService   : Starting service [Tomcat]
2026-05-26T13:13:27.473+05:30  INFO 16460 --- [backend] [restartedMain] o.apache.catalina.core.StandardEngine    : Starting Servlet engine: [Apache Tomcat/10.1.54]
2026-05-26T13:13:27.501+05:30  INFO 16460 --- [backend] [restartedMain] o.a.c.c.C.[Tomcat-6].[localhost].[/]     : Initializing Spring embedded WebApplicationContext
2026-05-26T13:13:27.501+05:30  INFO 16460 --- [backend] [restartedMain] w.s.c.ServletWebServerApplicationContext : Root WebApplicationContext: initialization completed in 717 ms
2026-05-26T13:13:27.512+05:30  INFO 16460 --- [backend] [restartedMain] com.tour.service.JwtService              : Generating a new secret key.
2026-05-26T13:13:27.512+05:30  INFO 16460 --- [backend] [restartedMain] com.tour.service.JwtService              : Secret key generated successfully.
2026-05-26T13:13:27.566+05:30  INFO 16460 --- [backend] [restartedMain] o.hibernate.jpa.internal.util.LogHelper  : HHH000204: Processing PersistenceUnitInfo [name: default]
2026-05-26T13:13:27.570+05:30  INFO 16460 --- [backend] [restartedMain] o.h.c.internal.RegionFactoryInitiator    : HHH000026: Second-level cache disabled
2026-05-26T13:13:27.583+05:30  INFO 16460 --- [backend] [restartedMain] o.s.o.j.p.SpringPersistenceUnitInfo      : No LoadTimeWeaver setup: ignoring JPA class transformer
2026-05-26T13:13:27.584+05:30  INFO 16460 --- [backend] [restartedMain] com.zaxxer.hikari.HikariDataSource       : HikariPool-13 - Starting...
2026-05-26T13:13:27.601+05:30  INFO 16460 --- [backend] [restartedMain] com.zaxxer.hikari.pool.HikariPool        : HikariPool-13 - Added connection com.mysql.cj.jdbc.ConnectionImpl@2716b176
2026-05-26T13:13:27.601+05:30  INFO 16460 --- [backend] [restartedMain] com.zaxxer.hikari.HikariDataSource       : HikariPool-13 - Start completed.
2026-05-26T13:13:27.603+05:30  INFO 16460 --- [backend] [restartedMain] org.hibernate.orm.connections.pooling    : HHH10001005: Database info:
	Database JDBC URL [Connecting through datasource 'HikariDataSource (HikariPool-13)']
	Database driver: undefined/unknown
	Database version: 8.0.45
	Autocommit mode: undefined/unknown
	Isolation level: undefined/unknown
	Minimum pool size: undefined/unknown
	Maximum pool size: undefined/unknown
2026-05-26T13:13:27.702+05:30  INFO 16460 --- [backend] [restartedMain] o.h.e.t.j.p.i.JtaPlatformInitiator       : HHH000489: No JTA platform available (set 'hibernate.transaction.jta.platform' to enable JTA platform integration)
2026-05-26T13:13:27.750+05:30  INFO 16460 --- [backend] [restartedMain] j.LocalContainerEntityManagerFactoryBean : Initialized JPA EntityManagerFactory for persistence unit 'default'
2026-05-26T13:13:27.877+05:30  INFO 16460 --- [backend] [restartedMain] f.a.AutowiredAnnotationBeanPostProcessor : Autowired annotation should only be used on methods with parameters: public void com.tour.controller.BookingController.init()
2026-05-26T13:13:28.029+05:30  INFO 16460 --- [backend] [restartedMain] c.tour.service.CloudinaryImageService    : Cloudinary initialized with provided credentials.
2026-05-26T13:13:28.053+05:30  INFO 16460 --- [backend] [restartedMain] com.tour.config.SecurityConfig           : Configuring AuthenticationManager bean.
2026-05-26T13:13:28.063+05:30  INFO 16460 --- [backend] [restartedMain] com.tour.config.SecurityConfig           : Configuring DaoAuthenticationProvider bean.
2026-05-26T13:13:28.064+05:30  INFO 16460 --- [backend] [restartedMain] eAuthenticationProviderManagerConfigurer : Global AuthenticationManager configured with AuthenticationProvider bean with name authenticationProvider
2026-05-26T13:13:28.065+05:30  WARN 16460 --- [backend] [restartedMain] r$InitializeUserDetailsManagerConfigurer : Global AuthenticationManager configured with an AuthenticationProvider bean. UserDetailsService beans will not be used by Spring Security for automatically configuring username/password login. Consider removing the AuthenticationProvider bean. Alternatively, consider using the UserDetailsService in a manually instantiated DaoAuthenticationProvider. If the current configuration is intentional, to turn off this warning, increase the logging level of 'org.springframework.security.config.annotation.authentication.configuration.InitializeUserDetailsBeanManagerConfigurer' to ERROR
2026-05-26T13:13:28.093+05:30  WARN 16460 --- [backend] [restartedMain] JpaBaseConfiguration$JpaWebConfiguration : spring.jpa.open-in-view is enabled by default. Therefore, database queries may be performed during view rendering. Explicitly configure spring.jpa.open-in-view to disable this warning
2026-05-26T13:13:28.122+05:30  INFO 16460 --- [backend] [restartedMain] com.tour.config.SecurityConfig           : Configuring HTTP Security filters.
2026-05-26T13:13:28.123+05:30  INFO 16460 --- [backend] [restartedMain] com.tour.config.SecurityConfig           : Configuring CORS Configuration.
2026-05-26T13:13:28.154+05:30  WARN 16460 --- [backend] [restartedMain] ConfigServletWebServerApplicationContext : Exception encountered during context initialization - cancelling refresh attempt: org.springframework.beans.factory.BeanCreationException: Error creating bean with name 'securityFilterChain' defined in class path resource [com/tour/config/SecurityConfig.class]: Failed to instantiate [org.springframework.security.web.SecurityFilterChain]: Factory method 'securityFilterChain' threw exception with message: Error creating bean with name 'mvcHandlerMappingIntrospector' defined in class path resource [org/springframework/boot/autoconfigure/web/servlet/WebMvcAutoConfiguration$EnableWebMvcConfiguration.class]: Error creating bean with name 'requestMappingHandlerMapping' defined in class path resource [org/springframework/boot/autoconfigure/web/servlet/WebMvcAutoConfiguration$EnableWebMvcConfiguration.class]: Ambiguous mapping. Cannot map '/admin/lodgings' method 
com.tour.controller.LodgingController#addLodging(Lodging)
to {POST [/ || ]}: There is already '/admin/locations' bean method
com.tour.controller.LocationController#addLocation(Location) mapped.
2026-05-26T13:13:28.155+05:30  INFO 16460 --- [backend] [restartedMain] j.LocalContainerEntityManagerFactoryBean : Closing JPA EntityManagerFactory for persistence unit 'default'
2026-05-26T13:13:28.155+05:30  INFO 16460 --- [backend] [restartedMain] com.zaxxer.hikari.HikariDataSource       : HikariPool-13 - Shutdown initiated...
2026-05-26T13:13:28.159+05:30  INFO 16460 --- [backend] [restartedMain] com.zaxxer.hikari.HikariDataSource       : HikariPool-13 - Shutdown completed.
2026-05-26T13:13:28.160+05:30  INFO 16460 --- [backend] [restartedMain] o.apache.catalina.core.StandardService   : Stopping service [Tomcat]
2026-05-26T13:13:28.165+05:30  INFO 16460 --- [backend] [restartedMain] .s.b.a.l.ConditionEvaluationReportLogger : 

Error starting ApplicationContext. To display the condition evaluation report re-run your application with 'debug' enabled.
2026-05-26T13:13:28.169+05:30 ERROR 16460 --- [backend] [restartedMain] o.s.boot.SpringApplication               : Application run failed

org.springframework.beans.factory.BeanCreationException: Error creating bean with name 'securityFilterChain' defined in class path resource [com/tour/config/SecurityConfig.class]: Failed to instantiate [org.springframework.security.web.SecurityFilterChain]: Factory method 'securityFilterChain' threw exception with message: Error creating bean with name 'mvcHandlerMappingIntrospector' defined in class path resource [org/springframework/boot/autoconfigure/web/servlet/WebMvcAutoConfiguration$EnableWebMvcConfiguration.class]: Error creating bean with name 'requestMappingHandlerMapping' defined in class path resource [org/springframework/boot/autoconfigure/web/servlet/WebMvcAutoConfiguration$EnableWebMvcConfiguration.class]: Ambiguous mapping. Cannot map '/admin/lodgings' method 
com.tour.controller.LodgingController#addLodging(Lodging)
to {POST [/ || ]}: There is already '/admin/locations' bean method
com.tour.controller.LocationController#addLocation(Location) mapped.
	at org.springframework.beans.factory.support.ConstructorResolver.instantiate(ConstructorResolver.java:657) ~[spring-beans-6.2.18.jar:6.2.18]
	at org.springframework.beans.factory.support.ConstructorResolver.instantiateUsingFactoryMethod(ConstructorResolver.java:645) ~[spring-beans-6.2.18.jar:6.2.18]
	at org.springframework.beans.factory.support.AbstractAutowireCapableBeanFactory.instantiateUsingFactoryMethod(AbstractAutowireCapableBeanFactory.java:1375) ~[spring-beans-6.2.18.jar:6.2.18]
	at org.springframework.beans.factory.support.AbstractAutowireCapableBeanFactory.createBeanInstance(AbstractAutowireCapableBeanFactory.java:1205) ~[spring-beans-6.2.18.jar:6.2.18]
	at org.springframework.beans.factory.support.AbstractAutowireCapableBeanFactory.doCreateBean(AbstractAutowireCapableBeanFactory.java:569) ~[spring-beans-6.2.18.jar:6.2.18]
	at org.springframework.beans.factory.support.AbstractAutowireCapableBeanFactory.createBean(AbstractAutowireCapableBeanFactory.java:529) ~[spring-beans-6.2.18.jar:6.2.18]
	at org.springframework.beans.factory.support.AbstractBeanFactory.lambda$doGetBean$0(AbstractBeanFactory.java:339) ~[spring-beans-6.2.18.jar:6.2.18]
	at org.springframework.beans.factory.support.DefaultSingletonBeanRegistry.getSingleton(DefaultSingletonBeanRegistry.java:373) ~[spring-beans-6.2.18.jar:6.2.18]
	at org.springframework.beans.factory.support.AbstractBeanFactory.doGetBean(AbstractBeanFactory.java:337) ~[spring-beans-6.2.18.jar:6.2.18]
	at org.springframework.beans.factory.support.AbstractBeanFactory.getBean(AbstractBeanFactory.java:202) ~[spring-beans-6.2.18.jar:6.2.18]
	at org.springframework.beans.factory.support.DefaultListableBeanFactory.instantiateSingleton(DefaultListableBeanFactory.java:1228) ~[spring-beans-6.2.18.jar:6.2.18]
	at org.springframework.beans.factory.support.DefaultListableBeanFactory.preInstantiateSingleton(DefaultListableBeanFactory.java:1194) ~[spring-beans-6.2.18.jar:6.2.18]
	at org.springframework.beans.factory.support.DefaultListableBeanFactory.preInstantiateSingletons(DefaultListableBeanFactory.java:1130) ~[spring-beans-6.2.18.jar:6.2.18]
	at org.springframework.context.support.AbstractApplicationContext.finishBeanFactoryInitialization(AbstractApplicationContext.java:991) ~[spring-context-6.2.18.jar:6.2.18]
	at org.springframework.context.support.AbstractApplicationContext.refresh(AbstractApplicationContext.java:628) ~[spring-context-6.2.18.jar:6.2.18]
	at org.springframework.boot.web.servlet.context.ServletWebServerApplicationContext.refresh(ServletWebServerApplicationContext.java:146) ~[spring-boot-3.5.14.jar:3.5.14]
	at org.springframework.boot.SpringApplication.refresh(SpringApplication.java:752) ~[spring-boot-3.5.14.jar:3.5.14]
	at org.springframework.boot.SpringApplication.refreshContext(SpringApplication.java:439) ~[spring-boot-3.5.14.jar:3.5.14]
	at org.springframework.boot.SpringApplication.run(SpringApplication.java:318) ~[spring-boot-3.5.14.jar:3.5.14]
	at org.springframework.boot.SpringApplication.run(SpringApplication.java:1361) ~[spring-boot-3.5.14.jar:3.5.14]
	at org.springframework.boot.SpringApplication.run(SpringApplication.java:1350) ~[spring-boot-3.5.14.jar:3.5.14]
	at com.tour.BackendApplication.main(BackendApplication.java:10) ~[classes/:na]
	at java.base/jdk.internal.reflect.DirectMethodHandleAccessor.invoke(DirectMethodHandleAccessor.java:103) ~[na:na]
	at java.base/java.lang.reflect.Method.invoke(Method.java:580) ~[na:na]
	at org.springframework.boot.devtools.restart.RestartLauncher.run(RestartLauncher.java:50) ~[spring-boot-devtools-3.5.14.jar:3.5.14]
Caused by: org.springframework.beans.BeanInstantiationException: Failed to instantiate [org.springframework.security.web.SecurityFilterChain]: Factory method 'securityFilterChain' threw exception with message: Error creating bean with name 'mvcHandlerMappingIntrospector' defined in class path resource [org/springframework/boot/autoconfigure/web/servlet/WebMvcAutoConfiguration$EnableWebMvcConfiguration.class]: Error creating bean with name 'requestMappingHandlerMapping' defined in class path resource [org/springframework/boot/autoconfigure/web/servlet/WebMvcAutoConfiguration$EnableWebMvcConfiguration.class]: Ambiguous mapping. Cannot map '/admin/lodgings' method 
com.tour.controller.LodgingController#addLodging(Lodging)
to {POST [/ || ]}: There is already '/admin/locations' bean method
com.tour.controller.LocationController#addLocation(Location) mapped.
	at org.springframework.beans.factory.support.SimpleInstantiationStrategy.lambda$instantiate$0(SimpleInstantiationStrategy.java:200) ~[spring-beans-6.2.18.jar:6.2.18]
	at org.springframework.beans.factory.support.SimpleInstantiationStrategy.instantiateWithFactoryMethod(SimpleInstantiationStrategy.java:89) ~[spring-beans-6.2.18.jar:6.2.18]
	at org.springframework.beans.factory.support.SimpleInstantiationStrategy.instantiate(SimpleInstantiationStrategy.java:169) ~[spring-beans-6.2.18.jar:6.2.18]
	at org.springframework.beans.factory.support.ConstructorResolver.instantiate(ConstructorResolver.java:653) ~[spring-beans-6.2.18.jar:6.2.18]
	... 24 common frames omitted
Caused by: org.springframework.beans.factory.BeanCreationException: Error creating bean with name 'mvcHandlerMappingIntrospector' defined in class path resource [org/springframework/boot/autoconfigure/web/servlet/WebMvcAutoConfiguration$EnableWebMvcConfiguration.class]: Error creating bean with name 'requestMappingHandlerMapping' defined in class path resource [org/springframework/boot/autoconfigure/web/servlet/WebMvcAutoConfiguration$EnableWebMvcConfiguration.class]: Ambiguous mapping. Cannot map '/admin/lodgings' method 
com.tour.controller.LodgingController#addLodging(Lodging)
to {POST [/ || ]}: There is already '/admin/locations' bean method
com.tour.controller.LocationController#addLocation(Location) mapped.
	at org.springframework.beans.factory.support.AbstractAutowireCapableBeanFactory.initializeBean(AbstractAutowireCapableBeanFactory.java:1826) ~[spring-beans-6.2.18.jar:6.2.18]
	at org.springframework.beans.factory.support.AbstractAutowireCapableBeanFactory.doCreateBean(AbstractAutowireCapableBeanFactory.java:607) ~[spring-beans-6.2.18.jar:6.2.18]
	at org.springframework.beans.factory.support.AbstractAutowireCapableBeanFactory.createBean(AbstractAutowireCapableBeanFactory.java:529) ~[spring-beans-6.2.18.jar:6.2.18]
	at org.springframework.beans.factory.support.AbstractBeanFactory.lambda$doGetBean$0(AbstractBeanFactory.java:339) ~[spring-beans-6.2.18.jar:6.2.18]
	at org.springframework.beans.factory.support.DefaultSingletonBeanRegistry.getSingleton(DefaultSingletonBeanRegistry.java:373) ~[spring-beans-6.2.18.jar:6.2.18]
	at org.springframework.beans.factory.support.AbstractBeanFactory.doGetBean(AbstractBeanFactory.java:337) ~[spring-beans-6.2.18.jar:6.2.18]
	at org.springframework.beans.factory.support.AbstractBeanFactory.getBean(AbstractBeanFactory.java:207) ~[spring-beans-6.2.18.jar:6.2.18]
	at org.springframework.context.support.AbstractApplicationContext.getBean(AbstractApplicationContext.java:1302) ~[spring-context-6.2.18.jar:6.2.18]
	at org.springframework.security.config.annotation.web.AbstractRequestMatcherRegistry.createMvcMatchers(AbstractRequestMatcherRegistry.java:126) ~[spring-security-config-6.5.10.jar:6.5.10]
	at org.springframework.security.config.annotation.web.AbstractRequestMatcherRegistry.requestMatchers(AbstractRequestMatcherRegistry.java:226) ~[spring-security-config-6.5.10.jar:6.5.10]
	at org.springframework.security.config.annotation.web.AbstractRequestMatcherRegistry.requestMatchers(AbstractRequestMatcherRegistry.java:304) ~[spring-security-config-6.5.10.jar:6.5.10]
	at com.tour.config.SecurityConfig.lambda$securityFilterChain$2(SecurityConfig.java:74) ~[classes/:na]
	at org.springframework.security.config.annotation.web.builders.HttpSecurity.authorizeHttpRequests(HttpSecurity.java:1491) ~[spring-security-config-6.5.10.jar:6.5.10]
	at com.tour.config.SecurityConfig.securityFilterChain(SecurityConfig.java:73) ~[classes/:na]
	at com.tour.config.SecurityConfig$$SpringCGLIB$$0.CGLIB$securityFilterChain$0(<generated>) ~[classes/:na]
	at com.tour.config.SecurityConfig$$SpringCGLIB$$FastClass$$1.invoke(<generated>) ~[classes/:na]
	at org.springframework.cglib.proxy.MethodProxy.invokeSuper(MethodProxy.java:258) ~[spring-core-6.2.18.jar:6.2.18]
	at org.springframework.context.annotation.ConfigurationClassEnhancer$BeanMethodInterceptor.intercept(ConfigurationClassEnhancer.java:400) ~[spring-context-6.2.18.jar:6.2.18]
	at com.tour.config.SecurityConfig$$SpringCGLIB$$0.securityFilterChain(<generated>) ~[classes/:na]
	at java.base/jdk.internal.reflect.DirectMethodHandleAccessor.invoke(DirectMethodHandleAccessor.java:103) ~[na:na]
	at java.base/java.lang.reflect.Method.invoke(Method.java:580) ~[na:na]
	at org.springframework.beans.factory.support.SimpleInstantiationStrategy.lambda$instantiate$0(SimpleInstantiationStrategy.java:172) ~[spring-beans-6.2.18.jar:6.2.18]
	... 27 common frames omitted
Caused by: org.springframework.beans.factory.BeanCreationException: Error creating bean with name 'requestMappingHandlerMapping' defined in class path resource [org/springframework/boot/autoconfigure/web/servlet/WebMvcAutoConfiguration$EnableWebMvcConfiguration.class]: Ambiguous mapping. Cannot map '/admin/lodgings' method 
com.tour.controller.LodgingController#addLodging(Lodging)
to {POST [/ || ]}: There is already '/admin/locations' bean method
com.tour.controller.LocationController#addLocation(Location) mapped.
	at org.springframework.beans.factory.support.AbstractAutowireCapableBeanFactory.initializeBean(AbstractAutowireCapableBeanFactory.java:1826) ~[spring-beans-6.2.18.jar:6.2.18]
	at org.springframework.beans.factory.support.AbstractAutowireCapableBeanFactory.doCreateBean(AbstractAutowireCapableBeanFactory.java:607) ~[spring-beans-6.2.18.jar:6.2.18]
	at org.springframework.beans.factory.support.AbstractAutowireCapableBeanFactory.createBean(AbstractAutowireCapableBeanFactory.java:529) ~[spring-beans-6.2.18.jar:6.2.18]
	at org.springframework.beans.factory.support.AbstractBeanFactory.lambda$doGetBean$0(AbstractBeanFactory.java:339) ~[spring-beans-6.2.18.jar:6.2.18]
	at org.springframework.beans.factory.support.DefaultSingletonBeanRegistry.getSingleton(DefaultSingletonBeanRegistry.java:373) ~[spring-beans-6.2.18.jar:6.2.18]
	at org.springframework.beans.factory.support.AbstractBeanFactory.doGetBean(AbstractBeanFactory.java:337) ~[spring-beans-6.2.18.jar:6.2.18]
	at org.springframework.beans.factory.support.AbstractBeanFactory.getBean(AbstractBeanFactory.java:202) ~[spring-beans-6.2.18.jar:6.2.18]
	at org.springframework.beans.factory.support.DefaultListableBeanFactory.getBeansOfType(DefaultListableBeanFactory.java:748) ~[spring-beans-6.2.18.jar:6.2.18]
	at org.springframework.context.support.AbstractApplicationContext.getBeansOfType(AbstractApplicationContext.java:1450) ~[spring-context-6.2.18.jar:6.2.18]
	at org.springframework.beans.factory.BeanFactoryUtils.beansOfTypeIncludingAncestors(BeanFactoryUtils.java:372) ~[spring-beans-6.2.18.jar:6.2.18]
	at org.springframework.web.servlet.handler.HandlerMappingIntrospector.initHandlerMappings(HandlerMappingIntrospector.java:159) ~[spring-webmvc-6.2.18.jar:6.2.18]
	at org.springframework.web.servlet.handler.HandlerMappingIntrospector.afterPropertiesSet(HandlerMappingIntrospector.java:146) ~[spring-webmvc-6.2.18.jar:6.2.18]
	at org.springframework.beans.factory.support.AbstractAutowireCapableBeanFactory.invokeInitMethods(AbstractAutowireCapableBeanFactory.java:1873) ~[spring-beans-6.2.18.jar:6.2.18]
	at org.springframework.beans.factory.support.AbstractAutowireCapableBeanFactory.initializeBean(AbstractAutowireCapableBeanFactory.java:1822) ~[spring-beans-6.2.18.jar:6.2.18]
	... 48 common frames omitted
Caused by: java.lang.IllegalStateException: Ambiguous mapping. Cannot map '/admin/lodgings' method 
com.tour.controller.LodgingController#addLodging(Lodging)
to {POST [/ || ]}: There is already '/admin/locations' bean method
com.tour.controller.LocationController#addLocation(Location) mapped.
	at org.springframework.web.servlet.handler.AbstractHandlerMethodMapping$MappingRegistry.validateMethodMapping(AbstractHandlerMethodMapping.java:677) ~[spring-webmvc-6.2.18.jar:6.2.18]
	at org.springframework.web.servlet.handler.AbstractHandlerMethodMapping$MappingRegistry.register(AbstractHandlerMethodMapping.java:637) ~[spring-webmvc-6.2.18.jar:6.2.18]
	at org.springframework.web.servlet.handler.AbstractHandlerMethodMapping.registerHandlerMethod(AbstractHandlerMethodMapping.java:331) ~[spring-webmvc-6.2.18.jar:6.2.18]
	at org.springframework.web.servlet.mvc.method.annotation.RequestMappingHandlerMapping.registerHandlerMethod(RequestMappingHandlerMapping.java:507) ~[spring-webmvc-6.2.18.jar:6.2.18]
	at org.springframework.web.servlet.mvc.method.annotation.RequestMappingHandlerMapping.registerHandlerMethod(RequestMappingHandlerMapping.java:84) ~[spring-webmvc-6.2.18.jar:6.2.18]
	at org.springframework.web.servlet.handler.AbstractHandlerMethodMapping.lambda$detectHandlerMethods$2(AbstractHandlerMethodMapping.java:298) ~[spring-webmvc-6.2.18.jar:6.2.18]
	at java.base/java.util.LinkedHashMap.forEach(LinkedHashMap.java:986) ~[na:na]
	at org.springframework.web.servlet.handler.AbstractHandlerMethodMapping.detectHandlerMethods(AbstractHandlerMethodMapping.java:296) ~[spring-webmvc-6.2.18.jar:6.2.18]
	at org.springframework.web.servlet.handler.AbstractHandlerMethodMapping.processCandidateBean(AbstractHandlerMethodMapping.java:265) ~[spring-webmvc-6.2.18.jar:6.2.18]
	at org.springframework.web.servlet.handler.AbstractHandlerMethodMapping.initHandlerMethods(AbstractHandlerMethodMapping.java:224) ~[spring-webmvc-6.2.18.jar:6.2.18]
	at org.springframework.web.servlet.handler.AbstractHandlerMethodMapping.afterPropertiesSet(AbstractHandlerMethodMapping.java:212) ~[spring-webmvc-6.2.18.jar:6.2.18]
	at org.springframework.web.servlet.mvc.method.annotation.RequestMappingHandlerMapping.afterPropertiesSet(RequestMappingHandlerMapping.java:237) ~[spring-webmvc-6.2.18.jar:6.2.18]
	at org.springframework.beans.factory.support.AbstractAutowireCapableBeanFactory.invokeInitMethods(AbstractAutowireCapableBeanFactory.java:1873) ~[spring-beans-6.2.18.jar:6.2.18]
	at org.springframework.beans.factory.support.AbstractAutowireCapableBeanFactory.initializeBean(AbstractAutowireCapableBeanFactory.java:1822) ~[spring-beans-6.2.18.jar:6.2.18]
	... 61 common frames omitted

2026-05-26T13:13:49.163+05:30  INFO 16460 --- [backend] [restartedMain] com.tour.BackendApplication              : Starting BackendApplication using Java 21.0.4 with PID 16460 (C:\Users\rakes\IdeaProjects\tour-app\backend\target\classes started by rakes in C:\Users\rakes\IdeaProjects\tour-app\backend)
2026-05-26T13:13:49.163+05:30  INFO 16460 --- [backend] [restartedMain] com.tour.BackendApplication              : No active profile set, falling back to 1 default profile: "default"
2026-05-26T13:13:49.424+05:30  INFO 16460 --- [backend] [restartedMain] .s.d.r.c.RepositoryConfigurationDelegate : Bootstrapping Spring Data JPA repositories in DEFAULT mode.
2026-05-26T13:13:49.457+05:30  INFO 16460 --- [backend] [restartedMain] .s.d.r.c.RepositoryConfigurationDelegate : Finished Spring Data repository scanning in 31 ms. Found 6 JPA repository interfaces.
2026-05-26T13:13:49.658+05:30  INFO 16460 --- [backend] [restartedMain] o.s.b.w.embedded.tomcat.TomcatWebServer  : Tomcat initialized with port 8080 (http)
2026-05-26T13:13:49.659+05:30  INFO 16460 --- [backend] [restartedMain] o.apache.catalina.core.StandardService   : Starting service [Tomcat]
2026-05-26T13:13:49.660+05:30  INFO 16460 --- [backend] [restartedMain] o.apache.catalina.core.StandardEngine    : Starting Servlet engine: [Apache Tomcat/10.1.54]
2026-05-26T13:13:49.692+05:30  INFO 16460 --- [backend] [restartedMain] o.a.c.c.C.[Tomcat-7].[localhost].[/]     : Initializing Spring embedded WebApplicationContext
2026-05-26T13:13:49.693+05:30  INFO 16460 --- [backend] [restartedMain] w.s.c.ServletWebServerApplicationContext : Root WebApplicationContext: initialization completed in 529 ms
2026-05-26T13:13:49.702+05:30  INFO 16460 --- [backend] [restartedMain] com.tour.service.JwtService              : Generating a new secret key.
2026-05-26T13:13:49.703+05:30  INFO 16460 --- [backend] [restartedMain] com.tour.service.JwtService              : Secret key generated successfully.
2026-05-26T13:13:49.744+05:30  INFO 16460 --- [backend] [restartedMain] o.hibernate.jpa.internal.util.LogHelper  : HHH000204: Processing PersistenceUnitInfo [name: default]
2026-05-26T13:13:49.746+05:30  INFO 16460 --- [backend] [restartedMain] o.h.c.internal.RegionFactoryInitiator    : HHH000026: Second-level cache disabled
2026-05-26T13:13:49.755+05:30  INFO 16460 --- [backend] [restartedMain] o.s.o.j.p.SpringPersistenceUnitInfo      : No LoadTimeWeaver setup: ignoring JPA class transformer
2026-05-26T13:13:49.756+05:30  INFO 16460 --- [backend] [restartedMain] com.zaxxer.hikari.HikariDataSource       : HikariPool-14 - Starting...
2026-05-26T13:13:49.769+05:30  INFO 16460 --- [backend] [restartedMain] com.zaxxer.hikari.pool.HikariPool        : HikariPool-14 - Added connection com.mysql.cj.jdbc.ConnectionImpl@53ebd799
2026-05-26T13:13:49.769+05:30  INFO 16460 --- [backend] [restartedMain] com.zaxxer.hikari.HikariDataSource       : HikariPool-14 - Start completed.
2026-05-26T13:13:49.771+05:30  INFO 16460 --- [backend] [restartedMain] org.hibernate.orm.connections.pooling    : HHH10001005: Database info:
	Database JDBC URL [Connecting through datasource 'HikariDataSource (HikariPool-14)']
	Database driver: undefined/unknown
	Database version: 8.0.45
	Autocommit mode: undefined/unknown
	Isolation level: undefined/unknown
	Minimum pool size: undefined/unknown
	Maximum pool size: undefined/unknown
2026-05-26T13:13:49.872+05:30  INFO 16460 --- [backend] [restartedMain] o.h.e.t.j.p.i.JtaPlatformInitiator       : HHH000489: No JTA platform available (set 'hibernate.transaction.jta.platform' to enable JTA platform integration)
2026-05-26T13:13:49.925+05:30  INFO 16460 --- [backend] [restartedMain] j.LocalContainerEntityManagerFactoryBean : Initialized JPA EntityManagerFactory for persistence unit 'default'
2026-05-26T13:13:50.062+05:30  INFO 16460 --- [backend] [restartedMain] f.a.AutowiredAnnotationBeanPostProcessor : Autowired annotation should only be used on methods with parameters: public void com.tour.controller.BookingController.init()
2026-05-26T13:13:50.207+05:30  INFO 16460 --- [backend] [restartedMain] c.tour.service.CloudinaryImageService    : Cloudinary initialized with provided credentials.
2026-05-26T13:13:50.229+05:30  INFO 16460 --- [backend] [restartedMain] com.tour.config.SecurityConfig           : Configuring AuthenticationManager bean.
2026-05-26T13:13:50.235+05:30  INFO 16460 --- [backend] [restartedMain] com.tour.config.SecurityConfig           : Configuring DaoAuthenticationProvider bean.
2026-05-26T13:13:50.237+05:30  INFO 16460 --- [backend] [restartedMain] eAuthenticationProviderManagerConfigurer : Global AuthenticationManager configured with AuthenticationProvider bean with name authenticationProvider
2026-05-26T13:13:50.238+05:30  WARN 16460 --- [backend] [restartedMain] r$InitializeUserDetailsManagerConfigurer : Global AuthenticationManager configured with an AuthenticationProvider bean. UserDetailsService beans will not be used by Spring Security for automatically configuring username/password login. Consider removing the AuthenticationProvider bean. Alternatively, consider using the UserDetailsService in a manually instantiated DaoAuthenticationProvider. If the current configuration is intentional, to turn off this warning, increase the logging level of 'org.springframework.security.config.annotation.authentication.configuration.InitializeUserDetailsBeanManagerConfigurer' to ERROR
2026-05-26T13:13:50.272+05:30  WARN 16460 --- [backend] [restartedMain] JpaBaseConfiguration$JpaWebConfiguration : spring.jpa.open-in-view is enabled by default. Therefore, database queries may be performed during view rendering. Explicitly configure spring.jpa.open-in-view to disable this warning
2026-05-26T13:13:50.302+05:30  INFO 16460 --- [backend] [restartedMain] com.tour.config.SecurityConfig           : Configuring HTTP Security filters.
2026-05-26T13:13:50.303+05:30  INFO 16460 --- [backend] [restartedMain] com.tour.config.SecurityConfig           : Configuring CORS Configuration.
2026-05-26T13:13:50.333+05:30  WARN 16460 --- [backend] [restartedMain] ConfigServletWebServerApplicationContext : Exception encountered during context initialization - cancelling refresh attempt: org.springframework.beans.factory.BeanCreationException: Error creating bean with name 'securityFilterChain' defined in class path resource [com/tour/config/SecurityConfig.class]: Failed to instantiate [org.springframework.security.web.SecurityFilterChain]: Factory method 'securityFilterChain' threw exception with message: Error creating bean with name 'mvcHandlerMappingIntrospector' defined in class path resource [org/springframework/boot/autoconfigure/web/servlet/WebMvcAutoConfiguration$EnableWebMvcConfiguration.class]: Error creating bean with name 'requestMappingHandlerMapping' defined in class path resource [org/springframework/boot/autoconfigure/web/servlet/WebMvcAutoConfiguration$EnableWebMvcConfiguration.class]: Ambiguous mapping. Cannot map '/admin/lodgings' method 
com.tour.controller.LodgingController#addLodging(Lodging)
to {POST [/ || ]}: There is already '/admin/locations' bean method
com.tour.controller.LocationController#addLocation(Location) mapped.
2026-05-26T13:13:50.334+05:30  INFO 16460 --- [backend] [restartedMain] j.LocalContainerEntityManagerFactoryBean : Closing JPA EntityManagerFactory for persistence unit 'default'
2026-05-26T13:13:50.334+05:30  INFO 16460 --- [backend] [restartedMain] com.zaxxer.hikari.HikariDataSource       : HikariPool-14 - Shutdown initiated...
2026-05-26T13:13:50.339+05:30  INFO 16460 --- [backend] [restartedMain] com.zaxxer.hikari.HikariDataSource       : HikariPool-14 - Shutdown completed.
2026-05-26T13:13:50.340+05:30  INFO 16460 --- [backend] [restartedMain] o.apache.catalina.core.StandardService   : Stopping service [Tomcat]
2026-05-26T13:13:50.344+05:30  INFO 16460 --- [backend] [restartedMain] .s.b.a.l.ConditionEvaluationReportLogger : 

Error starting ApplicationContext. To display the condition evaluation report re-run your application with 'debug' enabled.
2026-05-26T13:13:50.348+05:30 ERROR 16460 --- [backend] [restartedMain] o.s.boot.SpringApplication               : Application run failed

org.springframework.beans.factory.BeanCreationException: Error creating bean with name 'securityFilterChain' defined in class path resource [com/tour/config/SecurityConfig.class]: Failed to instantiate [org.springframework.security.web.SecurityFilterChain]: Factory method 'securityFilterChain' threw exception with message: Error creating bean with name 'mvcHandlerMappingIntrospector' defined in class path resource [org/springframework/boot/autoconfigure/web/servlet/WebMvcAutoConfiguration$EnableWebMvcConfiguration.class]: Error creating bean with name 'requestMappingHandlerMapping' defined in class path resource [org/springframework/boot/autoconfigure/web/servlet/WebMvcAutoConfiguration$EnableWebMvcConfiguration.class]: Ambiguous mapping. Cannot map '/admin/lodgings' method 
com.tour.controller.LodgingController#addLodging(Lodging)
to {POST [/ || ]}: There is already '/admin/locations' bean method
com.tour.controller.LocationController#addLocation(Location) mapped.
	at org.springframework.beans.factory.support.ConstructorResolver.instantiate(ConstructorResolver.java:657) ~[spring-beans-6.2.18.jar:6.2.18]
	at org.springframework.beans.factory.support.ConstructorResolver.instantiateUsingFactoryMethod(ConstructorResolver.java:645) ~[spring-beans-6.2.18.jar:6.2.18]
	at org.springframework.beans.factory.support.AbstractAutowireCapableBeanFactory.instantiateUsingFactoryMethod(AbstractAutowireCapableBeanFactory.java:1375) ~[spring-beans-6.2.18.jar:6.2.18]
	at org.springframework.beans.factory.support.AbstractAutowireCapableBeanFactory.createBeanInstance(AbstractAutowireCapableBeanFactory.java:1205) ~[spring-beans-6.2.18.jar:6.2.18]
	at org.springframework.beans.factory.support.AbstractAutowireCapableBeanFactory.doCreateBean(AbstractAutowireCapableBeanFactory.java:569) ~[spring-beans-6.2.18.jar:6.2.18]
	at org.springframework.beans.factory.support.AbstractAutowireCapableBeanFactory.createBean(AbstractAutowireCapableBeanFactory.java:529) ~[spring-beans-6.2.18.jar:6.2.18]
	at org.springframework.beans.factory.support.AbstractBeanFactory.lambda$doGetBean$0(AbstractBeanFactory.java:339) ~[spring-beans-6.2.18.jar:6.2.18]
	at org.springframework.beans.factory.support.DefaultSingletonBeanRegistry.getSingleton(DefaultSingletonBeanRegistry.java:373) ~[spring-beans-6.2.18.jar:6.2.18]
	at org.springframework.beans.factory.support.AbstractBeanFactory.doGetBean(AbstractBeanFactory.java:337) ~[spring-beans-6.2.18.jar:6.2.18]
	at org.springframework.beans.factory.support.AbstractBeanFactory.getBean(AbstractBeanFactory.java:202) ~[spring-beans-6.2.18.jar:6.2.18]
	at org.springframework.beans.factory.support.DefaultListableBeanFactory.instantiateSingleton(DefaultListableBeanFactory.java:1228) ~[spring-beans-6.2.18.jar:6.2.18]
	at org.springframework.beans.factory.support.DefaultListableBeanFactory.preInstantiateSingleton(DefaultListableBeanFactory.java:1194) ~[spring-beans-6.2.18.jar:6.2.18]
	at org.springframework.beans.factory.support.DefaultListableBeanFactory.preInstantiateSingletons(DefaultListableBeanFactory.java:1130) ~[spring-beans-6.2.18.jar:6.2.18]
	at org.springframework.context.support.AbstractApplicationContext.finishBeanFactoryInitialization(AbstractApplicationContext.java:991) ~[spring-context-6.2.18.jar:6.2.18]
	at org.springframework.context.support.AbstractApplicationContext.refresh(AbstractApplicationContext.java:628) ~[spring-context-6.2.18.jar:6.2.18]
	at org.springframework.boot.web.servlet.context.ServletWebServerApplicationContext.refresh(ServletWebServerApplicationContext.java:146) ~[spring-boot-3.5.14.jar:3.5.14]
	at org.springframework.boot.SpringApplication.refresh(SpringApplication.java:752) ~[spring-boot-3.5.14.jar:3.5.14]
	at org.springframework.boot.SpringApplication.refreshContext(SpringApplication.java:439) ~[spring-boot-3.5.14.jar:3.5.14]
	at org.springframework.boot.SpringApplication.run(SpringApplication.java:318) ~[spring-boot-3.5.14.jar:3.5.14]
	at org.springframework.boot.SpringApplication.run(SpringApplication.java:1361) ~[spring-boot-3.5.14.jar:3.5.14]
	at org.springframework.boot.SpringApplication.run(SpringApplication.java:1350) ~[spring-boot-3.5.14.jar:3.5.14]
	at com.tour.BackendApplication.main(BackendApplication.java:10) ~[classes/:na]
	at java.base/jdk.internal.reflect.DirectMethodHandleAccessor.invoke(DirectMethodHandleAccessor.java:103) ~[na:na]
	at java.base/java.lang.reflect.Method.invoke(Method.java:580) ~[na:na]
	at org.springframework.boot.devtools.restart.RestartLauncher.run(RestartLauncher.java:50) ~[spring-boot-devtools-3.5.14.jar:3.5.14]
Caused by: org.springframework.beans.BeanInstantiationException: Failed to instantiate [org.springframework.security.web.SecurityFilterChain]: Factory method 'securityFilterChain' threw exception with message: Error creating bean with name 'mvcHandlerMappingIntrospector' defined in class path resource [org/springframework/boot/autoconfigure/web/servlet/WebMvcAutoConfiguration$EnableWebMvcConfiguration.class]: Error creating bean with name 'requestMappingHandlerMapping' defined in class path resource [org/springframework/boot/autoconfigure/web/servlet/WebMvcAutoConfiguration$EnableWebMvcConfiguration.class]: Ambiguous mapping. Cannot map '/admin/lodgings' method 
com.tour.controller.LodgingController#addLodging(Lodging)
to {POST [/ || ]}: There is already '/admin/locations' bean method
com.tour.controller.LocationController#addLocation(Location) mapped.
	at org.springframework.beans.factory.support.SimpleInstantiationStrategy.lambda$instantiate$0(SimpleInstantiationStrategy.java:200) ~[spring-beans-6.2.18.jar:6.2.18]
	at org.springframework.beans.factory.support.SimpleInstantiationStrategy.instantiateWithFactoryMethod(SimpleInstantiationStrategy.java:89) ~[spring-beans-6.2.18.jar:6.2.18]
	at org.springframework.beans.factory.support.SimpleInstantiationStrategy.instantiate(SimpleInstantiationStrategy.java:169) ~[spring-beans-6.2.18.jar:6.2.18]
	at org.springframework.beans.factory.support.ConstructorResolver.instantiate(ConstructorResolver.java:653) ~[spring-beans-6.2.18.jar:6.2.18]
	... 24 common frames omitted
Caused by: org.springframework.beans.factory.BeanCreationException: Error creating bean with name 'mvcHandlerMappingIntrospector' defined in class path resource [org/springframework/boot/autoconfigure/web/servlet/WebMvcAutoConfiguration$EnableWebMvcConfiguration.class]: Error creating bean with name 'requestMappingHandlerMapping' defined in class path resource [org/springframework/boot/autoconfigure/web/servlet/WebMvcAutoConfiguration$EnableWebMvcConfiguration.class]: Ambiguous mapping. Cannot map '/admin/lodgings' method 
com.tour.controller.LodgingController#addLodging(Lodging)
to {POST [/ || ]}: There is already '/admin/locations' bean method
com.tour.controller.LocationController#addLocation(Location) mapped.
	at org.springframework.beans.factory.support.AbstractAutowireCapableBeanFactory.initializeBean(AbstractAutowireCapableBeanFactory.java:1826) ~[spring-beans-6.2.18.jar:6.2.18]
	at org.springframework.beans.factory.support.AbstractAutowireCapableBeanFactory.doCreateBean(AbstractAutowireCapableBeanFactory.java:607) ~[spring-beans-6.2.18.jar:6.2.18]
	at org.springframework.beans.factory.support.AbstractAutowireCapableBeanFactory.createBean(AbstractAutowireCapableBeanFactory.java:529) ~[spring-beans-6.2.18.jar:6.2.18]
	at org.springframework.beans.factory.support.AbstractBeanFactory.lambda$doGetBean$0(AbstractBeanFactory.java:339) ~[spring-beans-6.2.18.jar:6.2.18]
	at org.springframework.beans.factory.support.DefaultSingletonBeanRegistry.getSingleton(DefaultSingletonBeanRegistry.java:373) ~[spring-beans-6.2.18.jar:6.2.18]
	at org.springframework.beans.factory.support.AbstractBeanFactory.doGetBean(AbstractBeanFactory.java:337) ~[spring-beans-6.2.18.jar:6.2.18]
	at org.springframework.beans.factory.support.AbstractBeanFactory.getBean(AbstractBeanFactory.java:207) ~[spring-beans-6.2.18.jar:6.2.18]
	at org.springframework.context.support.AbstractApplicationContext.getBean(AbstractApplicationContext.java:1302) ~[spring-context-6.2.18.jar:6.2.18]
	at org.springframework.security.config.annotation.web.AbstractRequestMatcherRegistry.createMvcMatchers(AbstractRequestMatcherRegistry.java:126) ~[spring-security-config-6.5.10.jar:6.5.10]
	at org.springframework.security.config.annotation.web.AbstractRequestMatcherRegistry.requestMatchers(AbstractRequestMatcherRegistry.java:226) ~[spring-security-config-6.5.10.jar:6.5.10]
	at org.springframework.security.config.annotation.web.AbstractRequestMatcherRegistry.requestMatchers(AbstractRequestMatcherRegistry.java:304) ~[spring-security-config-6.5.10.jar:6.5.10]
	at com.tour.config.SecurityConfig.lambda$securityFilterChain$2(SecurityConfig.java:74) ~[classes/:na]
	at org.springframework.security.config.annotation.web.builders.HttpSecurity.authorizeHttpRequests(HttpSecurity.java:1491) ~[spring-security-config-6.5.10.jar:6.5.10]
	at com.tour.config.SecurityConfig.securityFilterChain(SecurityConfig.java:73) ~[classes/:na]
	at com.tour.config.SecurityConfig$$SpringCGLIB$$0.CGLIB$securityFilterChain$0(<generated>) ~[classes/:na]
	at com.tour.config.SecurityConfig$$SpringCGLIB$$FastClass$$1.invoke(<generated>) ~[classes/:na]
	at org.springframework.cglib.proxy.MethodProxy.invokeSuper(MethodProxy.java:258) ~[spring-core-6.2.18.jar:6.2.18]
	at org.springframework.context.annotation.ConfigurationClassEnhancer$BeanMethodInterceptor.intercept(ConfigurationClassEnhancer.java:400) ~[spring-context-6.2.18.jar:6.2.18]
	at com.tour.config.SecurityConfig$$SpringCGLIB$$0.securityFilterChain(<generated>) ~[classes/:na]
	at java.base/jdk.internal.reflect.DirectMethodHandleAccessor.invoke(DirectMethodHandleAccessor.java:103) ~[na:na]
	at java.base/java.lang.reflect.Method.invoke(Method.java:580) ~[na:na]
	at org.springframework.beans.factory.support.SimpleInstantiationStrategy.lambda$instantiate$0(SimpleInstantiationStrategy.java:172) ~[spring-beans-6.2.18.jar:6.2.18]
	... 27 common frames omitted
Caused by: org.springframework.beans.factory.BeanCreationException: Error creating bean with name 'requestMappingHandlerMapping' defined in class path resource [org/springframework/boot/autoconfigure/web/servlet/WebMvcAutoConfiguration$EnableWebMvcConfiguration.class]: Ambiguous mapping. Cannot map '/admin/lodgings' method 
com.tour.controller.LodgingController#addLodging(Lodging)
to {POST [/ || ]}: There is already '/admin/locations' bean method
com.tour.controller.LocationController#addLocation(Location) mapped.
	at org.springframework.beans.factory.support.AbstractAutowireCapableBeanFactory.initializeBean(AbstractAutowireCapableBeanFactory.java:1826) ~[spring-beans-6.2.18.jar:6.2.18]
	at org.springframework.beans.factory.support.AbstractAutowireCapableBeanFactory.doCreateBean(AbstractAutowireCapableBeanFactory.java:607) ~[spring-beans-6.2.18.jar:6.2.18]
	at org.springframework.beans.factory.support.AbstractAutowireCapableBeanFactory.createBean(AbstractAutowireCapableBeanFactory.java:529) ~[spring-beans-6.2.18.jar:6.2.18]
	at org.springframework.beans.factory.support.AbstractBeanFactory.lambda$doGetBean$0(AbstractBeanFactory.java:339) ~[spring-beans-6.2.18.jar:6.2.18]
	at org.springframework.beans.factory.support.DefaultSingletonBeanRegistry.getSingleton(DefaultSingletonBeanRegistry.java:373) ~[spring-beans-6.2.18.jar:6.2.18]
	at org.springframework.beans.factory.support.AbstractBeanFactory.doGetBean(AbstractBeanFactory.java:337) ~[spring-beans-6.2.18.jar:6.2.18]
	at org.springframework.beans.factory.support.AbstractBeanFactory.getBean(AbstractBeanFactory.java:202) ~[spring-beans-6.2.18.jar:6.2.18]
	at org.springframework.beans.factory.support.DefaultListableBeanFactory.getBeansOfType(DefaultListableBeanFactory.java:748) ~[spring-beans-6.2.18.jar:6.2.18]
	at org.springframework.context.support.AbstractApplicationContext.getBeansOfType(AbstractApplicationContext.java:1450) ~[spring-context-6.2.18.jar:6.2.18]
	at org.springframework.beans.factory.BeanFactoryUtils.beansOfTypeIncludingAncestors(BeanFactoryUtils.java:372) ~[spring-beans-6.2.18.jar:6.2.18]
	at org.springframework.web.servlet.handler.HandlerMappingIntrospector.initHandlerMappings(HandlerMappingIntrospector.java:159) ~[spring-webmvc-6.2.18.jar:6.2.18]
	at org.springframework.web.servlet.handler.HandlerMappingIntrospector.afterPropertiesSet(HandlerMappingIntrospector.java:146) ~[spring-webmvc-6.2.18.jar:6.2.18]
	at org.springframework.beans.factory.support.AbstractAutowireCapableBeanFactory.invokeInitMethods(AbstractAutowireCapableBeanFactory.java:1873) ~[spring-beans-6.2.18.jar:6.2.18]
	at org.springframework.beans.factory.support.AbstractAutowireCapableBeanFactory.initializeBean(AbstractAutowireCapableBeanFactory.java:1822) ~[spring-beans-6.2.18.jar:6.2.18]
	... 48 common frames omitted
Caused by: java.lang.IllegalStateException: Ambiguous mapping. Cannot map '/admin/lodgings' method 
com.tour.controller.LodgingController#addLodging(Lodging)
to {POST [/ || ]}: There is already '/admin/locations' bean method
com.tour.controller.LocationController#addLocation(Location) mapped.
	at org.springframework.web.servlet.handler.AbstractHandlerMethodMapping$MappingRegistry.validateMethodMapping(AbstractHandlerMethodMapping.java:677) ~[spring-webmvc-6.2.18.jar:6.2.18]
	at org.springframework.web.servlet.handler.AbstractHandlerMethodMapping$MappingRegistry.register(AbstractHandlerMethodMapping.java:637) ~[spring-webmvc-6.2.18.jar:6.2.18]
	at org.springframework.web.servlet.handler.AbstractHandlerMethodMapping.registerHandlerMethod(AbstractHandlerMethodMapping.java:331) ~[spring-webmvc-6.2.18.jar:6.2.18]
	at org.springframework.web.servlet.mvc.method.annotation.RequestMappingHandlerMapping.registerHandlerMethod(RequestMappingHandlerMapping.java:507) ~[spring-webmvc-6.2.18.jar:6.2.18]
	at org.springframework.web.servlet.mvc.method.annotation.RequestMappingHandlerMapping.registerHandlerMethod(RequestMappingHandlerMapping.java:84) ~[spring-webmvc-6.2.18.jar:6.2.18]
	at org.springframework.web.servlet.handler.AbstractHandlerMethodMapping.lambda$detectHandlerMethods$2(AbstractHandlerMethodMapping.java:298) ~[spring-webmvc-6.2.18.jar:6.2.18]
	at java.base/java.util.LinkedHashMap.forEach(LinkedHashMap.java:986) ~[na:na]
	at org.springframework.web.servlet.handler.AbstractHandlerMethodMapping.detectHandlerMethods(AbstractHandlerMethodMapping.java:296) ~[spring-webmvc-6.2.18.jar:6.2.18]
	at org.springframework.web.servlet.handler.AbstractHandlerMethodMapping.processCandidateBean(AbstractHandlerMethodMapping.java:265) ~[spring-webmvc-6.2.18.jar:6.2.18]
	at org.springframework.web.servlet.handler.AbstractHandlerMethodMapping.initHandlerMethods(AbstractHandlerMethodMapping.java:224) ~[spring-webmvc-6.2.18.jar:6.2.18]
	at org.springframework.web.servlet.handler.AbstractHandlerMethodMapping.afterPropertiesSet(AbstractHandlerMethodMapping.java:212) ~[spring-webmvc-6.2.18.jar:6.2.18]
	at org.springframework.web.servlet.mvc.method.annotation.RequestMappingHandlerMapping.afterPropertiesSet(RequestMappingHandlerMapping.java:237) ~[spring-webmvc-6.2.18.jar:6.2.18]
	at org.springframework.beans.factory.support.AbstractAutowireCapableBeanFactory.invokeInitMethods(AbstractAutowireCapableBeanFactory.java:1873) ~[spring-beans-6.2.18.jar:6.2.18]
	at org.springframework.beans.factory.support.AbstractAutowireCapableBeanFactory.initializeBean(AbstractAutowireCapableBeanFactory.java:1822) ~[spring-beans-6.2.18.jar:6.2.18]
	... 61 common frames omitted

2026-05-26T13:14:51.467+05:30  INFO 16460 --- [backend] [restartedMain] com.tour.BackendApplication              : Starting BackendApplication using Java 21.0.4 with PID 16460 (C:\Users\rakes\IdeaProjects\tour-app\backend\target\classes started by rakes in C:\Users\rakes\IdeaProjects\tour-app\backend)
2026-05-26T13:14:51.468+05:30  INFO 16460 --- [backend] [restartedMain] com.tour.BackendApplication              : No active profile set, falling back to 1 default profile: "default"
2026-05-26T13:14:51.719+05:30  INFO 16460 --- [backend] [restartedMain] .s.d.r.c.RepositoryConfigurationDelegate : Bootstrapping Spring Data JPA repositories in DEFAULT mode.
2026-05-26T13:14:51.750+05:30  INFO 16460 --- [backend] [restartedMain] .s.d.r.c.RepositoryConfigurationDelegate : Finished Spring Data repository scanning in 30 ms. Found 6 JPA repository interfaces.
2026-05-26T13:14:51.898+05:30  INFO 16460 --- [backend] [restartedMain] o.s.b.w.embedded.tomcat.TomcatWebServer  : Tomcat initialized with port 8080 (http)
2026-05-26T13:14:51.899+05:30  INFO 16460 --- [backend] [restartedMain] o.apache.catalina.core.StandardService   : Starting service [Tomcat]
2026-05-26T13:14:51.899+05:30  INFO 16460 --- [backend] [restartedMain] o.apache.catalina.core.StandardEngine    : Starting Servlet engine: [Apache Tomcat/10.1.54]
2026-05-26T13:14:51.919+05:30  INFO 16460 --- [backend] [restartedMain] o.a.c.c.C.[Tomcat-8].[localhost].[/]     : Initializing Spring embedded WebApplicationContext
2026-05-26T13:14:51.919+05:30  INFO 16460 --- [backend] [restartedMain] w.s.c.ServletWebServerApplicationContext : Root WebApplicationContext: initialization completed in 450 ms
2026-05-26T13:14:51.926+05:30  INFO 16460 --- [backend] [restartedMain] com.tour.service.JwtService              : Generating a new secret key.
2026-05-26T13:14:51.926+05:30  INFO 16460 --- [backend] [restartedMain] com.tour.service.JwtService              : Secret key generated successfully.
2026-05-26T13:14:51.969+05:30  INFO 16460 --- [backend] [restartedMain] o.hibernate.jpa.internal.util.LogHelper  : HHH000204: Processing PersistenceUnitInfo [name: default]
2026-05-26T13:14:51.972+05:30  INFO 16460 --- [backend] [restartedMain] o.h.c.internal.RegionFactoryInitiator    : HHH000026: Second-level cache disabled
2026-05-26T13:14:51.991+05:30  INFO 16460 --- [backend] [restartedMain] o.s.o.j.p.SpringPersistenceUnitInfo      : No LoadTimeWeaver setup: ignoring JPA class transformer
2026-05-26T13:14:51.992+05:30  INFO 16460 --- [backend] [restartedMain] com.zaxxer.hikari.HikariDataSource       : HikariPool-15 - Starting...
2026-05-26T13:14:52.013+05:30  INFO 16460 --- [backend] [restartedMain] com.zaxxer.hikari.pool.HikariPool        : HikariPool-15 - Added connection com.mysql.cj.jdbc.ConnectionImpl@3ac2e50e
2026-05-26T13:14:52.015+05:30  INFO 16460 --- [backend] [restartedMain] com.zaxxer.hikari.HikariDataSource       : HikariPool-15 - Start completed.
2026-05-26T13:14:52.017+05:30  INFO 16460 --- [backend] [restartedMain] org.hibernate.orm.connections.pooling    : HHH10001005: Database info:
	Database JDBC URL [Connecting through datasource 'HikariDataSource (HikariPool-15)']
	Database driver: undefined/unknown
	Database version: 8.0.45
	Autocommit mode: undefined/unknown
	Isolation level: undefined/unknown
	Minimum pool size: undefined/unknown
	Maximum pool size: undefined/unknown
2026-05-26T13:14:52.171+05:30  INFO 16460 --- [backend] [restartedMain] o.h.e.t.j.p.i.JtaPlatformInitiator       : HHH000489: No JTA platform available (set 'hibernate.transaction.jta.platform' to enable JTA platform integration)
2026-05-26T13:14:52.234+05:30  INFO 16460 --- [backend] [restartedMain] j.LocalContainerEntityManagerFactoryBean : Initialized JPA EntityManagerFactory for persistence unit 'default'
2026-05-26T13:14:52.398+05:30  INFO 16460 --- [backend] [restartedMain] f.a.AutowiredAnnotationBeanPostProcessor : Autowired annotation should only be used on methods with parameters: public void com.tour.controller.BookingController.init()
2026-05-26T13:14:52.565+05:30  INFO 16460 --- [backend] [restartedMain] c.tour.service.CloudinaryImageService    : Cloudinary initialized with provided credentials.
2026-05-26T13:14:52.599+05:30  INFO 16460 --- [backend] [restartedMain] com.tour.config.SecurityConfig           : Configuring AuthenticationManager bean.
2026-05-26T13:14:52.613+05:30  INFO 16460 --- [backend] [restartedMain] com.tour.config.SecurityConfig           : Configuring DaoAuthenticationProvider bean.
2026-05-26T13:14:52.615+05:30  INFO 16460 --- [backend] [restartedMain] eAuthenticationProviderManagerConfigurer : Global AuthenticationManager configured with AuthenticationProvider bean with name authenticationProvider
2026-05-26T13:14:52.616+05:30  WARN 16460 --- [backend] [restartedMain] r$InitializeUserDetailsManagerConfigurer : Global AuthenticationManager configured with an AuthenticationProvider bean. UserDetailsService beans will not be used by Spring Security for automatically configuring username/password login. Consider removing the AuthenticationProvider bean. Alternatively, consider using the UserDetailsService in a manually instantiated DaoAuthenticationProvider. If the current configuration is intentional, to turn off this warning, increase the logging level of 'org.springframework.security.config.annotation.authentication.configuration.InitializeUserDetailsBeanManagerConfigurer' to ERROR
2026-05-26T13:14:52.656+05:30  WARN 16460 --- [backend] [restartedMain] JpaBaseConfiguration$JpaWebConfiguration : spring.jpa.open-in-view is enabled by default. Therefore, database queries may be performed during view rendering. Explicitly configure spring.jpa.open-in-view to disable this warning
2026-05-26T13:14:52.691+05:30  INFO 16460 --- [backend] [restartedMain] com.tour.config.SecurityConfig           : Configuring HTTP Security filters.
2026-05-26T13:14:52.692+05:30  INFO 16460 --- [backend] [restartedMain] com.tour.config.SecurityConfig           : Configuring CORS Configuration.
2026-05-26T13:14:52.731+05:30  WARN 16460 --- [backend] [restartedMain] ConfigServletWebServerApplicationContext : Exception encountered during context initialization - cancelling refresh attempt: org.springframework.beans.factory.BeanCreationException: Error creating bean with name 'securityFilterChain' defined in class path resource [com/tour/config/SecurityConfig.class]: Failed to instantiate [org.springframework.security.web.SecurityFilterChain]: Factory method 'securityFilterChain' threw exception with message: Error creating bean with name 'mvcHandlerMappingIntrospector' defined in class path resource [org/springframework/boot/autoconfigure/web/servlet/WebMvcAutoConfiguration$EnableWebMvcConfiguration.class]: Error creating bean with name 'requestMappingHandlerMapping' defined in class path resource [org/springframework/boot/autoconfigure/web/servlet/WebMvcAutoConfiguration$EnableWebMvcConfiguration.class]: Ambiguous mapping. Cannot map '/admin/lodgings' method 
com.tour.controller.LodgingController#addLodging(Lodging)
to {POST [/ || ]}: There is already '/admin/locations' bean method
com.tour.controller.LocationController#addLocation(Location) mapped.
2026-05-26T13:14:52.732+05:30  INFO 16460 --- [backend] [restartedMain] j.LocalContainerEntityManagerFactoryBean : Closing JPA EntityManagerFactory for persistence unit 'default'
2026-05-26T13:14:52.733+05:30  INFO 16460 --- [backend] [restartedMain] com.zaxxer.hikari.HikariDataSource       : HikariPool-15 - Shutdown initiated...
2026-05-26T13:14:52.738+05:30  INFO 16460 --- [backend] [restartedMain] com.zaxxer.hikari.HikariDataSource       : HikariPool-15 - Shutdown completed.
2026-05-26T13:14:52.739+05:30  INFO 16460 --- [backend] [restartedMain] o.apache.catalina.core.StandardService   : Stopping service [Tomcat]
2026-05-26T13:14:52.744+05:30  INFO 16460 --- [backend] [restartedMain] .s.b.a.l.ConditionEvaluationReportLogger : 

Error starting ApplicationContext. To display the condition evaluation report re-run your application with 'debug' enabled.
2026-05-26T13:14:52.750+05:30 ERROR 16460 --- [backend] [restartedMain] o.s.boot.SpringApplication               : Application run failed

org.springframework.beans.factory.BeanCreationException: Error creating bean with name 'securityFilterChain' defined in class path resource [com/tour/config/SecurityConfig.class]: Failed to instantiate [org.springframework.security.web.SecurityFilterChain]: Factory method 'securityFilterChain' threw exception with message: Error creating bean with name 'mvcHandlerMappingIntrospector' defined in class path resource [org/springframework/boot/autoconfigure/web/servlet/WebMvcAutoConfiguration$EnableWebMvcConfiguration.class]: Error creating bean with name 'requestMappingHandlerMapping' defined in class path resource [org/springframework/boot/autoconfigure/web/servlet/WebMvcAutoConfiguration$EnableWebMvcConfiguration.class]: Ambiguous mapping. Cannot map '/admin/lodgings' method 
com.tour.controller.LodgingController#addLodging(Lodging)
to {POST [/ || ]}: There is already '/admin/locations' bean method
com.tour.controller.LocationController#addLocation(Location) mapped.
	at org.springframework.beans.factory.support.ConstructorResolver.instantiate(ConstructorResolver.java:657) ~[spring-beans-6.2.18.jar:6.2.18]
	at org.springframework.beans.factory.support.ConstructorResolver.instantiateUsingFactoryMethod(ConstructorResolver.java:645) ~[spring-beans-6.2.18.jar:6.2.18]
	at org.springframework.beans.factory.support.AbstractAutowireCapableBeanFactory.instantiateUsingFactoryMethod(AbstractAutowireCapableBeanFactory.java:1375) ~[spring-beans-6.2.18.jar:6.2.18]
	at org.springframework.beans.factory.support.AbstractAutowireCapableBeanFactory.createBeanInstance(AbstractAutowireCapableBeanFactory.java:1205) ~[spring-beans-6.2.18.jar:6.2.18]
	at org.springframework.beans.factory.support.AbstractAutowireCapableBeanFactory.doCreateBean(AbstractAutowireCapableBeanFactory.java:569) ~[spring-beans-6.2.18.jar:6.2.18]
	at org.springframework.beans.factory.support.AbstractAutowireCapableBeanFactory.createBean(AbstractAutowireCapableBeanFactory.java:529) ~[spring-beans-6.2.18.jar:6.2.18]
	at org.springframework.beans.factory.support.AbstractBeanFactory.lambda$doGetBean$0(AbstractBeanFactory.java:339) ~[spring-beans-6.2.18.jar:6.2.18]
	at org.springframework.beans.factory.support.DefaultSingletonBeanRegistry.getSingleton(DefaultSingletonBeanRegistry.java:373) ~[spring-beans-6.2.18.jar:6.2.18]
	at org.springframework.beans.factory.support.AbstractBeanFactory.doGetBean(AbstractBeanFactory.java:337) ~[spring-beans-6.2.18.jar:6.2.18]
	at org.springframework.beans.factory.support.AbstractBeanFactory.getBean(AbstractBeanFactory.java:202) ~[spring-beans-6.2.18.jar:6.2.18]
	at org.springframework.beans.factory.support.DefaultListableBeanFactory.instantiateSingleton(DefaultListableBeanFactory.java:1228) ~[spring-beans-6.2.18.jar:6.2.18]
	at org.springframework.beans.factory.support.DefaultListableBeanFactory.preInstantiateSingleton(DefaultListableBeanFactory.java:1194) ~[spring-beans-6.2.18.jar:6.2.18]
	at org.springframework.beans.factory.support.DefaultListableBeanFactory.preInstantiateSingletons(DefaultListableBeanFactory.java:1130) ~[spring-beans-6.2.18.jar:6.2.18]
	at org.springframework.context.support.AbstractApplicationContext.finishBeanFactoryInitialization(AbstractApplicationContext.java:991) ~[spring-context-6.2.18.jar:6.2.18]
	at org.springframework.context.support.AbstractApplicationContext.refresh(AbstractApplicationContext.java:628) ~[spring-context-6.2.18.jar:6.2.18]
	at org.springframework.boot.web.servlet.context.ServletWebServerApplicationContext.refresh(ServletWebServerApplicationContext.java:146) ~[spring-boot-3.5.14.jar:3.5.14]
	at org.springframework.boot.SpringApplication.refresh(SpringApplication.java:752) ~[spring-boot-3.5.14.jar:3.5.14]
	at org.springframework.boot.SpringApplication.refreshContext(SpringApplication.java:439) ~[spring-boot-3.5.14.jar:3.5.14]
	at org.springframework.boot.SpringApplication.run(SpringApplication.java:318) ~[spring-boot-3.5.14.jar:3.5.14]
	at org.springframework.boot.SpringApplication.run(SpringApplication.java:1361) ~[spring-boot-3.5.14.jar:3.5.14]
	at org.springframework.boot.SpringApplication.run(SpringApplication.java:1350) ~[spring-boot-3.5.14.jar:3.5.14]
	at com.tour.BackendApplication.main(BackendApplication.java:10) ~[classes/:na]
	at java.base/jdk.internal.reflect.DirectMethodHandleAccessor.invoke(DirectMethodHandleAccessor.java:103) ~[na:na]
	at java.base/java.lang.reflect.Method.invoke(Method.java:580) ~[na:na]
	at org.springframework.boot.devtools.restart.RestartLauncher.run(RestartLauncher.java:50) ~[spring-boot-devtools-3.5.14.jar:3.5.14]
Caused by: org.springframework.beans.BeanInstantiationException: Failed to instantiate [org.springframework.security.web.SecurityFilterChain]: Factory method 'securityFilterChain' threw exception with message: Error creating bean with name 'mvcHandlerMappingIntrospector' defined in class path resource [org/springframework/boot/autoconfigure/web/servlet/WebMvcAutoConfiguration$EnableWebMvcConfiguration.class]: Error creating bean with name 'requestMappingHandlerMapping' defined in class path resource [org/springframework/boot/autoconfigure/web/servlet/WebMvcAutoConfiguration$EnableWebMvcConfiguration.class]: Ambiguous mapping. Cannot map '/admin/lodgings' method 
com.tour.controller.LodgingController#addLodging(Lodging)
to {POST [/ || ]}: There is already '/admin/locations' bean method
com.tour.controller.LocationController#addLocation(Location) mapped.
	at org.springframework.beans.factory.support.SimpleInstantiationStrategy.lambda$instantiate$0(SimpleInstantiationStrategy.java:200) ~[spring-beans-6.2.18.jar:6.2.18]
	at org.springframework.beans.factory.support.SimpleInstantiationStrategy.instantiateWithFactoryMethod(SimpleInstantiationStrategy.java:89) ~[spring-beans-6.2.18.jar:6.2.18]
	at org.springframework.beans.factory.support.SimpleInstantiationStrategy.instantiate(SimpleInstantiationStrategy.java:169) ~[spring-beans-6.2.18.jar:6.2.18]
	at org.springframework.beans.factory.support.ConstructorResolver.instantiate(ConstructorResolver.java:653) ~[spring-beans-6.2.18.jar:6.2.18]
	... 24 common frames omitted
Caused by: org.springframework.beans.factory.BeanCreationException: Error creating bean with name 'mvcHandlerMappingIntrospector' defined in class path resource [org/springframework/boot/autoconfigure/web/servlet/WebMvcAutoConfiguration$EnableWebMvcConfiguration.class]: Error creating bean with name 'requestMappingHandlerMapping' defined in class path resource [org/springframework/boot/autoconfigure/web/servlet/WebMvcAutoConfiguration$EnableWebMvcConfiguration.class]: Ambiguous mapping. Cannot map '/admin/lodgings' method 
com.tour.controller.LodgingController#addLodging(Lodging)
to {POST [/ || ]}: There is already '/admin/locations' bean method
com.tour.controller.LocationController#addLocation(Location) mapped.
	at org.springframework.beans.factory.support.AbstractAutowireCapableBeanFactory.initializeBean(AbstractAutowireCapableBeanFactory.java:1826) ~[spring-beans-6.2.18.jar:6.2.18]
	at org.springframework.beans.factory.support.AbstractAutowireCapableBeanFactory.doCreateBean(AbstractAutowireCapableBeanFactory.java:607) ~[spring-beans-6.2.18.jar:6.2.18]
	at org.springframework.beans.factory.support.AbstractAutowireCapableBeanFactory.createBean(AbstractAutowireCapableBeanFactory.java:529) ~[spring-beans-6.2.18.jar:6.2.18]
	at org.springframework.beans.factory.support.AbstractBeanFactory.lambda$doGetBean$0(AbstractBeanFactory.java:339) ~[spring-beans-6.2.18.jar:6.2.18]
	at org.springframework.beans.factory.support.DefaultSingletonBeanRegistry.getSingleton(DefaultSingletonBeanRegistry.java:373) ~[spring-beans-6.2.18.jar:6.2.18]
	at org.springframework.beans.factory.support.AbstractBeanFactory.doGetBean(AbstractBeanFactory.java:337) ~[spring-beans-6.2.18.jar:6.2.18]
	at org.springframework.beans.factory.support.AbstractBeanFactory.getBean(AbstractBeanFactory.java:207) ~[spring-beans-6.2.18.jar:6.2.18]
	at org.springframework.context.support.AbstractApplicationContext.getBean(AbstractApplicationContext.java:1302) ~[spring-context-6.2.18.jar:6.2.18]
	at org.springframework.security.config.annotation.web.AbstractRequestMatcherRegistry.createMvcMatchers(AbstractRequestMatcherRegistry.java:126) ~[spring-security-config-6.5.10.jar:6.5.10]
	at org.springframework.security.config.annotation.web.AbstractRequestMatcherRegistry.requestMatchers(AbstractRequestMatcherRegistry.java:226) ~[spring-security-config-6.5.10.jar:6.5.10]
	at org.springframework.security.config.annotation.web.AbstractRequestMatcherRegistry.requestMatchers(AbstractRequestMatcherRegistry.java:304) ~[spring-security-config-6.5.10.jar:6.5.10]
	at com.tour.config.SecurityConfig.lambda$securityFilterChain$2(SecurityConfig.java:74) ~[classes/:na]
	at org.springframework.security.config.annotation.web.builders.HttpSecurity.authorizeHttpRequests(HttpSecurity.java:1491) ~[spring-security-config-6.5.10.jar:6.5.10]
	at com.tour.config.SecurityConfig.securityFilterChain(SecurityConfig.java:73) ~[classes/:na]
	at com.tour.config.SecurityConfig$$SpringCGLIB$$0.CGLIB$securityFilterChain$0(<generated>) ~[classes/:na]
	at com.tour.config.SecurityConfig$$SpringCGLIB$$FastClass$$1.invoke(<generated>) ~[classes/:na]
	at org.springframework.cglib.proxy.MethodProxy.invokeSuper(MethodProxy.java:258) ~[spring-core-6.2.18.jar:6.2.18]
	at org.springframework.context.annotation.ConfigurationClassEnhancer$BeanMethodInterceptor.intercept(ConfigurationClassEnhancer.java:400) ~[spring-context-6.2.18.jar:6.2.18]
	at com.tour.config.SecurityConfig$$SpringCGLIB$$0.securityFilterChain(<generated>) ~[classes/:na]
	at java.base/jdk.internal.reflect.DirectMethodHandleAccessor.invoke(DirectMethodHandleAccessor.java:103) ~[na:na]
	at java.base/java.lang.reflect.Method.invoke(Method.java:580) ~[na:na]
	at org.springframework.beans.factory.support.SimpleInstantiationStrategy.lambda$instantiate$0(SimpleInstantiationStrategy.java:172) ~[spring-beans-6.2.18.jar:6.2.18]
	... 27 common frames omitted
Caused by: org.springframework.beans.factory.BeanCreationException: Error creating bean with name 'requestMappingHandlerMapping' defined in class path resource [org/springframework/boot/autoconfigure/web/servlet/WebMvcAutoConfiguration$EnableWebMvcConfiguration.class]: Ambiguous mapping. Cannot map '/admin/lodgings' method 
com.tour.controller.LodgingController#addLodging(Lodging)
to {POST [/ || ]}: There is already '/admin/locations' bean method
com.tour.controller.LocationController#addLocation(Location) mapped.
	at org.springframework.beans.factory.support.AbstractAutowireCapableBeanFactory.initializeBean(AbstractAutowireCapableBeanFactory.java:1826) ~[spring-beans-6.2.18.jar:6.2.18]
	at org.springframework.beans.factory.support.AbstractAutowireCapableBeanFactory.doCreateBean(AbstractAutowireCapableBeanFactory.java:607) ~[spring-beans-6.2.18.jar:6.2.18]
	at org.springframework.beans.factory.support.AbstractAutowireCapableBeanFactory.createBean(AbstractAutowireCapableBeanFactory.java:529) ~[spring-beans-6.2.18.jar:6.2.18]
	at org.springframework.beans.factory.support.AbstractBeanFactory.lambda$doGetBean$0(AbstractBeanFactory.java:339) ~[spring-beans-6.2.18.jar:6.2.18]
	at org.springframework.beans.factory.support.DefaultSingletonBeanRegistry.getSingleton(DefaultSingletonBeanRegistry.java:373) ~[spring-beans-6.2.18.jar:6.2.18]
	at org.springframework.beans.factory.support.AbstractBeanFactory.doGetBean(AbstractBeanFactory.java:337) ~[spring-beans-6.2.18.jar:6.2.18]
	at org.springframework.beans.factory.support.AbstractBeanFactory.getBean(AbstractBeanFactory.java:202) ~[spring-beans-6.2.18.jar:6.2.18]
	at org.springframework.beans.factory.support.DefaultListableBeanFactory.getBeansOfType(DefaultListableBeanFactory.java:748) ~[spring-beans-6.2.18.jar:6.2.18]
	at org.springframework.context.support.AbstractApplicationContext.getBeansOfType(AbstractApplicationContext.java:1450) ~[spring-context-6.2.18.jar:6.2.18]
	at org.springframework.beans.factory.BeanFactoryUtils.beansOfTypeIncludingAncestors(BeanFactoryUtils.java:372) ~[spring-beans-6.2.18.jar:6.2.18]
	at org.springframework.web.servlet.handler.HandlerMappingIntrospector.initHandlerMappings(HandlerMappingIntrospector.java:159) ~[spring-webmvc-6.2.18.jar:6.2.18]
	at org.springframework.web.servlet.handler.HandlerMappingIntrospector.afterPropertiesSet(HandlerMappingIntrospector.java:146) ~[spring-webmvc-6.2.18.jar:6.2.18]
	at org.springframework.beans.factory.support.AbstractAutowireCapableBeanFactory.invokeInitMethods(AbstractAutowireCapableBeanFactory.java:1873) ~[spring-beans-6.2.18.jar:6.2.18]
	at org.springframework.beans.factory.support.AbstractAutowireCapableBeanFactory.initializeBean(AbstractAutowireCapableBeanFactory.java:1822) ~[spring-beans-6.2.18.jar:6.2.18]
	... 48 common frames omitted
Caused by: java.lang.IllegalStateException: Ambiguous mapping. Cannot map '/admin/lodgings' method 
com.tour.controller.LodgingController#addLodging(Lodging)
to {POST [/ || ]}: There is already '/admin/locations' bean method
com.tour.controller.LocationController#addLocation(Location) mapped.
	at org.springframework.web.servlet.handler.AbstractHandlerMethodMapping$MappingRegistry.validateMethodMapping(AbstractHandlerMethodMapping.java:677) ~[spring-webmvc-6.2.18.jar:6.2.18]
	at org.springframework.web.servlet.handler.AbstractHandlerMethodMapping$MappingRegistry.register(AbstractHandlerMethodMapping.java:637) ~[spring-webmvc-6.2.18.jar:6.2.18]
	at org.springframework.web.servlet.handler.AbstractHandlerMethodMapping.registerHandlerMethod(AbstractHandlerMethodMapping.java:331) ~[spring-webmvc-6.2.18.jar:6.2.18]
	at org.springframework.web.servlet.mvc.method.annotation.RequestMappingHandlerMapping.registerHandlerMethod(RequestMappingHandlerMapping.java:507) ~[spring-webmvc-6.2.18.jar:6.2.18]
	at org.springframework.web.servlet.mvc.method.annotation.RequestMappingHandlerMapping.registerHandlerMethod(RequestMappingHandlerMapping.java:84) ~[spring-webmvc-6.2.18.jar:6.2.18]
	at org.springframework.web.servlet.handler.AbstractHandlerMethodMapping.lambda$detectHandlerMethods$2(AbstractHandlerMethodMapping.java:298) ~[spring-webmvc-6.2.18.jar:6.2.18]
	at java.base/java.util.LinkedHashMap.forEach(LinkedHashMap.java:986) ~[na:na]
	at org.springframework.web.servlet.handler.AbstractHandlerMethodMapping.detectHandlerMethods(AbstractHandlerMethodMapping.java:296) ~[spring-webmvc-6.2.18.jar:6.2.18]
	at org.springframework.web.servlet.handler.AbstractHandlerMethodMapping.processCandidateBean(AbstractHandlerMethodMapping.java:265) ~[spring-webmvc-6.2.18.jar:6.2.18]
	at org.springframework.web.servlet.handler.AbstractHandlerMethodMapping.initHandlerMethods(AbstractHandlerMethodMapping.java:224) ~[spring-webmvc-6.2.18.jar:6.2.18]
	at org.springframework.web.servlet.handler.AbstractHandlerMethodMapping.afterPropertiesSet(AbstractHandlerMethodMapping.java:212) ~[spring-webmvc-6.2.18.jar:6.2.18]
	at org.springframework.web.servlet.mvc.method.annotation.RequestMappingHandlerMapping.afterPropertiesSet(RequestMappingHandlerMapping.java:237) ~[spring-webmvc-6.2.18.jar:6.2.18]
	at org.springframework.beans.factory.support.AbstractAutowireCapableBeanFactory.invokeInitMethods(AbstractAutowireCapableBeanFactory.java:1873) ~[spring-beans-6.2.18.jar:6.2.18]
	at org.springframework.beans.factory.support.AbstractAutowireCapableBeanFactory.initializeBean(AbstractAutowireCapableBeanFactory.java:1822) ~[spring-beans-6.2.18.jar:6.2.18]
	... 61 common frames omitted

2026-05-26T13:14:54.207+05:30  INFO 16460 --- [backend] [restartedMain] com.tour.BackendApplication              : Starting BackendApplication using Java 21.0.4 with PID 16460 (C:\Users\rakes\IdeaProjects\tour-app\backend\target\classes started by rakes in C:\Users\rakes\IdeaProjects\tour-app\backend)
2026-05-26T13:14:54.207+05:30  INFO 16460 --- [backend] [restartedMain] com.tour.BackendApplication              : No active profile set, falling back to 1 default profile: "default"
2026-05-26T13:14:54.441+05:30  INFO 16460 --- [backend] [restartedMain] .s.d.r.c.RepositoryConfigurationDelegate : Bootstrapping Spring Data JPA repositories in DEFAULT mode.
2026-05-26T13:14:54.465+05:30  INFO 16460 --- [backend] [restartedMain] .s.d.r.c.RepositoryConfigurationDelegate : Finished Spring Data repository scanning in 22 ms. Found 6 JPA repository interfaces.
2026-05-26T13:14:54.584+05:30  INFO 16460 --- [backend] [restartedMain] o.s.b.w.embedded.tomcat.TomcatWebServer  : Tomcat initialized with port 8080 (http)
2026-05-26T13:14:54.584+05:30  INFO 16460 --- [backend] [restartedMain] o.apache.catalina.core.StandardService   : Starting service [Tomcat]
2026-05-26T13:14:54.584+05:30  INFO 16460 --- [backend] [restartedMain] o.apache.catalina.core.StandardEngine    : Starting Servlet engine: [Apache Tomcat/10.1.54]
2026-05-26T13:14:54.603+05:30  INFO 16460 --- [backend] [restartedMain] o.a.c.c.C.[Tomcat-9].[localhost].[/]     : Initializing Spring embedded WebApplicationContext
2026-05-26T13:14:54.604+05:30  INFO 16460 --- [backend] [restartedMain] w.s.c.ServletWebServerApplicationContext : Root WebApplicationContext: initialization completed in 396 ms
2026-05-26T13:14:54.610+05:30  INFO 16460 --- [backend] [restartedMain] com.tour.service.JwtService              : Generating a new secret key.
2026-05-26T13:14:54.610+05:30  INFO 16460 --- [backend] [restartedMain] com.tour.service.JwtService              : Secret key generated successfully.
2026-05-26T13:14:54.643+05:30  INFO 16460 --- [backend] [restartedMain] o.hibernate.jpa.internal.util.LogHelper  : HHH000204: Processing PersistenceUnitInfo [name: default]
2026-05-26T13:14:54.645+05:30  INFO 16460 --- [backend] [restartedMain] o.h.c.internal.RegionFactoryInitiator    : HHH000026: Second-level cache disabled
2026-05-26T13:14:54.651+05:30  INFO 16460 --- [backend] [restartedMain] o.s.o.j.p.SpringPersistenceUnitInfo      : No LoadTimeWeaver setup: ignoring JPA class transformer
2026-05-26T13:14:54.652+05:30  INFO 16460 --- [backend] [restartedMain] com.zaxxer.hikari.HikariDataSource       : HikariPool-16 - Starting...
2026-05-26T13:14:54.665+05:30  INFO 16460 --- [backend] [restartedMain] com.zaxxer.hikari.pool.HikariPool        : HikariPool-16 - Added connection com.mysql.cj.jdbc.ConnectionImpl@e57acca
2026-05-26T13:14:54.666+05:30  INFO 16460 --- [backend] [restartedMain] com.zaxxer.hikari.HikariDataSource       : HikariPool-16 - Start completed.
2026-05-26T13:14:54.667+05:30  INFO 16460 --- [backend] [restartedMain] org.hibernate.orm.connections.pooling    : HHH10001005: Database info:
	Database JDBC URL [Connecting through datasource 'HikariDataSource (HikariPool-16)']
	Database driver: undefined/unknown
	Database version: 8.0.45
	Autocommit mode: undefined/unknown
	Isolation level: undefined/unknown
	Minimum pool size: undefined/unknown
	Maximum pool size: undefined/unknown
2026-05-26T13:14:54.797+05:30  INFO 16460 --- [backend] [restartedMain] o.h.e.t.j.p.i.JtaPlatformInitiator       : HHH000489: No JTA platform available (set 'hibernate.transaction.jta.platform' to enable JTA platform integration)
2026-05-26T13:14:54.867+05:30  INFO 16460 --- [backend] [restartedMain] j.LocalContainerEntityManagerFactoryBean : Initialized JPA EntityManagerFactory for persistence unit 'default'
2026-05-26T13:14:55.173+05:30  INFO 16460 --- [backend] [restartedMain] f.a.AutowiredAnnotationBeanPostProcessor : Autowired annotation should only be used on methods with parameters: public void com.tour.controller.BookingController.init()
2026-05-26T13:14:55.390+05:30  INFO 16460 --- [backend] [restartedMain] c.tour.service.CloudinaryImageService    : Cloudinary initialized with provided credentials.
2026-05-26T13:14:55.404+05:30  INFO 16460 --- [backend] [restartedMain] com.tour.config.SecurityConfig           : Configuring AuthenticationManager bean.
2026-05-26T13:14:55.410+05:30  INFO 16460 --- [backend] [restartedMain] com.tour.config.SecurityConfig           : Configuring DaoAuthenticationProvider bean.
2026-05-26T13:14:55.411+05:30  INFO 16460 --- [backend] [restartedMain] eAuthenticationProviderManagerConfigurer : Global AuthenticationManager configured with AuthenticationProvider bean with name authenticationProvider
2026-05-26T13:14:55.412+05:30  WARN 16460 --- [backend] [restartedMain] r$InitializeUserDetailsManagerConfigurer : Global AuthenticationManager configured with an AuthenticationProvider bean. UserDetailsService beans will not be used by Spring Security for automatically configuring username/password login. Consider removing the AuthenticationProvider bean. Alternatively, consider using the UserDetailsService in a manually instantiated DaoAuthenticationProvider. If the current configuration is intentional, to turn off this warning, increase the logging level of 'org.springframework.security.config.annotation.authentication.configuration.InitializeUserDetailsBeanManagerConfigurer' to ERROR
2026-05-26T13:14:55.457+05:30  WARN 16460 --- [backend] [restartedMain] JpaBaseConfiguration$JpaWebConfiguration : spring.jpa.open-in-view is enabled by default. Therefore, database queries may be performed during view rendering. Explicitly configure spring.jpa.open-in-view to disable this warning
2026-05-26T13:14:55.488+05:30  INFO 16460 --- [backend] [restartedMain] com.tour.config.SecurityConfig           : Configuring HTTP Security filters.
2026-05-26T13:14:55.489+05:30  INFO 16460 --- [backend] [restartedMain] com.tour.config.SecurityConfig           : Configuring CORS Configuration.
2026-05-26T13:14:55.518+05:30  WARN 16460 --- [backend] [restartedMain] ConfigServletWebServerApplicationContext : Exception encountered during context initialization - cancelling refresh attempt: org.springframework.beans.factory.BeanCreationException: Error creating bean with name 'securityFilterChain' defined in class path resource [com/tour/config/SecurityConfig.class]: Failed to instantiate [org.springframework.security.web.SecurityFilterChain]: Factory method 'securityFilterChain' threw exception with message: Error creating bean with name 'mvcHandlerMappingIntrospector' defined in class path resource [org/springframework/boot/autoconfigure/web/servlet/WebMvcAutoConfiguration$EnableWebMvcConfiguration.class]: Error creating bean with name 'requestMappingHandlerMapping' defined in class path resource [org/springframework/boot/autoconfigure/web/servlet/WebMvcAutoConfiguration$EnableWebMvcConfiguration.class]: Ambiguous mapping. Cannot map '/admin/lodgings' method 
com.tour.controller.LodgingController#addLodging(Lodging)
to {POST [/ || ]}: There is already '/admin/locations' bean method
com.tour.controller.LocationController#addLocation(Location) mapped.
2026-05-26T13:14:55.519+05:30  INFO 16460 --- [backend] [restartedMain] j.LocalContainerEntityManagerFactoryBean : Closing JPA EntityManagerFactory for persistence unit 'default'
2026-05-26T13:14:55.519+05:30  INFO 16460 --- [backend] [restartedMain] com.zaxxer.hikari.HikariDataSource       : HikariPool-16 - Shutdown initiated...
2026-05-26T13:14:55.522+05:30  INFO 16460 --- [backend] [restartedMain] com.zaxxer.hikari.HikariDataSource       : HikariPool-16 - Shutdown completed.
2026-05-26T13:14:55.522+05:30  INFO 16460 --- [backend] [restartedMain] o.apache.catalina.core.StandardService   : Stopping service [Tomcat]
2026-05-26T13:14:55.526+05:30  INFO 16460 --- [backend] [restartedMain] .s.b.a.l.ConditionEvaluationReportLogger : 

Error starting ApplicationContext. To display the condition evaluation report re-run your application with 'debug' enabled.
2026-05-26T13:14:55.530+05:30 ERROR 16460 --- [backend] [restartedMain] o.s.boot.SpringApplication               : Application run failed

org.springframework.beans.factory.BeanCreationException: Error creating bean with name 'securityFilterChain' defined in class path resource [com/tour/config/SecurityConfig.class]: Failed to instantiate [org.springframework.security.web.SecurityFilterChain]: Factory method 'securityFilterChain' threw exception with message: Error creating bean with name 'mvcHandlerMappingIntrospector' defined in class path resource [org/springframework/boot/autoconfigure/web/servlet/WebMvcAutoConfiguration$EnableWebMvcConfiguration.class]: Error creating bean with name 'requestMappingHandlerMapping' defined in class path resource [org/springframework/boot/autoconfigure/web/servlet/WebMvcAutoConfiguration$EnableWebMvcConfiguration.class]: Ambiguous mapping. Cannot map '/admin/lodgings' method 
com.tour.controller.LodgingController#addLodging(Lodging)
to {POST [/ || ]}: There is already '/admin/locations' bean method
com.tour.controller.LocationController#addLocation(Location) mapped.
	at org.springframework.beans.factory.support.ConstructorResolver.instantiate(ConstructorResolver.java:657) ~[spring-beans-6.2.18.jar:6.2.18]
	at org.springframework.beans.factory.support.ConstructorResolver.instantiateUsingFactoryMethod(ConstructorResolver.java:645) ~[spring-beans-6.2.18.jar:6.2.18]
	at org.springframework.beans.factory.support.AbstractAutowireCapableBeanFactory.instantiateUsingFactoryMethod(AbstractAutowireCapableBeanFactory.java:1375) ~[spring-beans-6.2.18.jar:6.2.18]
	at org.springframework.beans.factory.support.AbstractAutowireCapableBeanFactory.createBeanInstance(AbstractAutowireCapableBeanFactory.java:1205) ~[spring-beans-6.2.18.jar:6.2.18]
	at org.springframework.beans.factory.support.AbstractAutowireCapableBeanFactory.doCreateBean(AbstractAutowireCapableBeanFactory.java:569) ~[spring-beans-6.2.18.jar:6.2.18]
	at org.springframework.beans.factory.support.AbstractAutowireCapableBeanFactory.createBean(AbstractAutowireCapableBeanFactory.java:529) ~[spring-beans-6.2.18.jar:6.2.18]
	at org.springframework.beans.factory.support.AbstractBeanFactory.lambda$doGetBean$0(AbstractBeanFactory.java:339) ~[spring-beans-6.2.18.jar:6.2.18]
	at org.springframework.beans.factory.support.DefaultSingletonBeanRegistry.getSingleton(DefaultSingletonBeanRegistry.java:373) ~[spring-beans-6.2.18.jar:6.2.18]
	at org.springframework.beans.factory.support.AbstractBeanFactory.doGetBean(AbstractBeanFactory.java:337) ~[spring-beans-6.2.18.jar:6.2.18]
	at org.springframework.beans.factory.support.AbstractBeanFactory.getBean(AbstractBeanFactory.java:202) ~[spring-beans-6.2.18.jar:6.2.18]
	at org.springframework.beans.factory.support.DefaultListableBeanFactory.instantiateSingleton(DefaultListableBeanFactory.java:1228) ~[spring-beans-6.2.18.jar:6.2.18]
	at org.springframework.beans.factory.support.DefaultListableBeanFactory.preInstantiateSingleton(DefaultListableBeanFactory.java:1194) ~[spring-beans-6.2.18.jar:6.2.18]
	at org.springframework.beans.factory.support.DefaultListableBeanFactory.preInstantiateSingletons(DefaultListableBeanFactory.java:1130) ~[spring-beans-6.2.18.jar:6.2.18]
	at org.springframework.context.support.AbstractApplicationContext.finishBeanFactoryInitialization(AbstractApplicationContext.java:991) ~[spring-context-6.2.18.jar:6.2.18]
	at org.springframework.context.support.AbstractApplicationContext.refresh(AbstractApplicationContext.java:628) ~[spring-context-6.2.18.jar:6.2.18]
	at org.springframework.boot.web.servlet.context.ServletWebServerApplicationContext.refresh(ServletWebServerApplicationContext.java:146) ~[spring-boot-3.5.14.jar:3.5.14]
	at org.springframework.boot.SpringApplication.refresh(SpringApplication.java:752) ~[spring-boot-3.5.14.jar:3.5.14]
	at org.springframework.boot.SpringApplication.refreshContext(SpringApplication.java:439) ~[spring-boot-3.5.14.jar:3.5.14]
	at org.springframework.boot.SpringApplication.run(SpringApplication.java:318) ~[spring-boot-3.5.14.jar:3.5.14]
	at org.springframework.boot.SpringApplication.run(SpringApplication.java:1361) ~[spring-boot-3.5.14.jar:3.5.14]
	at org.springframework.boot.SpringApplication.run(SpringApplication.java:1350) ~[spring-boot-3.5.14.jar:3.5.14]
	at com.tour.BackendApplication.main(BackendApplication.java:10) ~[classes/:na]
	at java.base/jdk.internal.reflect.DirectMethodHandleAccessor.invoke(DirectMethodHandleAccessor.java:103) ~[na:na]
	at java.base/java.lang.reflect.Method.invoke(Method.java:580) ~[na:na]
	at org.springframework.boot.devtools.restart.RestartLauncher.run(RestartLauncher.java:50) ~[spring-boot-devtools-3.5.14.jar:3.5.14]
Caused by: org.springframework.beans.BeanInstantiationException: Failed to instantiate [org.springframework.security.web.SecurityFilterChain]: Factory method 'securityFilterChain' threw exception with message: Error creating bean with name 'mvcHandlerMappingIntrospector' defined in class path resource [org/springframework/boot/autoconfigure/web/servlet/WebMvcAutoConfiguration$EnableWebMvcConfiguration.class]: Error creating bean with name 'requestMappingHandlerMapping' defined in class path resource [org/springframework/boot/autoconfigure/web/servlet/WebMvcAutoConfiguration$EnableWebMvcConfiguration.class]: Ambiguous mapping. Cannot map '/admin/lodgings' method 
com.tour.controller.LodgingController#addLodging(Lodging)
to {POST [/ || ]}: There is already '/admin/locations' bean method
com.tour.controller.LocationController#addLocation(Location) mapped.
	at org.springframework.beans.factory.support.SimpleInstantiationStrategy.lambda$instantiate$0(SimpleInstantiationStrategy.java:200) ~[spring-beans-6.2.18.jar:6.2.18]
	at org.springframework.beans.factory.support.SimpleInstantiationStrategy.instantiateWithFactoryMethod(SimpleInstantiationStrategy.java:89) ~[spring-beans-6.2.18.jar:6.2.18]
	at org.springframework.beans.factory.support.SimpleInstantiationStrategy.instantiate(SimpleInstantiationStrategy.java:169) ~[spring-beans-6.2.18.jar:6.2.18]
	at org.springframework.beans.factory.support.ConstructorResolver.instantiate(ConstructorResolver.java:653) ~[spring-beans-6.2.18.jar:6.2.18]
	... 24 common frames omitted
Caused by: org.springframework.beans.factory.BeanCreationException: Error creating bean with name 'mvcHandlerMappingIntrospector' defined in class path resource [org/springframework/boot/autoconfigure/web/servlet/WebMvcAutoConfiguration$EnableWebMvcConfiguration.class]: Error creating bean with name 'requestMappingHandlerMapping' defined in class path resource [org/springframework/boot/autoconfigure/web/servlet/WebMvcAutoConfiguration$EnableWebMvcConfiguration.class]: Ambiguous mapping. Cannot map '/admin/lodgings' method 
com.tour.controller.LodgingController#addLodging(Lodging)
to {POST [/ || ]}: There is already '/admin/locations' bean method
com.tour.controller.LocationController#addLocation(Location) mapped.
	at org.springframework.beans.factory.support.AbstractAutowireCapableBeanFactory.initializeBean(AbstractAutowireCapableBeanFactory.java:1826) ~[spring-beans-6.2.18.jar:6.2.18]
	at org.springframework.beans.factory.support.AbstractAutowireCapableBeanFactory.doCreateBean(AbstractAutowireCapableBeanFactory.java:607) ~[spring-beans-6.2.18.jar:6.2.18]
	at org.springframework.beans.factory.support.AbstractAutowireCapableBeanFactory.createBean(AbstractAutowireCapableBeanFactory.java:529) ~[spring-beans-6.2.18.jar:6.2.18]
	at org.springframework.beans.factory.support.AbstractBeanFactory.lambda$doGetBean$0(AbstractBeanFactory.java:339) ~[spring-beans-6.2.18.jar:6.2.18]
	at org.springframework.beans.factory.support.DefaultSingletonBeanRegistry.getSingleton(DefaultSingletonBeanRegistry.java:373) ~[spring-beans-6.2.18.jar:6.2.18]
	at org.springframework.beans.factory.support.AbstractBeanFactory.doGetBean(AbstractBeanFactory.java:337) ~[spring-beans-6.2.18.jar:6.2.18]
	at org.springframework.beans.factory.support.AbstractBeanFactory.getBean(AbstractBeanFactory.java:207) ~[spring-beans-6.2.18.jar:6.2.18]
	at org.springframework.context.support.AbstractApplicationContext.getBean(AbstractApplicationContext.java:1302) ~[spring-context-6.2.18.jar:6.2.18]
	at org.springframework.security.config.annotation.web.AbstractRequestMatcherRegistry.createMvcMatchers(AbstractRequestMatcherRegistry.java:126) ~[spring-security-config-6.5.10.jar:6.5.10]
	at org.springframework.security.config.annotation.web.AbstractRequestMatcherRegistry.requestMatchers(AbstractRequestMatcherRegistry.java:226) ~[spring-security-config-6.5.10.jar:6.5.10]
	at org.springframework.security.config.annotation.web.AbstractRequestMatcherRegistry.requestMatchers(AbstractRequestMatcherRegistry.java:304) ~[spring-security-config-6.5.10.jar:6.5.10]
	at com.tour.config.SecurityConfig.lambda$securityFilterChain$2(SecurityConfig.java:74) ~[classes/:na]
	at org.springframework.security.config.annotation.web.builders.HttpSecurity.authorizeHttpRequests(HttpSecurity.java:1491) ~[spring-security-config-6.5.10.jar:6.5.10]
	at com.tour.config.SecurityConfig.securityFilterChain(SecurityConfig.java:73) ~[classes/:na]
	at com.tour.config.SecurityConfig$$SpringCGLIB$$0.CGLIB$securityFilterChain$0(<generated>) ~[classes/:na]
	at com.tour.config.SecurityConfig$$SpringCGLIB$$FastClass$$1.invoke(<generated>) ~[classes/:na]
	at org.springframework.cglib.proxy.MethodProxy.invokeSuper(MethodProxy.java:258) ~[spring-core-6.2.18.jar:6.2.18]
	at org.springframework.context.annotation.ConfigurationClassEnhancer$BeanMethodInterceptor.intercept(ConfigurationClassEnhancer.java:400) ~[spring-context-6.2.18.jar:6.2.18]
	at com.tour.config.SecurityConfig$$SpringCGLIB$$0.securityFilterChain(<generated>) ~[classes/:na]
	at java.base/jdk.internal.reflect.DirectMethodHandleAccessor.invoke(DirectMethodHandleAccessor.java:103) ~[na:na]
	at java.base/java.lang.reflect.Method.invoke(Method.java:580) ~[na:na]
	at org.springframework.beans.factory.support.SimpleInstantiationStrategy.lambda$instantiate$0(SimpleInstantiationStrategy.java:172) ~[spring-beans-6.2.18.jar:6.2.18]
	... 27 common frames omitted
Caused by: org.springframework.beans.factory.BeanCreationException: Error creating bean with name 'requestMappingHandlerMapping' defined in class path resource [org/springframework/boot/autoconfigure/web/servlet/WebMvcAutoConfiguration$EnableWebMvcConfiguration.class]: Ambiguous mapping. Cannot map '/admin/lodgings' method 
com.tour.controller.LodgingController#addLodging(Lodging)
to {POST [/ || ]}: There is already '/admin/locations' bean method
com.tour.controller.LocationController#addLocation(Location) mapped.
	at org.springframework.beans.factory.support.AbstractAutowireCapableBeanFactory.initializeBean(AbstractAutowireCapableBeanFactory.java:1826) ~[spring-beans-6.2.18.jar:6.2.18]
	at org.springframework.beans.factory.support.AbstractAutowireCapableBeanFactory.doCreateBean(AbstractAutowireCapableBeanFactory.java:607) ~[spring-beans-6.2.18.jar:6.2.18]
	at org.springframework.beans.factory.support.AbstractAutowireCapableBeanFactory.createBean(AbstractAutowireCapableBeanFactory.java:529) ~[spring-beans-6.2.18.jar:6.2.18]
	at org.springframework.beans.factory.support.AbstractBeanFactory.lambda$doGetBean$0(AbstractBeanFactory.java:339) ~[spring-beans-6.2.18.jar:6.2.18]
	at org.springframework.beans.factory.support.DefaultSingletonBeanRegistry.getSingleton(DefaultSingletonBeanRegistry.java:373) ~[spring-beans-6.2.18.jar:6.2.18]
	at org.springframework.beans.factory.support.AbstractBeanFactory.doGetBean(AbstractBeanFactory.java:337) ~[spring-beans-6.2.18.jar:6.2.18]
	at org.springframework.beans.factory.support.AbstractBeanFactory.getBean(AbstractBeanFactory.java:202) ~[spring-beans-6.2.18.jar:6.2.18]
	at org.springframework.beans.factory.support.DefaultListableBeanFactory.getBeansOfType(DefaultListableBeanFactory.java:748) ~[spring-beans-6.2.18.jar:6.2.18]
	at org.springframework.context.support.AbstractApplicationContext.getBeansOfType(AbstractApplicationContext.java:1450) ~[spring-context-6.2.18.jar:6.2.18]
	at org.springframework.beans.factory.BeanFactoryUtils.beansOfTypeIncludingAncestors(BeanFactoryUtils.java:372) ~[spring-beans-6.2.18.jar:6.2.18]
	at org.springframework.web.servlet.handler.HandlerMappingIntrospector.initHandlerMappings(HandlerMappingIntrospector.java:159) ~[spring-webmvc-6.2.18.jar:6.2.18]
	at org.springframework.web.servlet.handler.HandlerMappingIntrospector.afterPropertiesSet(HandlerMappingIntrospector.java:146) ~[spring-webmvc-6.2.18.jar:6.2.18]
	at org.springframework.beans.factory.support.AbstractAutowireCapableBeanFactory.invokeInitMethods(AbstractAutowireCapableBeanFactory.java:1873) ~[spring-beans-6.2.18.jar:6.2.18]
	at org.springframework.beans.factory.support.AbstractAutowireCapableBeanFactory.initializeBean(AbstractAutowireCapableBeanFactory.java:1822) ~[spring-beans-6.2.18.jar:6.2.18]
	... 48 common frames omitted
Caused by: java.lang.IllegalStateException: Ambiguous mapping. Cannot map '/admin/lodgings' method 
com.tour.controller.LodgingController#addLodging(Lodging)
to {POST [/ || ]}: There is already '/admin/locations' bean method
com.tour.controller.LocationController#addLocation(Location) mapped.
	at org.springframework.web.servlet.handler.AbstractHandlerMethodMapping$MappingRegistry.validateMethodMapping(AbstractHandlerMethodMapping.java:677) ~[spring-webmvc-6.2.18.jar:6.2.18]
	at org.springframework.web.servlet.handler.AbstractHandlerMethodMapping$MappingRegistry.register(AbstractHandlerMethodMapping.java:637) ~[spring-webmvc-6.2.18.jar:6.2.18]
	at org.springframework.web.servlet.handler.AbstractHandlerMethodMapping.registerHandlerMethod(AbstractHandlerMethodMapping.java:331) ~[spring-webmvc-6.2.18.jar:6.2.18]
	at org.springframework.web.servlet.mvc.method.annotation.RequestMappingHandlerMapping.registerHandlerMethod(RequestMappingHandlerMapping.java:507) ~[spring-webmvc-6.2.18.jar:6.2.18]
	at org.springframework.web.servlet.mvc.method.annotation.RequestMappingHandlerMapping.registerHandlerMethod(RequestMappingHandlerMapping.java:84) ~[spring-webmvc-6.2.18.jar:6.2.18]
	at org.springframework.web.servlet.handler.AbstractHandlerMethodMapping.lambda$detectHandlerMethods$2(AbstractHandlerMethodMapping.java:298) ~[spring-webmvc-6.2.18.jar:6.2.18]
	at java.base/java.util.LinkedHashMap.forEach(LinkedHashMap.java:986) ~[na:na]
	at org.springframework.web.servlet.handler.AbstractHandlerMethodMapping.detectHandlerMethods(AbstractHandlerMethodMapping.java:296) ~[spring-webmvc-6.2.18.jar:6.2.18]
	at org.springframework.web.servlet.handler.AbstractHandlerMethodMapping.processCandidateBean(AbstractHandlerMethodMapping.java:265) ~[spring-webmvc-6.2.18.jar:6.2.18]
	at org.springframework.web.servlet.handler.AbstractHandlerMethodMapping.initHandlerMethods(AbstractHandlerMethodMapping.java:224) ~[spring-webmvc-6.2.18.jar:6.2.18]
	at org.springframework.web.servlet.handler.AbstractHandlerMethodMapping.afterPropertiesSet(AbstractHandlerMethodMapping.java:212) ~[spring-webmvc-6.2.18.jar:6.2.18]
	at org.springframework.web.servlet.mvc.method.annotation.RequestMappingHandlerMapping.afterPropertiesSet(RequestMappingHandlerMapping.java:237) ~[spring-webmvc-6.2.18.jar:6.2.18]
	at org.springframework.beans.factory.support.AbstractAutowireCapableBeanFactory.invokeInitMethods(AbstractAutowireCapableBeanFactory.java:1873) ~[spring-beans-6.2.18.jar:6.2.18]
	at org.springframework.beans.factory.support.AbstractAutowireCapableBeanFactory.initializeBean(AbstractAutowireCapableBeanFactory.java:1822) ~[spring-beans-6.2.18.jar:6.2.18]
	... 61 common frames omitted

2026-05-26T13:15:22.674+05:30  INFO 15916 --- [backend] [restartedMain] com.tour.BackendApplication              : Starting BackendApplication using Java 21.0.4 with PID 15916 (C:\Users\rakes\IdeaProjects\tour-app\backend\target\classes started by rakes in C:\Users\rakes\IdeaProjects\tour-app\backend)
2026-05-26T13:15:22.677+05:30  INFO 15916 --- [backend] [restartedMain] com.tour.BackendApplication              : No active profile set, falling back to 1 default profile: "default"
2026-05-26T13:15:22.722+05:30  INFO 15916 --- [backend] [restartedMain] .e.DevToolsPropertyDefaultsPostProcessor : Devtools property defaults active! Set 'spring.devtools.add-properties' to 'false' to disable
2026-05-26T13:15:22.722+05:30  INFO 15916 --- [backend] [restartedMain] .e.DevToolsPropertyDefaultsPostProcessor : For additional web related logging consider setting the 'logging.level.web' property to 'DEBUG'
2026-05-26T13:15:23.759+05:30  INFO 15916 --- [backend] [restartedMain] .s.d.r.c.RepositoryConfigurationDelegate : Bootstrapping Spring Data JPA repositories in DEFAULT mode.
2026-05-26T13:15:23.841+05:30  INFO 15916 --- [backend] [restartedMain] .s.d.r.c.RepositoryConfigurationDelegate : Finished Spring Data repository scanning in 72 ms. Found 6 JPA repository interfaces.
2026-05-26T13:15:24.529+05:30  INFO 15916 --- [backend] [restartedMain] o.s.b.w.embedded.tomcat.TomcatWebServer  : Tomcat initialized with port 8080 (http)
2026-05-26T13:15:24.545+05:30  INFO 15916 --- [backend] [restartedMain] o.apache.catalina.core.StandardService   : Starting service [Tomcat]
2026-05-26T13:15:24.545+05:30  INFO 15916 --- [backend] [restartedMain] o.apache.catalina.core.StandardEngine    : Starting Servlet engine: [Apache Tomcat/10.1.54]
2026-05-26T13:15:24.599+05:30  INFO 15916 --- [backend] [restartedMain] o.a.c.c.C.[Tomcat].[localhost].[/]       : Initializing Spring embedded WebApplicationContext
2026-05-26T13:15:24.600+05:30  INFO 15916 --- [backend] [restartedMain] w.s.c.ServletWebServerApplicationContext : Root WebApplicationContext: initialization completed in 1877 ms
2026-05-26T13:15:24.623+05:30  INFO 15916 --- [backend] [restartedMain] com.tour.service.JwtService              : Generating a new secret key.
2026-05-26T13:15:24.633+05:30  INFO 15916 --- [backend] [restartedMain] com.tour.service.JwtService              : Secret key generated successfully.
2026-05-26T13:15:24.766+05:30  INFO 15916 --- [backend] [restartedMain] o.hibernate.jpa.internal.util.LogHelper  : HHH000204: Processing PersistenceUnitInfo [name: default]
2026-05-26T13:15:24.819+05:30  INFO 15916 --- [backend] [restartedMain] org.hibernate.Version                    : HHH000412: Hibernate ORM core version 6.6.49.Final
2026-05-26T13:15:24.866+05:30  INFO 15916 --- [backend] [restartedMain] o.h.c.internal.RegionFactoryInitiator    : HHH000026: Second-level cache disabled
2026-05-26T13:15:25.209+05:30  INFO 15916 --- [backend] [restartedMain] o.s.o.j.p.SpringPersistenceUnitInfo      : No LoadTimeWeaver setup: ignoring JPA class transformer
2026-05-26T13:15:25.241+05:30  INFO 15916 --- [backend] [restartedMain] com.zaxxer.hikari.HikariDataSource       : HikariPool-1 - Starting...
2026-05-26T13:15:25.586+05:30  INFO 15916 --- [backend] [restartedMain] com.zaxxer.hikari.pool.HikariPool        : HikariPool-1 - Added connection com.mysql.cj.jdbc.ConnectionImpl@69b12854
2026-05-26T13:15:25.590+05:30  INFO 15916 --- [backend] [restartedMain] com.zaxxer.hikari.HikariDataSource       : HikariPool-1 - Start completed.
2026-05-26T13:15:25.671+05:30  INFO 15916 --- [backend] [restartedMain] org.hibernate.orm.connections.pooling    : HHH10001005: Database info:
	Database JDBC URL [Connecting through datasource 'HikariDataSource (HikariPool-1)']
	Database driver: undefined/unknown
	Database version: 8.0.45
	Autocommit mode: undefined/unknown
	Isolation level: undefined/unknown
	Minimum pool size: undefined/unknown
	Maximum pool size: undefined/unknown
2026-05-26T13:15:26.742+05:30  INFO 15916 --- [backend] [restartedMain] o.h.e.t.j.p.i.JtaPlatformInitiator       : HHH000489: No JTA platform available (set 'hibernate.transaction.jta.platform' to enable JTA platform integration)
2026-05-26T13:15:26.859+05:30  INFO 15916 --- [backend] [restartedMain] j.LocalContainerEntityManagerFactoryBean : Initialized JPA EntityManagerFactory for persistence unit 'default'
2026-05-26T13:15:27.079+05:30  INFO 15916 --- [backend] [restartedMain] o.s.d.j.r.query.QueryEnhancerFactory     : Hibernate is in classpath; If applicable, HQL parser will be used.
2026-05-26T13:15:27.676+05:30  INFO 15916 --- [backend] [restartedMain] f.a.AutowiredAnnotationBeanPostProcessor : Autowired annotation should only be used on methods with parameters: public void com.tour.controller.BookingController.init()
2026-05-26T13:15:28.012+05:30  INFO 15916 --- [backend] [restartedMain] c.tour.service.CloudinaryImageService    : Cloudinary initialized with provided credentials.
2026-05-26T13:15:28.034+05:30  INFO 15916 --- [backend] [restartedMain] com.tour.config.SecurityConfig           : Configuring AuthenticationManager bean.
2026-05-26T13:15:28.049+05:30  INFO 15916 --- [backend] [restartedMain] com.tour.config.SecurityConfig           : Configuring DaoAuthenticationProvider bean.
2026-05-26T13:15:28.056+05:30  INFO 15916 --- [backend] [restartedMain] eAuthenticationProviderManagerConfigurer : Global AuthenticationManager configured with AuthenticationProvider bean with name authenticationProvider
2026-05-26T13:15:28.057+05:30  WARN 15916 --- [backend] [restartedMain] r$InitializeUserDetailsManagerConfigurer : Global AuthenticationManager configured with an AuthenticationProvider bean. UserDetailsService beans will not be used by Spring Security for automatically configuring username/password login. Consider removing the AuthenticationProvider bean. Alternatively, consider using the UserDetailsService in a manually instantiated DaoAuthenticationProvider. If the current configuration is intentional, to turn off this warning, increase the logging level of 'org.springframework.security.config.annotation.authentication.configuration.InitializeUserDetailsBeanManagerConfigurer' to ERROR
2026-05-26T13:15:28.165+05:30  WARN 15916 --- [backend] [restartedMain] JpaBaseConfiguration$JpaWebConfiguration : spring.jpa.open-in-view is enabled by default. Therefore, database queries may be performed during view rendering. Explicitly configure spring.jpa.open-in-view to disable this warning
2026-05-26T13:15:28.279+05:30  INFO 15916 --- [backend] [restartedMain] com.tour.config.SecurityConfig           : Configuring HTTP Security filters.
2026-05-26T13:15:28.280+05:30  INFO 15916 --- [backend] [restartedMain] com.tour.config.SecurityConfig           : Configuring CORS Configuration.
2026-05-26T13:15:28.363+05:30  WARN 15916 --- [backend] [restartedMain] ConfigServletWebServerApplicationContext : Exception encountered during context initialization - cancelling refresh attempt: org.springframework.beans.factory.BeanCreationException: Error creating bean with name 'securityFilterChain' defined in class path resource [com/tour/config/SecurityConfig.class]: Failed to instantiate [org.springframework.security.web.SecurityFilterChain]: Factory method 'securityFilterChain' threw exception with message: Error creating bean with name 'mvcHandlerMappingIntrospector' defined in class path resource [org/springframework/boot/autoconfigure/web/servlet/WebMvcAutoConfiguration$EnableWebMvcConfiguration.class]: Error creating bean with name 'requestMappingHandlerMapping' defined in class path resource [org/springframework/boot/autoconfigure/web/servlet/WebMvcAutoConfiguration$EnableWebMvcConfiguration.class]: Ambiguous mapping. Cannot map '/admin/lodgings' method 
com.tour.controller.LodgingController#getAllLodgings()
to {GET [/ || ]}: There is already '/admin/locations' bean method
com.tour.controller.LocationController#getAllLocations() mapped.
2026-05-26T13:15:28.365+05:30  INFO 15916 --- [backend] [restartedMain] j.LocalContainerEntityManagerFactoryBean : Closing JPA EntityManagerFactory for persistence unit 'default'
2026-05-26T13:15:28.369+05:30  INFO 15916 --- [backend] [restartedMain] com.zaxxer.hikari.HikariDataSource       : HikariPool-1 - Shutdown initiated...
2026-05-26T13:15:28.377+05:30  INFO 15916 --- [backend] [restartedMain] com.zaxxer.hikari.HikariDataSource       : HikariPool-1 - Shutdown completed.
2026-05-26T13:15:28.379+05:30  INFO 15916 --- [backend] [restartedMain] o.apache.catalina.core.StandardService   : Stopping service [Tomcat]
2026-05-26T13:15:28.391+05:30  INFO 15916 --- [backend] [restartedMain] .s.b.a.l.ConditionEvaluationReportLogger : 

Error starting ApplicationContext. To display the condition evaluation report re-run your application with 'debug' enabled.
2026-05-26T13:15:28.410+05:30 ERROR 15916 --- [backend] [restartedMain] o.s.boot.SpringApplication               : Application run failed

org.springframework.beans.factory.BeanCreationException: Error creating bean with name 'securityFilterChain' defined in class path resource [com/tour/config/SecurityConfig.class]: Failed to instantiate [org.springframework.security.web.SecurityFilterChain]: Factory method 'securityFilterChain' threw exception with message: Error creating bean with name 'mvcHandlerMappingIntrospector' defined in class path resource [org/springframework/boot/autoconfigure/web/servlet/WebMvcAutoConfiguration$EnableWebMvcConfiguration.class]: Error creating bean with name 'requestMappingHandlerMapping' defined in class path resource [org/springframework/boot/autoconfigure/web/servlet/WebMvcAutoConfiguration$EnableWebMvcConfiguration.class]: Ambiguous mapping. Cannot map '/admin/lodgings' method 
com.tour.controller.LodgingController#getAllLodgings()
to {GET [/ || ]}: There is already '/admin/locations' bean method
com.tour.controller.LocationController#getAllLocations() mapped.
	at org.springframework.beans.factory.support.ConstructorResolver.instantiate(ConstructorResolver.java:657) ~[spring-beans-6.2.18.jar:6.2.18]
	at org.springframework.beans.factory.support.ConstructorResolver.instantiateUsingFactoryMethod(ConstructorResolver.java:645) ~[spring-beans-6.2.18.jar:6.2.18]
	at org.springframework.beans.factory.support.AbstractAutowireCapableBeanFactory.instantiateUsingFactoryMethod(AbstractAutowireCapableBeanFactory.java:1375) ~[spring-beans-6.2.18.jar:6.2.18]
	at org.springframework.beans.factory.support.AbstractAutowireCapableBeanFactory.createBeanInstance(AbstractAutowireCapableBeanFactory.java:1205) ~[spring-beans-6.2.18.jar:6.2.18]
	at org.springframework.beans.factory.support.AbstractAutowireCapableBeanFactory.doCreateBean(AbstractAutowireCapableBeanFactory.java:569) ~[spring-beans-6.2.18.jar:6.2.18]
	at org.springframework.beans.factory.support.AbstractAutowireCapableBeanFactory.createBean(AbstractAutowireCapableBeanFactory.java:529) ~[spring-beans-6.2.18.jar:6.2.18]
	at org.springframework.beans.factory.support.AbstractBeanFactory.lambda$doGetBean$0(AbstractBeanFactory.java:339) ~[spring-beans-6.2.18.jar:6.2.18]
	at org.springframework.beans.factory.support.DefaultSingletonBeanRegistry.getSingleton(DefaultSingletonBeanRegistry.java:373) ~[spring-beans-6.2.18.jar:6.2.18]
	at org.springframework.beans.factory.support.AbstractBeanFactory.doGetBean(AbstractBeanFactory.java:337) ~[spring-beans-6.2.18.jar:6.2.18]
	at org.springframework.beans.factory.support.AbstractBeanFactory.getBean(AbstractBeanFactory.java:202) ~[spring-beans-6.2.18.jar:6.2.18]
	at org.springframework.beans.factory.support.DefaultListableBeanFactory.instantiateSingleton(DefaultListableBeanFactory.java:1228) ~[spring-beans-6.2.18.jar:6.2.18]
	at org.springframework.beans.factory.support.DefaultListableBeanFactory.preInstantiateSingleton(DefaultListableBeanFactory.java:1194) ~[spring-beans-6.2.18.jar:6.2.18]
	at org.springframework.beans.factory.support.DefaultListableBeanFactory.preInstantiateSingletons(DefaultListableBeanFactory.java:1130) ~[spring-beans-6.2.18.jar:6.2.18]
	at org.springframework.context.support.AbstractApplicationContext.finishBeanFactoryInitialization(AbstractApplicationContext.java:991) ~[spring-context-6.2.18.jar:6.2.18]
	at org.springframework.context.support.AbstractApplicationContext.refresh(AbstractApplicationContext.java:628) ~[spring-context-6.2.18.jar:6.2.18]
	at org.springframework.boot.web.servlet.context.ServletWebServerApplicationContext.refresh(ServletWebServerApplicationContext.java:146) ~[spring-boot-3.5.14.jar:3.5.14]
	at org.springframework.boot.SpringApplication.refresh(SpringApplication.java:752) ~[spring-boot-3.5.14.jar:3.5.14]
	at org.springframework.boot.SpringApplication.refreshContext(SpringApplication.java:439) ~[spring-boot-3.5.14.jar:3.5.14]
	at org.springframework.boot.SpringApplication.run(SpringApplication.java:318) ~[spring-boot-3.5.14.jar:3.5.14]
	at org.springframework.boot.SpringApplication.run(SpringApplication.java:1361) ~[spring-boot-3.5.14.jar:3.5.14]
	at org.springframework.boot.SpringApplication.run(SpringApplication.java:1350) ~[spring-boot-3.5.14.jar:3.5.14]
	at com.tour.BackendApplication.main(BackendApplication.java:10) ~[classes/:na]
	at java.base/jdk.internal.reflect.DirectMethodHandleAccessor.invoke(DirectMethodHandleAccessor.java:103) ~[na:na]
	at java.base/java.lang.reflect.Method.invoke(Method.java:580) ~[na:na]
	at org.springframework.boot.devtools.restart.RestartLauncher.run(RestartLauncher.java:50) ~[spring-boot-devtools-3.5.14.jar:3.5.14]
Caused by: org.springframework.beans.BeanInstantiationException: Failed to instantiate [org.springframework.security.web.SecurityFilterChain]: Factory method 'securityFilterChain' threw exception with message: Error creating bean with name 'mvcHandlerMappingIntrospector' defined in class path resource [org/springframework/boot/autoconfigure/web/servlet/WebMvcAutoConfiguration$EnableWebMvcConfiguration.class]: Error creating bean with name 'requestMappingHandlerMapping' defined in class path resource [org/springframework/boot/autoconfigure/web/servlet/WebMvcAutoConfiguration$EnableWebMvcConfiguration.class]: Ambiguous mapping. Cannot map '/admin/lodgings' method 
com.tour.controller.LodgingController#getAllLodgings()
to {GET [/ || ]}: There is already '/admin/locations' bean method
com.tour.controller.LocationController#getAllLocations() mapped.
	at org.springframework.beans.factory.support.SimpleInstantiationStrategy.lambda$instantiate$0(SimpleInstantiationStrategy.java:200) ~[spring-beans-6.2.18.jar:6.2.18]
	at org.springframework.beans.factory.support.SimpleInstantiationStrategy.instantiateWithFactoryMethod(SimpleInstantiationStrategy.java:89) ~[spring-beans-6.2.18.jar:6.2.18]
	at org.springframework.beans.factory.support.SimpleInstantiationStrategy.instantiate(SimpleInstantiationStrategy.java:169) ~[spring-beans-6.2.18.jar:6.2.18]
	at org.springframework.beans.factory.support.ConstructorResolver.instantiate(ConstructorResolver.java:653) ~[spring-beans-6.2.18.jar:6.2.18]
	... 24 common frames omitted
Caused by: org.springframework.beans.factory.BeanCreationException: Error creating bean with name 'mvcHandlerMappingIntrospector' defined in class path resource [org/springframework/boot/autoconfigure/web/servlet/WebMvcAutoConfiguration$EnableWebMvcConfiguration.class]: Error creating bean with name 'requestMappingHandlerMapping' defined in class path resource [org/springframework/boot/autoconfigure/web/servlet/WebMvcAutoConfiguration$EnableWebMvcConfiguration.class]: Ambiguous mapping. Cannot map '/admin/lodgings' method 
com.tour.controller.LodgingController#getAllLodgings()
to {GET [/ || ]}: There is already '/admin/locations' bean method
com.tour.controller.LocationController#getAllLocations() mapped.
	at org.springframework.beans.factory.support.AbstractAutowireCapableBeanFactory.initializeBean(AbstractAutowireCapableBeanFactory.java:1826) ~[spring-beans-6.2.18.jar:6.2.18]
	at org.springframework.beans.factory.support.AbstractAutowireCapableBeanFactory.doCreateBean(AbstractAutowireCapableBeanFactory.java:607) ~[spring-beans-6.2.18.jar:6.2.18]
	at org.springframework.beans.factory.support.AbstractAutowireCapableBeanFactory.createBean(AbstractAutowireCapableBeanFactory.java:529) ~[spring-beans-6.2.18.jar:6.2.18]
	at org.springframework.beans.factory.support.AbstractBeanFactory.lambda$doGetBean$0(AbstractBeanFactory.java:339) ~[spring-beans-6.2.18.jar:6.2.18]
	at org.springframework.beans.factory.support.DefaultSingletonBeanRegistry.getSingleton(DefaultSingletonBeanRegistry.java:373) ~[spring-beans-6.2.18.jar:6.2.18]
	at org.springframework.beans.factory.support.AbstractBeanFactory.doGetBean(AbstractBeanFactory.java:337) ~[spring-beans-6.2.18.jar:6.2.18]
	at org.springframework.beans.factory.support.AbstractBeanFactory.getBean(AbstractBeanFactory.java:207) ~[spring-beans-6.2.18.jar:6.2.18]
	at org.springframework.context.support.AbstractApplicationContext.getBean(AbstractApplicationContext.java:1302) ~[spring-context-6.2.18.jar:6.2.18]
	at org.springframework.security.config.annotation.web.AbstractRequestMatcherRegistry.createMvcMatchers(AbstractRequestMatcherRegistry.java:126) ~[spring-security-config-6.5.10.jar:6.5.10]
	at org.springframework.security.config.annotation.web.AbstractRequestMatcherRegistry.requestMatchers(AbstractRequestMatcherRegistry.java:226) ~[spring-security-config-6.5.10.jar:6.5.10]
	at org.springframework.security.config.annotation.web.AbstractRequestMatcherRegistry.requestMatchers(AbstractRequestMatcherRegistry.java:304) ~[spring-security-config-6.5.10.jar:6.5.10]
	at com.tour.config.SecurityConfig.lambda$securityFilterChain$2(SecurityConfig.java:74) ~[classes/:na]
	at org.springframework.security.config.annotation.web.builders.HttpSecurity.authorizeHttpRequests(HttpSecurity.java:1491) ~[spring-security-config-6.5.10.jar:6.5.10]
	at com.tour.config.SecurityConfig.securityFilterChain(SecurityConfig.java:73) ~[classes/:na]
	at com.tour.config.SecurityConfig$$SpringCGLIB$$0.CGLIB$securityFilterChain$2(<generated>) ~[classes/:na]
	at com.tour.config.SecurityConfig$$SpringCGLIB$$FastClass$$1.invoke(<generated>) ~[classes/:na]
	at org.springframework.cglib.proxy.MethodProxy.invokeSuper(MethodProxy.java:258) ~[spring-core-6.2.18.jar:6.2.18]
	at org.springframework.context.annotation.ConfigurationClassEnhancer$BeanMethodInterceptor.intercept(ConfigurationClassEnhancer.java:400) ~[spring-context-6.2.18.jar:6.2.18]
	at com.tour.config.SecurityConfig$$SpringCGLIB$$0.securityFilterChain(<generated>) ~[classes/:na]
	at java.base/jdk.internal.reflect.DirectMethodHandleAccessor.invoke(DirectMethodHandleAccessor.java:103) ~[na:na]
	at java.base/java.lang.reflect.Method.invoke(Method.java:580) ~[na:na]
	at org.springframework.beans.factory.support.SimpleInstantiationStrategy.lambda$instantiate$0(SimpleInstantiationStrategy.java:172) ~[spring-beans-6.2.18.jar:6.2.18]
	... 27 common frames omitted
Caused by: org.springframework.beans.factory.BeanCreationException: Error creating bean with name 'requestMappingHandlerMapping' defined in class path resource [org/springframework/boot/autoconfigure/web/servlet/WebMvcAutoConfiguration$EnableWebMvcConfiguration.class]: Ambiguous mapping. Cannot map '/admin/lodgings' method 
com.tour.controller.LodgingController#getAllLodgings()
to {GET [/ || ]}: There is already '/admin/locations' bean method
com.tour.controller.LocationController#getAllLocations() mapped.
	at org.springframework.beans.factory.support.AbstractAutowireCapableBeanFactory.initializeBean(AbstractAutowireCapableBeanFactory.java:1826) ~[spring-beans-6.2.18.jar:6.2.18]
	at org.springframework.beans.factory.support.AbstractAutowireCapableBeanFactory.doCreateBean(AbstractAutowireCapableBeanFactory.java:607) ~[spring-beans-6.2.18.jar:6.2.18]
	at org.springframework.beans.factory.support.AbstractAutowireCapableBeanFactory.createBean(AbstractAutowireCapableBeanFactory.java:529) ~[spring-beans-6.2.18.jar:6.2.18]
	at org.springframework.beans.factory.support.AbstractBeanFactory.lambda$doGetBean$0(AbstractBeanFactory.java:339) ~[spring-beans-6.2.18.jar:6.2.18]
	at org.springframework.beans.factory.support.DefaultSingletonBeanRegistry.getSingleton(DefaultSingletonBeanRegistry.java:373) ~[spring-beans-6.2.18.jar:6.2.18]
	at org.springframework.beans.factory.support.AbstractBeanFactory.doGetBean(AbstractBeanFactory.java:337) ~[spring-beans-6.2.18.jar:6.2.18]
	at org.springframework.beans.factory.support.AbstractBeanFactory.getBean(AbstractBeanFactory.java:202) ~[spring-beans-6.2.18.jar:6.2.18]
	at org.springframework.beans.factory.support.DefaultListableBeanFactory.getBeansOfType(DefaultListableBeanFactory.java:748) ~[spring-beans-6.2.18.jar:6.2.18]
	at org.springframework.context.support.AbstractApplicationContext.getBeansOfType(AbstractApplicationContext.java:1450) ~[spring-context-6.2.18.jar:6.2.18]
	at org.springframework.beans.factory.BeanFactoryUtils.beansOfTypeIncludingAncestors(BeanFactoryUtils.java:372) ~[spring-beans-6.2.18.jar:6.2.18]
	at org.springframework.web.servlet.handler.HandlerMappingIntrospector.initHandlerMappings(HandlerMappingIntrospector.java:159) ~[spring-webmvc-6.2.18.jar:6.2.18]
	at org.springframework.web.servlet.handler.HandlerMappingIntrospector.afterPropertiesSet(HandlerMappingIntrospector.java:146) ~[spring-webmvc-6.2.18.jar:6.2.18]
	at org.springframework.beans.factory.support.AbstractAutowireCapableBeanFactory.invokeInitMethods(AbstractAutowireCapableBeanFactory.java:1873) ~[spring-beans-6.2.18.jar:6.2.18]
	at org.springframework.beans.factory.support.AbstractAutowireCapableBeanFactory.initializeBean(AbstractAutowireCapableBeanFactory.java:1822) ~[spring-beans-6.2.18.jar:6.2.18]
	... 48 common frames omitted
Caused by: java.lang.IllegalStateException: Ambiguous mapping. Cannot map '/admin/lodgings' method 
com.tour.controller.LodgingController#getAllLodgings()
to {GET [/ || ]}: There is already '/admin/locations' bean method
com.tour.controller.LocationController#getAllLocations() mapped.
	at org.springframework.web.servlet.handler.AbstractHandlerMethodMapping$MappingRegistry.validateMethodMapping(AbstractHandlerMethodMapping.java:677) ~[spring-webmvc-6.2.18.jar:6.2.18]
	at org.springframework.web.servlet.handler.AbstractHandlerMethodMapping$MappingRegistry.register(AbstractHandlerMethodMapping.java:637) ~[spring-webmvc-6.2.18.jar:6.2.18]
	at org.springframework.web.servlet.handler.AbstractHandlerMethodMapping.registerHandlerMethod(AbstractHandlerMethodMapping.java:331) ~[spring-webmvc-6.2.18.jar:6.2.18]
	at org.springframework.web.servlet.mvc.method.annotation.RequestMappingHandlerMapping.registerHandlerMethod(RequestMappingHandlerMapping.java:507) ~[spring-webmvc-6.2.18.jar:6.2.18]
	at org.springframework.web.servlet.mvc.method.annotation.RequestMappingHandlerMapping.registerHandlerMethod(RequestMappingHandlerMapping.java:84) ~[spring-webmvc-6.2.18.jar:6.2.18]
	at org.springframework.web.servlet.handler.AbstractHandlerMethodMapping.lambda$detectHandlerMethods$2(AbstractHandlerMethodMapping.java:298) ~[spring-webmvc-6.2.18.jar:6.2.18]
	at java.base/java.util.LinkedHashMap.forEach(LinkedHashMap.java:986) ~[na:na]
	at org.springframework.web.servlet.handler.AbstractHandlerMethodMapping.detectHandlerMethods(AbstractHandlerMethodMapping.java:296) ~[spring-webmvc-6.2.18.jar:6.2.18]
	at org.springframework.web.servlet.handler.AbstractHandlerMethodMapping.processCandidateBean(AbstractHandlerMethodMapping.java:265) ~[spring-webmvc-6.2.18.jar:6.2.18]
	at org.springframework.web.servlet.handler.AbstractHandlerMethodMapping.initHandlerMethods(AbstractHandlerMethodMapping.java:224) ~[spring-webmvc-6.2.18.jar:6.2.18]
	at org.springframework.web.servlet.handler.AbstractHandlerMethodMapping.afterPropertiesSet(AbstractHandlerMethodMapping.java:212) ~[spring-webmvc-6.2.18.jar:6.2.18]
	at org.springframework.web.servlet.mvc.method.annotation.RequestMappingHandlerMapping.afterPropertiesSet(RequestMappingHandlerMapping.java:237) ~[spring-webmvc-6.2.18.jar:6.2.18]
	at org.springframework.beans.factory.support.AbstractAutowireCapableBeanFactory.invokeInitMethods(AbstractAutowireCapableBeanFactory.java:1873) ~[spring-beans-6.2.18.jar:6.2.18]
	at org.springframework.beans.factory.support.AbstractAutowireCapableBeanFactory.initializeBean(AbstractAutowireCapableBeanFactory.java:1822) ~[spring-beans-6.2.18.jar:6.2.18]
	... 61 common frames omitted

2026-05-26T13:18:46.621+05:30  INFO 29936 --- [backend] [restartedMain] com.tour.BackendApplication              : Starting BackendApplication using Java 21.0.4 with PID 29936 (C:\Users\rakes\IdeaProjects\tour-app\backend\target\classes started by rakes in C:\Users\rakes\IdeaProjects\tour-app\backend)
2026-05-26T13:18:46.624+05:30  INFO 29936 --- [backend] [restartedMain] com.tour.BackendApplication              : No active profile set, falling back to 1 default profile: "default"
2026-05-26T13:18:46.670+05:30  INFO 29936 --- [backend] [restartedMain] .e.DevToolsPropertyDefaultsPostProcessor : Devtools property defaults active! Set 'spring.devtools.add-properties' to 'false' to disable
2026-05-26T13:18:46.670+05:30  INFO 29936 --- [backend] [restartedMain] .e.DevToolsPropertyDefaultsPostProcessor : For additional web related logging consider setting the 'logging.level.web' property to 'DEBUG'
2026-05-26T13:18:47.656+05:30  INFO 29936 --- [backend] [restartedMain] .s.d.r.c.RepositoryConfigurationDelegate : Bootstrapping Spring Data JPA repositories in DEFAULT mode.
2026-05-26T13:18:47.745+05:30  INFO 29936 --- [backend] [restartedMain] .s.d.r.c.RepositoryConfigurationDelegate : Finished Spring Data repository scanning in 77 ms. Found 6 JPA repository interfaces.
2026-05-26T13:18:48.438+05:30  INFO 29936 --- [backend] [restartedMain] o.s.b.w.embedded.tomcat.TomcatWebServer  : Tomcat initialized with port 8080 (http)
2026-05-26T13:18:48.458+05:30  INFO 29936 --- [backend] [restartedMain] o.apache.catalina.core.StandardService   : Starting service [Tomcat]
2026-05-26T13:18:48.459+05:30  INFO 29936 --- [backend] [restartedMain] o.apache.catalina.core.StandardEngine    : Starting Servlet engine: [Apache Tomcat/10.1.54]
2026-05-26T13:18:48.512+05:30  INFO 29936 --- [backend] [restartedMain] o.a.c.c.C.[Tomcat].[localhost].[/]       : Initializing Spring embedded WebApplicationContext
2026-05-26T13:18:48.513+05:30  INFO 29936 --- [backend] [restartedMain] w.s.c.ServletWebServerApplicationContext : Root WebApplicationContext: initialization completed in 1843 ms
2026-05-26T13:18:48.532+05:30  INFO 29936 --- [backend] [restartedMain] com.tour.service.JwtService              : Generating a new secret key.
2026-05-26T13:18:48.539+05:30  INFO 29936 --- [backend] [restartedMain] com.tour.service.JwtService              : Secret key generated successfully.
2026-05-26T13:18:48.656+05:30  INFO 29936 --- [backend] [restartedMain] o.hibernate.jpa.internal.util.LogHelper  : HHH000204: Processing PersistenceUnitInfo [name: default]
2026-05-26T13:18:48.716+05:30  INFO 29936 --- [backend] [restartedMain] org.hibernate.Version                    : HHH000412: Hibernate ORM core version 6.6.49.Final
2026-05-26T13:18:48.748+05:30  INFO 29936 --- [backend] [restartedMain] o.h.c.internal.RegionFactoryInitiator    : HHH000026: Second-level cache disabled
2026-05-26T13:18:49.001+05:30  INFO 29936 --- [backend] [restartedMain] o.s.o.j.p.SpringPersistenceUnitInfo      : No LoadTimeWeaver setup: ignoring JPA class transformer
2026-05-26T13:18:49.031+05:30  INFO 29936 --- [backend] [restartedMain] com.zaxxer.hikari.HikariDataSource       : HikariPool-1 - Starting...
2026-05-26T13:18:49.339+05:30  INFO 29936 --- [backend] [restartedMain] com.zaxxer.hikari.pool.HikariPool        : HikariPool-1 - Added connection com.mysql.cj.jdbc.ConnectionImpl@6a717df5
2026-05-26T13:18:49.342+05:30  INFO 29936 --- [backend] [restartedMain] com.zaxxer.hikari.HikariDataSource       : HikariPool-1 - Start completed.
2026-05-26T13:18:49.422+05:30  INFO 29936 --- [backend] [restartedMain] org.hibernate.orm.connections.pooling    : HHH10001005: Database info:
	Database JDBC URL [Connecting through datasource 'HikariDataSource (HikariPool-1)']
	Database driver: undefined/unknown
	Database version: 8.0.45
	Autocommit mode: undefined/unknown
	Isolation level: undefined/unknown
	Minimum pool size: undefined/unknown
	Maximum pool size: undefined/unknown
2026-05-26T13:18:50.478+05:30  INFO 29936 --- [backend] [restartedMain] o.h.e.t.j.p.i.JtaPlatformInitiator       : HHH000489: No JTA platform available (set 'hibernate.transaction.jta.platform' to enable JTA platform integration)
2026-05-26T13:18:50.591+05:30  INFO 29936 --- [backend] [restartedMain] j.LocalContainerEntityManagerFactoryBean : Initialized JPA EntityManagerFactory for persistence unit 'default'
2026-05-26T13:18:50.891+05:30  INFO 29936 --- [backend] [restartedMain] o.s.d.j.r.query.QueryEnhancerFactory     : Hibernate is in classpath; If applicable, HQL parser will be used.
2026-05-26T13:18:51.433+05:30  INFO 29936 --- [backend] [restartedMain] f.a.AutowiredAnnotationBeanPostProcessor : Autowired annotation should only be used on methods with parameters: public void com.tour.controller.BookingController.init()
2026-05-26T13:18:51.768+05:30  INFO 29936 --- [backend] [restartedMain] c.tour.service.CloudinaryImageService    : Cloudinary initialized with provided credentials.
2026-05-26T13:18:51.790+05:30  INFO 29936 --- [backend] [restartedMain] com.tour.config.SecurityConfig           : Configuring AuthenticationManager bean.
2026-05-26T13:18:51.807+05:30  INFO 29936 --- [backend] [restartedMain] com.tour.config.SecurityConfig           : Configuring DaoAuthenticationProvider bean.
2026-05-26T13:18:51.815+05:30  INFO 29936 --- [backend] [restartedMain] eAuthenticationProviderManagerConfigurer : Global AuthenticationManager configured with AuthenticationProvider bean with name authenticationProvider
2026-05-26T13:18:51.815+05:30  WARN 29936 --- [backend] [restartedMain] r$InitializeUserDetailsManagerConfigurer : Global AuthenticationManager configured with an AuthenticationProvider bean. UserDetailsService beans will not be used by Spring Security for automatically configuring username/password login. Consider removing the AuthenticationProvider bean. Alternatively, consider using the UserDetailsService in a manually instantiated DaoAuthenticationProvider. If the current configuration is intentional, to turn off this warning, increase the logging level of 'org.springframework.security.config.annotation.authentication.configuration.InitializeUserDetailsBeanManagerConfigurer' to ERROR
2026-05-26T13:18:51.919+05:30  WARN 29936 --- [backend] [restartedMain] JpaBaseConfiguration$JpaWebConfiguration : spring.jpa.open-in-view is enabled by default. Therefore, database queries may be performed during view rendering. Explicitly configure spring.jpa.open-in-view to disable this warning
2026-05-26T13:18:52.053+05:30  INFO 29936 --- [backend] [restartedMain] com.tour.config.SecurityConfig           : Configuring HTTP Security filters.
2026-05-26T13:18:52.055+05:30  INFO 29936 --- [backend] [restartedMain] com.tour.config.SecurityConfig           : Configuring CORS Configuration.
2026-05-26T13:18:52.801+05:30  INFO 29936 --- [backend] [restartedMain] o.s.b.d.a.OptionalLiveReloadServer       : LiveReload server is running on port 35729
2026-05-26T13:18:52.845+05:30  INFO 29936 --- [backend] [restartedMain] o.s.b.w.embedded.tomcat.TomcatWebServer  : Tomcat started on port 8080 (http) with context path '/'
2026-05-26T13:18:52.854+05:30  INFO 29936 --- [backend] [restartedMain] com.tour.BackendApplication              : Started BackendApplication in 6.736 seconds (process running for 7.568)
2026-05-26T13:18:52.857+05:30  WARN 29936 --- [backend] [restartedMain] o.s.core.events.SpringDocAppInitializer  : SpringDoc /v3/api-docs endpoint is enabled by default. To disable it in production, set the property 'springdoc.api-docs.enabled=false'
2026-05-26T13:18:52.858+05:30  WARN 29936 --- [backend] [restartedMain] o.s.core.events.SpringDocAppInitializer  : SpringDoc /swagger-ui.html endpoint is enabled by default. To disable it in production, set the property 'springdoc.swagger-ui.enabled=false'
2026-05-26T13:18:58.697+05:30  INFO 29936 --- [backend] [http-nio-8080-exec-1] o.a.c.c.C.[Tomcat].[localhost].[/]       : Initializing Spring DispatcherServlet 'dispatcherServlet'
2026-05-26T13:18:58.697+05:30  INFO 29936 --- [backend] [http-nio-8080-exec-1] o.s.web.servlet.DispatcherServlet        : Initializing Servlet 'dispatcherServlet'
2026-05-26T13:18:58.697+05:30  INFO 29936 --- [backend] [http-nio-8080-exec-1] o.s.web.servlet.DispatcherServlet        : Completed initialization in 0 ms
2026-05-26T13:18:58.715+05:30  INFO 29936 --- [backend] [http-nio-8080-exec-1] com.tour.config.JwtFilter                : Processing request to URI: /swagger-ui/index.html
2026-05-26T13:18:58.715+05:30  INFO 29936 --- [backend] [http-nio-8080-exec-1] com.tour.config.JwtFilter                : Continuing filter chain for request to URI: /swagger-ui/index.html
2026-05-26T13:18:58.809+05:30  INFO 29936 --- [backend] [http-nio-8080-exec-3] com.tour.config.JwtFilter                : Processing request to URI: /swagger-ui/swagger-ui.css
2026-05-26T13:18:58.810+05:30  INFO 29936 --- [backend] [http-nio-8080-exec-3] com.tour.config.JwtFilter                : Continuing filter chain for request to URI: /swagger-ui/swagger-ui.css
2026-05-26T13:18:58.813+05:30  INFO 29936 --- [backend] [http-nio-8080-exec-2] com.tour.config.JwtFilter                : Processing request to URI: /swagger-ui/index.css
2026-05-26T13:18:58.813+05:30  INFO 29936 --- [backend] [http-nio-8080-exec-2] com.tour.config.JwtFilter                : Continuing filter chain for request to URI: /swagger-ui/index.css
2026-05-26T13:18:58.817+05:30  INFO 29936 --- [backend] [http-nio-8080-exec-4] com.tour.config.JwtFilter                : Processing request to URI: /swagger-ui/swagger-ui-bundle.js
2026-05-26T13:18:58.817+05:30  INFO 29936 --- [backend] [http-nio-8080-exec-6] com.tour.config.JwtFilter                : Processing request to URI: /swagger-ui/swagger-ui-standalone-preset.js
2026-05-26T13:18:58.817+05:30  INFO 29936 --- [backend] [http-nio-8080-exec-5] com.tour.config.JwtFilter                : Processing request to URI: /swagger-ui/swagger-initializer.js
2026-05-26T13:18:58.818+05:30  INFO 29936 --- [backend] [http-nio-8080-exec-4] com.tour.config.JwtFilter                : Continuing filter chain for request to URI: /swagger-ui/swagger-ui-bundle.js
2026-05-26T13:18:58.818+05:30  INFO 29936 --- [backend] [http-nio-8080-exec-6] com.tour.config.JwtFilter                : Continuing filter chain for request to URI: /swagger-ui/swagger-ui-standalone-preset.js
2026-05-26T13:18:58.818+05:30  INFO 29936 --- [backend] [http-nio-8080-exec-5] com.tour.config.JwtFilter                : Continuing filter chain for request to URI: /swagger-ui/swagger-initializer.js
2026-05-26T13:18:58.972+05:30  INFO 29936 --- [backend] [http-nio-8080-exec-7] com.tour.config.JwtFilter                : Processing request to URI: /v3/api-docs/swagger-config
2026-05-26T13:18:58.972+05:30  INFO 29936 --- [backend] [http-nio-8080-exec-7] com.tour.config.JwtFilter                : Continuing filter chain for request to URI: /v3/api-docs/swagger-config
2026-05-26T13:18:58.982+05:30  INFO 29936 --- [backend] [http-nio-8080-exec-8] com.tour.config.JwtFilter                : Processing request to URI: /swagger-ui/favicon-32x32.png
2026-05-26T13:18:58.983+05:30  INFO 29936 --- [backend] [http-nio-8080-exec-8] com.tour.config.JwtFilter                : Continuing filter chain for request to URI: /swagger-ui/favicon-32x32.png
2026-05-26T13:18:59.049+05:30  INFO 29936 --- [backend] [http-nio-8080-exec-9] com.tour.config.JwtFilter                : Processing request to URI: /v3/api-docs
2026-05-26T13:18:59.049+05:30  INFO 29936 --- [backend] [http-nio-8080-exec-9] com.tour.config.JwtFilter                : Continuing filter chain for request to URI: /v3/api-docs
2026-05-26T13:18:59.445+05:30  INFO 29936 --- [backend] [http-nio-8080-exec-9] o.springdoc.api.AbstractOpenApiResource  : Init duration for springdoc-openapi is: 382 ms
2026-05-26T13:21:26.312+05:30  INFO 29936 --- [backend] [File Watcher] rtingClassPathChangeChangedEventListener : Restarting due to 1 class path change (1 addition, 0 deletions, 0 modifications)
2026-05-26T13:21:26.312+05:30  INFO 29936 --- [backend] [Thread-5] o.s.b.w.e.tomcat.GracefulShutdown        : Commencing graceful shutdown. Waiting for active requests to complete
2026-05-26T13:21:26.312+05:30  INFO 29936 --- [backend] [tomcat-shutdown] o.s.b.w.e.tomcat.GracefulShutdown        : Graceful shutdown complete
2026-05-26T13:21:26.328+05:30  INFO 29936 --- [backend] [Thread-5] j.LocalContainerEntityManagerFactoryBean : Closing JPA EntityManagerFactory for persistence unit 'default'
2026-05-26T13:21:26.328+05:30  INFO 29936 --- [backend] [Thread-5] com.zaxxer.hikari.HikariDataSource       : HikariPool-1 - Shutdown initiated...
2026-05-26T13:21:26.338+05:30  INFO 29936 --- [backend] [Thread-5] com.zaxxer.hikari.HikariDataSource       : HikariPool-1 - Shutdown completed.
2026-05-26T13:21:26.415+05:30  INFO 29936 --- [backend] [restartedMain] com.tour.BackendApplication              : Starting BackendApplication using Java 21.0.4 with PID 29936 (C:\Users\rakes\IdeaProjects\tour-app\backend\target\classes started by rakes in C:\Users\rakes\IdeaProjects\tour-app\backend)
2026-05-26T13:21:26.430+05:30  INFO 29936 --- [backend] [restartedMain] com.tour.BackendApplication              : No active profile set, falling back to 1 default profile: "default"
2026-05-26T13:21:26.685+05:30  INFO 29936 --- [backend] [restartedMain] .s.d.r.c.RepositoryConfigurationDelegate : Bootstrapping Spring Data JPA repositories in DEFAULT mode.
2026-05-26T13:21:26.717+05:30  INFO 29936 --- [backend] [restartedMain] .s.d.r.c.RepositoryConfigurationDelegate : Finished Spring Data repository scanning in 25 ms. Found 6 JPA repository interfaces.
2026-05-26T13:21:26.868+05:30  INFO 29936 --- [backend] [restartedMain] o.s.b.w.embedded.tomcat.TomcatWebServer  : Tomcat initialized with port 8080 (http)
2026-05-26T13:21:26.868+05:30  INFO 29936 --- [backend] [restartedMain] o.apache.catalina.core.StandardService   : Starting service [Tomcat]
2026-05-26T13:21:26.868+05:30  INFO 29936 --- [backend] [restartedMain] o.apache.catalina.core.StandardEngine    : Starting Servlet engine: [Apache Tomcat/10.1.54]
2026-05-26T13:21:26.912+05:30  INFO 29936 --- [backend] [restartedMain] o.a.c.c.C.[Tomcat].[localhost].[/]       : Initializing Spring embedded WebApplicationContext
2026-05-26T13:21:26.912+05:30  INFO 29936 --- [backend] [restartedMain] w.s.c.ServletWebServerApplicationContext : Root WebApplicationContext: initialization completed in 482 ms
2026-05-26T13:21:26.923+05:30  INFO 29936 --- [backend] [restartedMain] com.tour.service.JwtService              : Generating a new secret key.
2026-05-26T13:21:26.924+05:30  INFO 29936 --- [backend] [restartedMain] com.tour.service.JwtService              : Secret key generated successfully.
2026-05-26T13:21:26.967+05:30  INFO 29936 --- [backend] [restartedMain] o.hibernate.jpa.internal.util.LogHelper  : HHH000204: Processing PersistenceUnitInfo [name: default]
2026-05-26T13:21:26.970+05:30  INFO 29936 --- [backend] [restartedMain] o.h.c.internal.RegionFactoryInitiator    : HHH000026: Second-level cache disabled
2026-05-26T13:21:26.978+05:30  INFO 29936 --- [backend] [restartedMain] o.s.o.j.p.SpringPersistenceUnitInfo      : No LoadTimeWeaver setup: ignoring JPA class transformer
2026-05-26T13:21:26.979+05:30  INFO 29936 --- [backend] [restartedMain] com.zaxxer.hikari.HikariDataSource       : HikariPool-2 - Starting...
2026-05-26T13:21:27.002+05:30  INFO 29936 --- [backend] [restartedMain] com.zaxxer.hikari.pool.HikariPool        : HikariPool-2 - Added connection com.mysql.cj.jdbc.ConnectionImpl@6c00fc16
2026-05-26T13:21:27.003+05:30  INFO 29936 --- [backend] [restartedMain] com.zaxxer.hikari.HikariDataSource       : HikariPool-2 - Start completed.
2026-05-26T13:21:27.005+05:30  INFO 29936 --- [backend] [restartedMain] org.hibernate.orm.connections.pooling    : HHH10001005: Database info:
	Database JDBC URL [Connecting through datasource 'HikariDataSource (HikariPool-2)']
	Database driver: undefined/unknown
	Database version: 8.0.45
	Autocommit mode: undefined/unknown
	Isolation level: undefined/unknown
	Minimum pool size: undefined/unknown
	Maximum pool size: undefined/unknown
2026-05-26T13:21:27.151+05:30  INFO 29936 --- [backend] [restartedMain] o.h.e.t.j.p.i.JtaPlatformInitiator       : HHH000489: No JTA platform available (set 'hibernate.transaction.jta.platform' to enable JTA platform integration)
2026-05-26T13:21:27.206+05:30  INFO 29936 --- [backend] [restartedMain] j.LocalContainerEntityManagerFactoryBean : Initialized JPA EntityManagerFactory for persistence unit 'default'
2026-05-26T13:21:27.337+05:30  INFO 29936 --- [backend] [restartedMain] f.a.AutowiredAnnotationBeanPostProcessor : Autowired annotation should only be used on methods with parameters: public void com.tour.controller.BookingController.init()
2026-05-26T13:21:27.474+05:30  INFO 29936 --- [backend] [restartedMain] c.tour.service.CloudinaryImageService    : Cloudinary initialized with provided credentials.
2026-05-26T13:21:27.491+05:30  INFO 29936 --- [backend] [restartedMain] com.tour.config.SecurityConfig           : Configuring AuthenticationManager bean.
2026-05-26T13:21:27.498+05:30  INFO 29936 --- [backend] [restartedMain] com.tour.config.SecurityConfig           : Configuring DaoAuthenticationProvider bean.
2026-05-26T13:21:27.500+05:30  INFO 29936 --- [backend] [restartedMain] eAuthenticationProviderManagerConfigurer : Global AuthenticationManager configured with AuthenticationProvider bean with name authenticationProvider
2026-05-26T13:21:27.500+05:30  WARN 29936 --- [backend] [restartedMain] r$InitializeUserDetailsManagerConfigurer : Global AuthenticationManager configured with an AuthenticationProvider bean. UserDetailsService beans will not be used by Spring Security for automatically configuring username/password login. Consider removing the AuthenticationProvider bean. Alternatively, consider using the UserDetailsService in a manually instantiated DaoAuthenticationProvider. If the current configuration is intentional, to turn off this warning, increase the logging level of 'org.springframework.security.config.annotation.authentication.configuration.InitializeUserDetailsBeanManagerConfigurer' to ERROR
2026-05-26T13:21:27.544+05:30  WARN 29936 --- [backend] [restartedMain] JpaBaseConfiguration$JpaWebConfiguration : spring.jpa.open-in-view is enabled by default. Therefore, database queries may be performed during view rendering. Explicitly configure spring.jpa.open-in-view to disable this warning
2026-05-26T13:21:27.570+05:30  INFO 29936 --- [backend] [restartedMain] com.tour.config.SecurityConfig           : Configuring HTTP Security filters.
2026-05-26T13:21:27.571+05:30  INFO 29936 --- [backend] [restartedMain] com.tour.config.SecurityConfig           : Configuring CORS Configuration.
2026-05-26T13:21:27.854+05:30  INFO 29936 --- [backend] [restartedMain] o.s.b.d.a.OptionalLiveReloadServer       : LiveReload server is running on port 35729
2026-05-26T13:21:27.871+05:30  INFO 29936 --- [backend] [restartedMain] o.s.b.w.embedded.tomcat.TomcatWebServer  : Tomcat started on port 8080 (http) with context path '/'
2026-05-26T13:21:27.874+05:30  INFO 29936 --- [backend] [restartedMain] com.tour.BackendApplication              : Started BackendApplication in 1.471 seconds (process running for 162.588)
2026-05-26T13:21:27.875+05:30  WARN 29936 --- [backend] [restartedMain] o.s.core.events.SpringDocAppInitializer  : SpringDoc /v3/api-docs endpoint is enabled by default. To disable it in production, set the property 'springdoc.api-docs.enabled=false'
2026-05-26T13:21:27.875+05:30  WARN 29936 --- [backend] [restartedMain] o.s.core.events.SpringDocAppInitializer  : SpringDoc /swagger-ui.html endpoint is enabled by default. To disable it in production, set the property 'springdoc.swagger-ui.enabled=false'
2026-05-26T13:21:27.877+05:30  INFO 29936 --- [backend] [restartedMain] .ConditionEvaluationDeltaLoggingListener : Condition evaluation unchanged
2026-05-26T13:21:30.019+05:30  INFO 29936 --- [backend] [http-nio-8080-exec-1] o.a.c.c.C.[Tomcat].[localhost].[/]       : Initializing Spring DispatcherServlet 'dispatcherServlet'
2026-05-26T13:21:30.019+05:30  INFO 29936 --- [backend] [http-nio-8080-exec-1] o.s.web.servlet.DispatcherServlet        : Initializing Servlet 'dispatcherServlet'
2026-05-26T13:21:30.019+05:30  INFO 29936 --- [backend] [http-nio-8080-exec-1] o.s.web.servlet.DispatcherServlet        : Completed initialization in 0 ms
2026-05-26T13:21:30.019+05:30  INFO 29936 --- [backend] [http-nio-8080-exec-1] com.tour.config.JwtFilter                : Processing request to URI: /swagger-ui/index.html
2026-05-26T13:21:30.019+05:30  INFO 29936 --- [backend] [http-nio-8080-exec-1] com.tour.config.JwtFilter                : Continuing filter chain for request to URI: /swagger-ui/index.html
2026-05-26T13:21:30.075+05:30  INFO 29936 --- [backend] [http-nio-8080-exec-5] com.tour.config.JwtFilter                : Processing request to URI: /swagger-ui/swagger-ui.css
2026-05-26T13:21:30.076+05:30  INFO 29936 --- [backend] [http-nio-8080-exec-5] com.tour.config.JwtFilter                : Continuing filter chain for request to URI: /swagger-ui/swagger-ui.css
2026-05-26T13:21:30.076+05:30  INFO 29936 --- [backend] [http-nio-8080-exec-7] com.tour.config.JwtFilter                : Processing request to URI: /swagger-ui/index.css
2026-05-26T13:21:30.076+05:30  INFO 29936 --- [backend] [http-nio-8080-exec-7] com.tour.config.JwtFilter                : Continuing filter chain for request to URI: /swagger-ui/index.css
2026-05-26T13:21:30.080+05:30  INFO 29936 --- [backend] [http-nio-8080-exec-6] com.tour.config.JwtFilter                : Processing request to URI: /swagger-ui/swagger-initializer.js
2026-05-26T13:21:30.080+05:30  INFO 29936 --- [backend] [http-nio-8080-exec-2] com.tour.config.JwtFilter                : Processing request to URI: /swagger-ui/swagger-ui-standalone-preset.js
2026-05-26T13:21:30.080+05:30  INFO 29936 --- [backend] [http-nio-8080-exec-9] com.tour.config.JwtFilter                : Processing request to URI: /swagger-ui/swagger-ui-bundle.js
2026-05-26T13:21:30.080+05:30  INFO 29936 --- [backend] [http-nio-8080-exec-6] com.tour.config.JwtFilter                : Continuing filter chain for request to URI: /swagger-ui/swagger-initializer.js
2026-05-26T13:21:30.080+05:30  INFO 29936 --- [backend] [http-nio-8080-exec-2] com.tour.config.JwtFilter                : Continuing filter chain for request to URI: /swagger-ui/swagger-ui-standalone-preset.js
2026-05-26T13:21:30.080+05:30  INFO 29936 --- [backend] [http-nio-8080-exec-9] com.tour.config.JwtFilter                : Continuing filter chain for request to URI: /swagger-ui/swagger-ui-bundle.js
2026-05-26T13:21:30.208+05:30  INFO 29936 --- [backend] [http-nio-8080-exec-3] com.tour.config.JwtFilter                : Processing request to URI: /v3/api-docs/swagger-config
2026-05-26T13:21:30.209+05:30  INFO 29936 --- [backend] [http-nio-8080-exec-3] com.tour.config.JwtFilter                : Continuing filter chain for request to URI: /v3/api-docs/swagger-config
2026-05-26T13:21:30.211+05:30  INFO 29936 --- [backend] [http-nio-8080-exec-8] com.tour.config.JwtFilter                : Processing request to URI: /swagger-ui/favicon-32x32.png
2026-05-26T13:21:30.212+05:30  INFO 29936 --- [backend] [http-nio-8080-exec-8] com.tour.config.JwtFilter                : Continuing filter chain for request to URI: /swagger-ui/favicon-32x32.png
2026-05-26T13:21:30.226+05:30  INFO 29936 --- [backend] [http-nio-8080-exec-4] com.tour.config.JwtFilter                : Processing request to URI: /v3/api-docs
2026-05-26T13:21:30.226+05:30  INFO 29936 --- [backend] [http-nio-8080-exec-4] com.tour.config.JwtFilter                : Continuing filter chain for request to URI: /v3/api-docs
2026-05-26T13:21:30.466+05:30  INFO 29936 --- [backend] [http-nio-8080-exec-4] o.springdoc.api.AbstractOpenApiResource  : Init duration for springdoc-openapi is: 236 ms
2026-05-26T13:22:29.395+05:30  INFO 29936 --- [backend] [SpringApplicationShutdownHook] o.s.b.w.e.tomcat.GracefulShutdown        : Commencing graceful shutdown. Waiting for active requests to complete
2026-05-26T13:22:29.401+05:30  INFO 29936 --- [backend] [tomcat-shutdown] o.s.b.w.e.tomcat.GracefulShutdown        : Graceful shutdown complete
2026-05-26T13:22:29.405+05:30  INFO 29936 --- [backend] [SpringApplicationShutdownHook] j.LocalContainerEntityManagerFactoryBean : Closing JPA EntityManagerFactory for persistence unit 'default'
2026-05-26T13:22:29.406+05:30  INFO 29936 --- [backend] [SpringApplicationShutdownHook] com.zaxxer.hikari.HikariDataSource       : HikariPool-2 - Shutdown initiated...
2026-05-26T13:22:29.411+05:30  INFO 29936 --- [backend] [SpringApplicationShutdownHook] com.zaxxer.hikari.HikariDataSource       : HikariPool-2 - Shutdown completed.
2026-05-26T18:51:01.365+05:30  INFO 18088 --- [backend] [restartedMain] com.tour.BackendApplication              : Starting BackendApplication using Java 21.0.4 with PID 18088 (C:\Users\rakes\IdeaProjects\tour-app\backend\target\classes started by rakes in C:\Users\rakes\IdeaProjects\tour-app\backend)
2026-05-26T18:51:01.369+05:30  INFO 18088 --- [backend] [restartedMain] com.tour.BackendApplication              : No active profile set, falling back to 1 default profile: "default"
2026-05-26T18:51:01.442+05:30  INFO 18088 --- [backend] [restartedMain] .e.DevToolsPropertyDefaultsPostProcessor : Devtools property defaults active! Set 'spring.devtools.add-properties' to 'false' to disable
2026-05-26T18:51:01.442+05:30  INFO 18088 --- [backend] [restartedMain] .e.DevToolsPropertyDefaultsPostProcessor : For additional web related logging consider setting the 'logging.level.web' property to 'DEBUG'
2026-05-26T18:51:03.257+05:30  INFO 18088 --- [backend] [restartedMain] .s.d.r.c.RepositoryConfigurationDelegate : Bootstrapping Spring Data JPA repositories in DEFAULT mode.
2026-05-26T18:51:03.397+05:30  INFO 18088 --- [backend] [restartedMain] .s.d.r.c.RepositoryConfigurationDelegate : Finished Spring Data repository scanning in 122 ms. Found 6 JPA repository interfaces.
2026-05-26T18:51:04.575+05:30  INFO 18088 --- [backend] [restartedMain] o.s.b.w.embedded.tomcat.TomcatWebServer  : Tomcat initialized with port 8080 (http)
2026-05-26T18:51:04.603+05:30  INFO 18088 --- [backend] [restartedMain] o.apache.catalina.core.StandardService   : Starting service [Tomcat]
2026-05-26T18:51:04.603+05:30  INFO 18088 --- [backend] [restartedMain] o.apache.catalina.core.StandardEngine    : Starting Servlet engine: [Apache Tomcat/10.1.54]
2026-05-26T18:51:04.689+05:30  INFO 18088 --- [backend] [restartedMain] o.a.c.c.C.[Tomcat].[localhost].[/]       : Initializing Spring embedded WebApplicationContext
2026-05-26T18:51:04.689+05:30  INFO 18088 --- [backend] [restartedMain] w.s.c.ServletWebServerApplicationContext : Root WebApplicationContext: initialization completed in 3246 ms
2026-05-26T18:51:04.718+05:30  INFO 18088 --- [backend] [restartedMain] com.tour.service.JwtService              : Generating a new secret key.
2026-05-26T18:51:04.738+05:30  INFO 18088 --- [backend] [restartedMain] com.tour.service.JwtService              : Secret key generated successfully.
2026-05-26T18:51:04.984+05:30  INFO 18088 --- [backend] [restartedMain] o.hibernate.jpa.internal.util.LogHelper  : HHH000204: Processing PersistenceUnitInfo [name: default]
2026-05-26T18:51:05.096+05:30  INFO 18088 --- [backend] [restartedMain] org.hibernate.Version                    : HHH000412: Hibernate ORM core version 6.6.49.Final
2026-05-26T18:51:05.155+05:30  INFO 18088 --- [backend] [restartedMain] o.h.c.internal.RegionFactoryInitiator    : HHH000026: Second-level cache disabled
2026-05-26T18:51:05.654+05:30  INFO 18088 --- [backend] [restartedMain] o.s.o.j.p.SpringPersistenceUnitInfo      : No LoadTimeWeaver setup: ignoring JPA class transformer
2026-05-26T18:51:05.713+05:30  INFO 18088 --- [backend] [restartedMain] com.zaxxer.hikari.HikariDataSource       : HikariPool-1 - Starting...
2026-05-26T18:51:06.331+05:30  INFO 18088 --- [backend] [restartedMain] com.zaxxer.hikari.pool.HikariPool        : HikariPool-1 - Added connection com.mysql.cj.jdbc.ConnectionImpl@44286ebe
2026-05-26T18:51:06.334+05:30  INFO 18088 --- [backend] [restartedMain] com.zaxxer.hikari.HikariDataSource       : HikariPool-1 - Start completed.
2026-05-26T18:51:06.484+05:30  INFO 18088 --- [backend] [restartedMain] org.hibernate.orm.connections.pooling    : HHH10001005: Database info:
	Database JDBC URL [Connecting through datasource 'HikariDataSource (HikariPool-1)']
	Database driver: undefined/unknown
	Database version: 8.0.45
	Autocommit mode: undefined/unknown
	Isolation level: undefined/unknown
	Minimum pool size: undefined/unknown
	Maximum pool size: undefined/unknown
2026-05-26T18:51:08.219+05:30  INFO 18088 --- [backend] [restartedMain] o.h.e.t.j.p.i.JtaPlatformInitiator       : HHH000489: No JTA platform available (set 'hibernate.transaction.jta.platform' to enable JTA platform integration)
2026-05-26T18:51:08.362+05:30  INFO 18088 --- [backend] [restartedMain] j.LocalContainerEntityManagerFactoryBean : Initialized JPA EntityManagerFactory for persistence unit 'default'
2026-05-26T18:51:08.772+05:30  INFO 18088 --- [backend] [restartedMain] o.s.d.j.r.query.QueryEnhancerFactory     : Hibernate is in classpath; If applicable, HQL parser will be used.
2026-05-26T18:51:09.578+05:30  INFO 18088 --- [backend] [restartedMain] f.a.AutowiredAnnotationBeanPostProcessor : Autowired annotation should only be used on methods with parameters: public void com.tour.controller.BookingController.init()
2026-05-26T18:51:10.063+05:30  INFO 18088 --- [backend] [restartedMain] c.tour.service.CloudinaryImageService    : Cloudinary initialized with provided credentials.
2026-05-26T18:51:10.091+05:30  INFO 18088 --- [backend] [restartedMain] com.tour.config.SecurityConfig           : Configuring AuthenticationManager bean.
2026-05-26T18:51:10.115+05:30  INFO 18088 --- [backend] [restartedMain] com.tour.config.SecurityConfig           : Configuring DaoAuthenticationProvider bean.
2026-05-26T18:51:10.123+05:30  INFO 18088 --- [backend] [restartedMain] eAuthenticationProviderManagerConfigurer : Global AuthenticationManager configured with AuthenticationProvider bean with name authenticationProvider
2026-05-26T18:51:10.124+05:30  WARN 18088 --- [backend] [restartedMain] r$InitializeUserDetailsManagerConfigurer : Global AuthenticationManager configured with an AuthenticationProvider bean. UserDetailsService beans will not be used by Spring Security for automatically configuring username/password login. Consider removing the AuthenticationProvider bean. Alternatively, consider using the UserDetailsService in a manually instantiated DaoAuthenticationProvider. If the current configuration is intentional, to turn off this warning, increase the logging level of 'org.springframework.security.config.annotation.authentication.configuration.InitializeUserDetailsBeanManagerConfigurer' to ERROR
2026-05-26T18:51:10.267+05:30  WARN 18088 --- [backend] [restartedMain] JpaBaseConfiguration$JpaWebConfiguration : spring.jpa.open-in-view is enabled by default. Therefore, database queries may be performed during view rendering. Explicitly configure spring.jpa.open-in-view to disable this warning
2026-05-26T18:51:10.454+05:30  INFO 18088 --- [backend] [restartedMain] com.tour.config.SecurityConfig           : Configuring HTTP Security filters.
2026-05-26T18:51:10.455+05:30  INFO 18088 --- [backend] [restartedMain] com.tour.config.SecurityConfig           : Configuring CORS Configuration.
2026-05-26T18:51:11.450+05:30  INFO 18088 --- [backend] [restartedMain] o.s.b.d.a.OptionalLiveReloadServer       : LiveReload server is running on port 35729
2026-05-26T18:51:11.513+05:30  INFO 18088 --- [backend] [restartedMain] o.s.b.w.embedded.tomcat.TomcatWebServer  : Tomcat started on port 8080 (http) with context path '/'
2026-05-26T18:51:11.530+05:30  INFO 18088 --- [backend] [restartedMain] com.tour.BackendApplication              : Started BackendApplication in 11.028 seconds (process running for 12.457)
2026-05-26T18:51:11.536+05:30  WARN 18088 --- [backend] [restartedMain] o.s.core.events.SpringDocAppInitializer  : SpringDoc /v3/api-docs endpoint is enabled by default. To disable it in production, set the property 'springdoc.api-docs.enabled=false'
2026-05-26T18:51:11.536+05:30  WARN 18088 --- [backend] [restartedMain] o.s.core.events.SpringDocAppInitializer  : SpringDoc /swagger-ui.html endpoint is enabled by default. To disable it in production, set the property 'springdoc.swagger-ui.enabled=false'
2026-05-26T18:53:18.273+05:30  INFO 18088 --- [backend] [http-nio-8080-exec-1] o.a.c.c.C.[Tomcat].[localhost].[/]       : Initializing Spring DispatcherServlet 'dispatcherServlet'
2026-05-26T18:53:18.273+05:30  INFO 18088 --- [backend] [http-nio-8080-exec-1] o.s.web.servlet.DispatcherServlet        : Initializing Servlet 'dispatcherServlet'
2026-05-26T18:53:18.290+05:30  INFO 18088 --- [backend] [http-nio-8080-exec-1] o.s.web.servlet.DispatcherServlet        : Completed initialization in 17 ms
2026-05-26T18:53:18.369+05:30  INFO 18088 --- [backend] [http-nio-8080-exec-2] com.tour.config.JwtFilter                : Processing request to URI: /auth/signup
2026-05-26T18:53:18.369+05:30  INFO 18088 --- [backend] [http-nio-8080-exec-2] com.tour.config.JwtFilter                : Continuing filter chain for request to URI: /auth/signup
2026-05-26T18:53:18.680+05:30  INFO 18088 --- [backend] [http-nio-8080-exec-2] com.tour.service.UserService             : Attempting to register user with email: rakesh@gmail.com
2026-05-26T18:53:19.169+05:30  INFO 18088 --- [backend] [http-nio-8080-exec-2] com.tour.service.UserService             : User successfully registered with email: rakesh@gmail.com
2026-05-26T18:53:46.853+05:30  INFO 18088 --- [backend] [http-nio-8080-exec-6] com.tour.config.JwtFilter                : Processing request to URI: /auth/login
2026-05-26T18:53:46.853+05:30  INFO 18088 --- [backend] [http-nio-8080-exec-6] com.tour.config.JwtFilter                : Continuing filter chain for request to URI: /auth/login
2026-05-26T18:53:47.062+05:30  INFO 18088 --- [backend] [http-nio-8080-exec-6] c.tour.service.CustomUserDetailsService  : User found with email: rakesh@gmail.com, Role: ROLE_CUSTOMER
2026-05-26T18:53:47.064+05:30  INFO 18088 --- [backend] [http-nio-8080-exec-6] com.tour.config.UserPrincipal            : UserPrincipal created for user with email: rakesh@gmail.com
2026-05-26T18:53:47.192+05:30  INFO 18088 --- [backend] [http-nio-8080-exec-6] com.tour.config.UserPrincipal            : Retrieving authorities for user: rakesh@gmail.com
2026-05-26T18:53:47.193+05:30  INFO 18088 --- [backend] [http-nio-8080-exec-6] com.tour.config.UserPrincipal            : Assigned authority: ROLE_CUSTOMER
2026-05-26T18:53:47.194+05:30  INFO 18088 --- [backend] [http-nio-8080-exec-6] com.tour.service.JwtService              : Generating token for username: rakesh@gmail.com
2026-05-26T18:53:47.199+05:30  INFO 18088 --- [backend] [http-nio-8080-exec-6] com.tour.service.JwtService              : Role for user rakesh@gmail.com: ROLE_CUSTOMER
2026-05-26T18:53:47.360+05:30  INFO 18088 --- [backend] [http-nio-8080-exec-6] com.tour.service.JwtService              : Retrieving signing key.
2026-05-26T18:53:47.426+05:30  INFO 18088 --- [backend] [http-nio-8080-exec-6] com.tour.service.JwtService              : Token generated successfully for username: rakesh@gmail.com
2026-05-26T18:53:47.598+05:30  INFO 18088 --- [backend] [http-nio-8080-exec-9] com.tour.config.JwtFilter                : Processing request to URI: /customer/tours
2026-05-26T18:53:47.599+05:30  INFO 18088 --- [backend] [http-nio-8080-exec-9] com.tour.service.JwtService              : Extracting username from token.
2026-05-26T18:53:47.600+05:30  INFO 18088 --- [backend] [http-nio-8080-exec-9] com.tour.service.JwtService              : Extracting all claims from token.
2026-05-26T18:53:47.669+05:30  INFO 18088 --- [backend] [http-nio-8080-exec-9] com.tour.service.JwtService              : Retrieving signing key.
2026-05-26T18:53:47.742+05:30  INFO 18088 --- [backend] [http-nio-8080-exec-9] com.tour.config.JwtFilter                : User 'rakesh@gmail.com' is not authenticated, proceeding with token validation.
2026-05-26T18:53:47.817+05:30  INFO 18088 --- [backend] [http-nio-8080-exec-9] c.tour.service.CustomUserDetailsService  : User found with email: rakesh@gmail.com, Role: ROLE_CUSTOMER
2026-05-26T18:53:47.817+05:30  INFO 18088 --- [backend] [http-nio-8080-exec-9] com.tour.config.UserPrincipal            : UserPrincipal created for user with email: rakesh@gmail.com
2026-05-26T18:53:47.817+05:30  INFO 18088 --- [backend] [http-nio-8080-exec-9] com.tour.service.JwtService              : Validating token for user: rakesh@gmail.com
2026-05-26T18:53:47.818+05:30  INFO 18088 --- [backend] [http-nio-8080-exec-9] com.tour.service.JwtService              : Extracting username from token.
2026-05-26T18:53:47.818+05:30  INFO 18088 --- [backend] [http-nio-8080-exec-9] com.tour.service.JwtService              : Extracting all claims from token.
2026-05-26T18:53:47.818+05:30  INFO 18088 --- [backend] [http-nio-8080-exec-9] com.tour.service.JwtService              : Retrieving signing key.
2026-05-26T18:53:47.821+05:30  INFO 18088 --- [backend] [http-nio-8080-exec-9] com.tour.service.JwtService              : Checking if token is expired.
2026-05-26T18:53:47.821+05:30  INFO 18088 --- [backend] [http-nio-8080-exec-9] com.tour.service.JwtService              : Extracting expiration date from token.
2026-05-26T18:53:47.822+05:30  INFO 18088 --- [backend] [http-nio-8080-exec-9] com.tour.service.JwtService              : Extracting all claims from token.
2026-05-26T18:53:47.823+05:30  INFO 18088 --- [backend] [http-nio-8080-exec-9] com.tour.service.JwtService              : Retrieving signing key.
2026-05-26T18:53:47.825+05:30  INFO 18088 --- [backend] [http-nio-8080-exec-9] com.tour.service.JwtService              : Token is valid for user: rakesh@gmail.com
2026-05-26T18:53:47.825+05:30  INFO 18088 --- [backend] [http-nio-8080-exec-9] com.tour.config.UserPrincipal            : Retrieving authorities for user: rakesh@gmail.com
2026-05-26T18:53:47.826+05:30  INFO 18088 --- [backend] [http-nio-8080-exec-9] com.tour.config.UserPrincipal            : Assigned authority: ROLE_CUSTOMER
2026-05-26T18:53:47.826+05:30  INFO 18088 --- [backend] [http-nio-8080-exec-9] com.tour.config.JwtFilter                : User 'rakesh@gmail.com' successfully authenticated.
2026-05-26T18:53:47.826+05:30  INFO 18088 --- [backend] [http-nio-8080-exec-9] com.tour.config.JwtFilter                : Continuing filter chain for request to URI: /customer/tours
2026-05-26T18:53:47.867+05:30  INFO 18088 --- [backend] [http-nio-8080-exec-9] com.tour.service.TourService             : Fetching all tours with details.
2026-05-26T18:53:47.906+05:30  INFO 18088 --- [backend] [http-nio-8080-exec-8] com.tour.config.JwtFilter                : Processing request to URI: /customer/tours
2026-05-26T18:53:47.906+05:30  INFO 18088 --- [backend] [http-nio-8080-exec-8] com.tour.service.JwtService              : Extracting username from token.
2026-05-26T18:53:47.907+05:30  INFO 18088 --- [backend] [http-nio-8080-exec-8] com.tour.service.JwtService              : Extracting all claims from token.
2026-05-26T18:53:47.907+05:30  INFO 18088 --- [backend] [http-nio-8080-exec-8] com.tour.service.JwtService              : Retrieving signing key.
2026-05-26T18:53:47.908+05:30  INFO 18088 --- [backend] [http-nio-8080-exec-8] com.tour.config.JwtFilter                : User 'rakesh@gmail.com' is not authenticated, proceeding with token validation.
2026-05-26T18:53:47.912+05:30  INFO 18088 --- [backend] [http-nio-8080-exec-8] c.tour.service.CustomUserDetailsService  : User found with email: rakesh@gmail.com, Role: ROLE_CUSTOMER
2026-05-26T18:53:47.913+05:30  INFO 18088 --- [backend] [http-nio-8080-exec-8] com.tour.config.UserPrincipal            : UserPrincipal created for user with email: rakesh@gmail.com
2026-05-26T18:53:47.913+05:30  INFO 18088 --- [backend] [http-nio-8080-exec-8] com.tour.service.JwtService              : Validating token for user: rakesh@gmail.com
2026-05-26T18:53:47.913+05:30  INFO 18088 --- [backend] [http-nio-8080-exec-8] com.tour.service.JwtService              : Extracting username from token.
2026-05-26T18:53:47.913+05:30  INFO 18088 --- [backend] [http-nio-8080-exec-8] com.tour.service.JwtService              : Extracting all claims from token.
2026-05-26T18:53:47.913+05:30  INFO 18088 --- [backend] [http-nio-8080-exec-8] com.tour.service.JwtService              : Retrieving signing key.
2026-05-26T18:53:47.914+05:30  INFO 18088 --- [backend] [http-nio-8080-exec-8] com.tour.service.JwtService              : Checking if token is expired.
2026-05-26T18:53:47.914+05:30  INFO 18088 --- [backend] [http-nio-8080-exec-8] com.tour.service.JwtService              : Extracting expiration date from token.
2026-05-26T18:53:47.914+05:30  INFO 18088 --- [backend] [http-nio-8080-exec-8] com.tour.service.JwtService              : Extracting all claims from token.
2026-05-26T18:53:47.915+05:30  INFO 18088 --- [backend] [http-nio-8080-exec-8] com.tour.service.JwtService              : Retrieving signing key.
2026-05-26T18:53:47.915+05:30  INFO 18088 --- [backend] [http-nio-8080-exec-8] com.tour.service.JwtService              : Token is valid for user: rakesh@gmail.com
2026-05-26T18:53:47.915+05:30  INFO 18088 --- [backend] [http-nio-8080-exec-8] com.tour.config.UserPrincipal            : Retrieving authorities for user: rakesh@gmail.com
2026-05-26T18:53:47.916+05:30  INFO 18088 --- [backend] [http-nio-8080-exec-8] com.tour.config.UserPrincipal            : Assigned authority: ROLE_CUSTOMER
2026-05-26T18:53:47.916+05:30  INFO 18088 --- [backend] [http-nio-8080-exec-8] com.tour.config.JwtFilter                : User 'rakesh@gmail.com' successfully authenticated.
2026-05-26T18:53:47.916+05:30  INFO 18088 --- [backend] [http-nio-8080-exec-8] com.tour.config.JwtFilter                : Continuing filter chain for request to URI: /customer/tours
2026-05-26T18:53:47.923+05:30  INFO 18088 --- [backend] [http-nio-8080-exec-8] com.tour.service.TourService             : Fetching all tours with details.
2026-05-26T19:02:32.364+05:30  INFO 18088 --- [backend] [File Watcher] rtingClassPathChangeChangedEventListener : Restarting due to 1 class path change (1 addition, 0 deletions, 0 modifications)
2026-05-26T19:02:32.374+05:30  INFO 18088 --- [backend] [Thread-5] o.s.b.w.e.tomcat.GracefulShutdown        : Commencing graceful shutdown. Waiting for active requests to complete
2026-05-26T19:02:32.388+05:30  INFO 18088 --- [backend] [tomcat-shutdown] o.s.b.w.e.tomcat.GracefulShutdown        : Graceful shutdown complete
2026-05-26T19:02:32.402+05:30  INFO 18088 --- [backend] [Thread-5] j.LocalContainerEntityManagerFactoryBean : Closing JPA EntityManagerFactory for persistence unit 'default'
2026-05-26T19:02:32.409+05:30  INFO 18088 --- [backend] [Thread-5] com.zaxxer.hikari.HikariDataSource       : HikariPool-1 - Shutdown initiated...
2026-05-26T19:02:32.422+05:30  INFO 18088 --- [backend] [Thread-5] com.zaxxer.hikari.HikariDataSource       : HikariPool-1 - Shutdown completed.
2026-05-26T19:02:32.625+05:30  INFO 18088 --- [backend] [restartedMain] com.tour.BackendApplication              : Starting BackendApplication using Java 21.0.4 with PID 18088 (C:\Users\rakes\IdeaProjects\tour-app\backend\target\classes started by rakes in C:\Users\rakes\IdeaProjects\tour-app\backend)
2026-05-26T19:02:32.626+05:30  INFO 18088 --- [backend] [restartedMain] com.tour.BackendApplication              : No active profile set, falling back to 1 default profile: "default"
2026-05-26T19:02:33.300+05:30  INFO 18088 --- [backend] [restartedMain] .s.d.r.c.RepositoryConfigurationDelegate : Bootstrapping Spring Data JPA repositories in DEFAULT mode.
2026-05-26T19:02:33.353+05:30  INFO 18088 --- [backend] [restartedMain] .s.d.r.c.RepositoryConfigurationDelegate : Finished Spring Data repository scanning in 51 ms. Found 6 JPA repository interfaces.
2026-05-26T19:02:33.749+05:30  INFO 18088 --- [backend] [restartedMain] o.s.b.w.embedded.tomcat.TomcatWebServer  : Tomcat initialized with port 8080 (http)
2026-05-26T19:02:33.752+05:30  INFO 18088 --- [backend] [restartedMain] o.apache.catalina.core.StandardService   : Starting service [Tomcat]
2026-05-26T19:02:33.752+05:30  INFO 18088 --- [backend] [restartedMain] o.apache.catalina.core.StandardEngine    : Starting Servlet engine: [Apache Tomcat/10.1.54]
2026-05-26T19:02:33.789+05:30  INFO 18088 --- [backend] [restartedMain] o.a.c.c.C.[Tomcat].[localhost].[/]       : Initializing Spring embedded WebApplicationContext
2026-05-26T19:02:33.790+05:30  INFO 18088 --- [backend] [restartedMain] w.s.c.ServletWebServerApplicationContext : Root WebApplicationContext: initialization completed in 1157 ms
2026-05-26T19:02:33.800+05:30  INFO 18088 --- [backend] [restartedMain] com.tour.service.JwtService              : Generating a new secret key.
2026-05-26T19:02:33.801+05:30  INFO 18088 --- [backend] [restartedMain] com.tour.service.JwtService              : Secret key generated successfully.
2026-05-26T19:02:33.872+05:30  INFO 18088 --- [backend] [restartedMain] o.hibernate.jpa.internal.util.LogHelper  : HHH000204: Processing PersistenceUnitInfo [name: default]
2026-05-26T19:02:33.876+05:30  INFO 18088 --- [backend] [restartedMain] o.h.c.internal.RegionFactoryInitiator    : HHH000026: Second-level cache disabled
2026-05-26T19:02:33.895+05:30  INFO 18088 --- [backend] [restartedMain] o.s.o.j.p.SpringPersistenceUnitInfo      : No LoadTimeWeaver setup: ignoring JPA class transformer
2026-05-26T19:02:33.897+05:30  INFO 18088 --- [backend] [restartedMain] com.zaxxer.hikari.HikariDataSource       : HikariPool-2 - Starting...
2026-05-26T19:02:33.933+05:30  INFO 18088 --- [backend] [restartedMain] com.zaxxer.hikari.pool.HikariPool        : HikariPool-2 - Added connection com.mysql.cj.jdbc.ConnectionImpl@74be966d
2026-05-26T19:02:33.934+05:30  INFO 18088 --- [backend] [restartedMain] com.zaxxer.hikari.HikariDataSource       : HikariPool-2 - Start completed.
2026-05-26T19:02:33.937+05:30  INFO 18088 --- [backend] [restartedMain] org.hibernate.orm.connections.pooling    : HHH10001005: Database info:
	Database JDBC URL [Connecting through datasource 'HikariDataSource (HikariPool-2)']
	Database driver: undefined/unknown
	Database version: 8.0.45
	Autocommit mode: undefined/unknown
	Isolation level: undefined/unknown
	Minimum pool size: undefined/unknown
	Maximum pool size: undefined/unknown
2026-05-26T19:02:34.222+05:30  INFO 18088 --- [backend] [restartedMain] o.h.e.t.j.p.i.JtaPlatformInitiator       : HHH000489: No JTA platform available (set 'hibernate.transaction.jta.platform' to enable JTA platform integration)
2026-05-26T19:02:34.319+05:30  INFO 18088 --- [backend] [restartedMain] j.LocalContainerEntityManagerFactoryBean : Initialized JPA EntityManagerFactory for persistence unit 'default'
2026-05-26T19:02:34.587+05:30  INFO 18088 --- [backend] [restartedMain] f.a.AutowiredAnnotationBeanPostProcessor : Autowired annotation should only be used on methods with parameters: public void com.tour.controller.BookingController.init()
2026-05-26T19:02:34.888+05:30  INFO 18088 --- [backend] [restartedMain] c.tour.service.CloudinaryImageService    : Cloudinary initialized with provided credentials.
2026-05-26T19:02:34.920+05:30  INFO 18088 --- [backend] [restartedMain] com.tour.config.SecurityConfig           : Configuring AuthenticationManager bean.
2026-05-26T19:02:34.931+05:30  INFO 18088 --- [backend] [restartedMain] com.tour.config.SecurityConfig           : Configuring DaoAuthenticationProvider bean.
2026-05-26T19:02:34.934+05:30  INFO 18088 --- [backend] [restartedMain] eAuthenticationProviderManagerConfigurer : Global AuthenticationManager configured with AuthenticationProvider bean with name authenticationProvider
2026-05-26T19:02:34.935+05:30  WARN 18088 --- [backend] [restartedMain] r$InitializeUserDetailsManagerConfigurer : Global AuthenticationManager configured with an AuthenticationProvider bean. UserDetailsService beans will not be used by Spring Security for automatically configuring username/password login. Consider removing the AuthenticationProvider bean. Alternatively, consider using the UserDetailsService in a manually instantiated DaoAuthenticationProvider. If the current configuration is intentional, to turn off this warning, increase the logging level of 'org.springframework.security.config.annotation.authentication.configuration.InitializeUserDetailsBeanManagerConfigurer' to ERROR
2026-05-26T19:02:35.041+05:30  WARN 18088 --- [backend] [restartedMain] JpaBaseConfiguration$JpaWebConfiguration : spring.jpa.open-in-view is enabled by default. Therefore, database queries may be performed during view rendering. Explicitly configure spring.jpa.open-in-view to disable this warning
2026-05-26T19:02:35.115+05:30  INFO 18088 --- [backend] [restartedMain] com.tour.config.SecurityConfig           : Configuring HTTP Security filters.
2026-05-26T19:02:35.117+05:30  INFO 18088 --- [backend] [restartedMain] com.tour.config.SecurityConfig           : Configuring CORS Configuration.
2026-05-26T19:02:35.668+05:30  INFO 18088 --- [backend] [restartedMain] o.s.b.d.a.OptionalLiveReloadServer       : LiveReload server is running on port 35729
2026-05-26T19:02:35.699+05:30  INFO 18088 --- [backend] [restartedMain] o.s.b.w.embedded.tomcat.TomcatWebServer  : Tomcat started on port 8080 (http) with context path '/'
2026-05-26T19:02:35.707+05:30  INFO 18088 --- [backend] [restartedMain] com.tour.BackendApplication              : Started BackendApplication in 3.154 seconds (process running for 696.634)
2026-05-26T19:02:35.708+05:30  WARN 18088 --- [backend] [restartedMain] o.s.core.events.SpringDocAppInitializer  : SpringDoc /v3/api-docs endpoint is enabled by default. To disable it in production, set the property 'springdoc.api-docs.enabled=false'
2026-05-26T19:02:35.709+05:30  WARN 18088 --- [backend] [restartedMain] o.s.core.events.SpringDocAppInitializer  : SpringDoc /swagger-ui.html endpoint is enabled by default. To disable it in production, set the property 'springdoc.swagger-ui.enabled=false'
2026-05-26T19:02:35.711+05:30  INFO 18088 --- [backend] [restartedMain] .ConditionEvaluationDeltaLoggingListener : Condition evaluation unchanged
2026-05-26T19:03:52.460+05:30  INFO 18088 --- [backend] [File Watcher] rtingClassPathChangeChangedEventListener : Restarting due to 1 class path change (0 additions, 1 deletion, 0 modifications)
2026-05-26T19:03:52.463+05:30  INFO 18088 --- [backend] [Thread-7] o.s.b.w.e.tomcat.GracefulShutdown        : Commencing graceful shutdown. Waiting for active requests to complete
2026-05-26T19:03:52.474+05:30  INFO 18088 --- [backend] [tomcat-shutdown] o.s.b.w.e.tomcat.GracefulShutdown        : Graceful shutdown complete
2026-05-26T19:03:52.480+05:30  INFO 18088 --- [backend] [Thread-7] j.LocalContainerEntityManagerFactoryBean : Closing JPA EntityManagerFactory for persistence unit 'default'
2026-05-26T19:03:52.482+05:30  INFO 18088 --- [backend] [Thread-7] com.zaxxer.hikari.HikariDataSource       : HikariPool-2 - Shutdown initiated...
2026-05-26T19:03:52.495+05:30  INFO 18088 --- [backend] [Thread-7] com.zaxxer.hikari.HikariDataSource       : HikariPool-2 - Shutdown completed.
2026-05-26T19:03:52.647+05:30  INFO 18088 --- [backend] [restartedMain] com.tour.BackendApplication              : Starting BackendApplication using Java 21.0.4 with PID 18088 (C:\Users\rakes\IdeaProjects\tour-app\backend\target\classes started by rakes in C:\Users\rakes\IdeaProjects\tour-app\backend)
2026-05-26T19:03:52.647+05:30  INFO 18088 --- [backend] [restartedMain] com.tour.BackendApplication              : No active profile set, falling back to 1 default profile: "default"
2026-05-26T19:03:53.123+05:30  INFO 18088 --- [backend] [restartedMain] .s.d.r.c.RepositoryConfigurationDelegate : Bootstrapping Spring Data JPA repositories in DEFAULT mode.
2026-05-26T19:03:53.174+05:30  INFO 18088 --- [backend] [restartedMain] .s.d.r.c.RepositoryConfigurationDelegate : Finished Spring Data repository scanning in 49 ms. Found 6 JPA repository interfaces.
2026-05-26T19:03:53.439+05:30  INFO 18088 --- [backend] [restartedMain] o.s.b.w.embedded.tomcat.TomcatWebServer  : Tomcat initialized with port 8080 (http)
2026-05-26T19:03:53.441+05:30  INFO 18088 --- [backend] [restartedMain] o.apache.catalina.core.StandardService   : Starting service [Tomcat]
2026-05-26T19:03:53.441+05:30  INFO 18088 --- [backend] [restartedMain] o.apache.catalina.core.StandardEngine    : Starting Servlet engine: [Apache Tomcat/10.1.54]
2026-05-26T19:03:53.500+05:30  INFO 18088 --- [backend] [restartedMain] o.a.c.c.C.[Tomcat].[localhost].[/]       : Initializing Spring embedded WebApplicationContext
2026-05-26T19:03:53.500+05:30  INFO 18088 --- [backend] [restartedMain] w.s.c.ServletWebServerApplicationContext : Root WebApplicationContext: initialization completed in 850 ms
2026-05-26T19:03:53.515+05:30  INFO 18088 --- [backend] [restartedMain] com.tour.service.JwtService              : Generating a new secret key.
2026-05-26T19:03:53.516+05:30  INFO 18088 --- [backend] [restartedMain] com.tour.service.JwtService              : Secret key generated successfully.
2026-05-26T19:03:53.580+05:30  INFO 18088 --- [backend] [restartedMain] o.hibernate.jpa.internal.util.LogHelper  : HHH000204: Processing PersistenceUnitInfo [name: default]
2026-05-26T19:03:53.585+05:30  INFO 18088 --- [backend] [restartedMain] o.h.c.internal.RegionFactoryInitiator    : HHH000026: Second-level cache disabled
2026-05-26T19:03:53.600+05:30  INFO 18088 --- [backend] [restartedMain] o.s.o.j.p.SpringPersistenceUnitInfo      : No LoadTimeWeaver setup: ignoring JPA class transformer
2026-05-26T19:03:53.602+05:30  INFO 18088 --- [backend] [restartedMain] com.zaxxer.hikari.HikariDataSource       : HikariPool-3 - Starting...
2026-05-26T19:03:53.626+05:30  INFO 18088 --- [backend] [restartedMain] com.zaxxer.hikari.pool.HikariPool        : HikariPool-3 - Added connection com.mysql.cj.jdbc.ConnectionImpl@28adff6c
2026-05-26T19:03:53.627+05:30  INFO 18088 --- [backend] [restartedMain] com.zaxxer.hikari.HikariDataSource       : HikariPool-3 - Start completed.
2026-05-26T19:03:53.629+05:30  INFO 18088 --- [backend] [restartedMain] org.hibernate.orm.connections.pooling    : HHH10001005: Database info:
	Database JDBC URL [Connecting through datasource 'HikariDataSource (HikariPool-3)']
	Database driver: undefined/unknown
	Database version: 8.0.45
	Autocommit mode: undefined/unknown
	Isolation level: undefined/unknown
	Minimum pool size: undefined/unknown
	Maximum pool size: undefined/unknown
2026-05-26T19:03:53.859+05:30  INFO 18088 --- [backend] [restartedMain] o.h.e.t.j.p.i.JtaPlatformInitiator       : HHH000489: No JTA platform available (set 'hibernate.transaction.jta.platform' to enable JTA platform integration)
2026-05-26T19:03:53.935+05:30  INFO 18088 --- [backend] [restartedMain] j.LocalContainerEntityManagerFactoryBean : Initialized JPA EntityManagerFactory for persistence unit 'default'
2026-05-26T19:03:54.169+05:30  INFO 18088 --- [backend] [restartedMain] f.a.AutowiredAnnotationBeanPostProcessor : Autowired annotation should only be used on methods with parameters: public void com.tour.controller.BookingController.init()
2026-05-26T19:03:54.408+05:30  INFO 18088 --- [backend] [restartedMain] c.tour.service.CloudinaryImageService    : Cloudinary initialized with provided credentials.
2026-05-26T19:03:54.435+05:30  INFO 18088 --- [backend] [restartedMain] com.tour.config.SecurityConfig           : Configuring AuthenticationManager bean.
2026-05-26T19:03:54.447+05:30  INFO 18088 --- [backend] [restartedMain] com.tour.config.SecurityConfig           : Configuring DaoAuthenticationProvider bean.
2026-05-26T19:03:54.451+05:30  INFO 18088 --- [backend] [restartedMain] eAuthenticationProviderManagerConfigurer : Global AuthenticationManager configured with AuthenticationProvider bean with name authenticationProvider
2026-05-26T19:03:54.452+05:30  WARN 18088 --- [backend] [restartedMain] r$InitializeUserDetailsManagerConfigurer : Global AuthenticationManager configured with an AuthenticationProvider bean. UserDetailsService beans will not be used by Spring Security for automatically configuring username/password login. Consider removing the AuthenticationProvider bean. Alternatively, consider using the UserDetailsService in a manually instantiated DaoAuthenticationProvider. If the current configuration is intentional, to turn off this warning, increase the logging level of 'org.springframework.security.config.annotation.authentication.configuration.InitializeUserDetailsBeanManagerConfigurer' to ERROR
2026-05-26T19:03:54.539+05:30  WARN 18088 --- [backend] [restartedMain] JpaBaseConfiguration$JpaWebConfiguration : spring.jpa.open-in-view is enabled by default. Therefore, database queries may be performed during view rendering. Explicitly configure spring.jpa.open-in-view to disable this warning
2026-05-26T19:03:54.607+05:30  INFO 18088 --- [backend] [restartedMain] com.tour.config.SecurityConfig           : Configuring HTTP Security filters.
2026-05-26T19:03:54.608+05:30  INFO 18088 --- [backend] [restartedMain] com.tour.config.SecurityConfig           : Configuring CORS Configuration.
2026-05-26T19:03:55.109+05:30  INFO 18088 --- [backend] [restartedMain] o.s.b.d.a.OptionalLiveReloadServer       : LiveReload server is running on port 35729
2026-05-26T19:03:55.135+05:30  INFO 18088 --- [backend] [restartedMain] o.s.b.w.embedded.tomcat.TomcatWebServer  : Tomcat started on port 8080 (http) with context path '/'
2026-05-26T19:03:55.141+05:30  INFO 18088 --- [backend] [restartedMain] com.tour.BackendApplication              : Started BackendApplication in 2.544 seconds (process running for 776.069)
2026-05-26T19:03:55.142+05:30  WARN 18088 --- [backend] [restartedMain] o.s.core.events.SpringDocAppInitializer  : SpringDoc /v3/api-docs endpoint is enabled by default. To disable it in production, set the property 'springdoc.api-docs.enabled=false'
2026-05-26T19:03:55.143+05:30  WARN 18088 --- [backend] [restartedMain] o.s.core.events.SpringDocAppInitializer  : SpringDoc /swagger-ui.html endpoint is enabled by default. To disable it in production, set the property 'springdoc.swagger-ui.enabled=false'
2026-05-26T19:03:55.144+05:30  INFO 18088 --- [backend] [restartedMain] .ConditionEvaluationDeltaLoggingListener : Condition evaluation unchanged
2026-05-26T19:03:56.693+05:30  INFO 18088 --- [backend] [File Watcher] rtingClassPathChangeChangedEventListener : Restarting due to 1 class path change (1 addition, 0 deletions, 0 modifications)
2026-05-26T19:03:56.697+05:30  INFO 18088 --- [backend] [Thread-11] o.s.b.w.e.tomcat.GracefulShutdown        : Commencing graceful shutdown. Waiting for active requests to complete
2026-05-26T19:03:56.706+05:30  INFO 18088 --- [backend] [tomcat-shutdown] o.s.b.w.e.tomcat.GracefulShutdown        : Graceful shutdown complete
2026-05-26T19:03:56.713+05:30  INFO 18088 --- [backend] [Thread-11] j.LocalContainerEntityManagerFactoryBean : Closing JPA EntityManagerFactory for persistence unit 'default'
2026-05-26T19:03:56.713+05:30  INFO 18088 --- [backend] [Thread-11] com.zaxxer.hikari.HikariDataSource       : HikariPool-3 - Shutdown initiated...
2026-05-26T19:03:56.720+05:30  INFO 18088 --- [backend] [Thread-11] com.zaxxer.hikari.HikariDataSource       : HikariPool-3 - Shutdown completed.
2026-05-26T19:03:56.915+05:30  INFO 18088 --- [backend] [restartedMain] com.tour.BackendApplication              : Starting BackendApplication using Java 21.0.4 with PID 18088 (C:\Users\rakes\IdeaProjects\tour-app\backend\target\classes started by rakes in C:\Users\rakes\IdeaProjects\tour-app\backend)
2026-05-26T19:03:56.917+05:30  INFO 18088 --- [backend] [restartedMain] com.tour.BackendApplication              : No active profile set, falling back to 1 default profile: "default"
2026-05-26T19:03:57.409+05:30  INFO 18088 --- [backend] [restartedMain] .s.d.r.c.RepositoryConfigurationDelegate : Bootstrapping Spring Data JPA repositories in DEFAULT mode.
2026-05-26T19:03:57.493+05:30  INFO 18088 --- [backend] [restartedMain] .s.d.r.c.RepositoryConfigurationDelegate : Finished Spring Data repository scanning in 82 ms. Found 6 JPA repository interfaces.
2026-05-26T19:03:57.820+05:30  INFO 18088 --- [backend] [restartedMain] o.s.b.w.embedded.tomcat.TomcatWebServer  : Tomcat initialized with port 8080 (http)
2026-05-26T19:03:57.822+05:30  INFO 18088 --- [backend] [restartedMain] o.apache.catalina.core.StandardService   : Starting service [Tomcat]
2026-05-26T19:03:57.822+05:30  INFO 18088 --- [backend] [restartedMain] o.apache.catalina.core.StandardEngine    : Starting Servlet engine: [Apache Tomcat/10.1.54]
2026-05-26T19:03:57.885+05:30  INFO 18088 --- [backend] [restartedMain] o.a.c.c.C.[Tomcat].[localhost].[/]       : Initializing Spring embedded WebApplicationContext
2026-05-26T19:03:57.886+05:30  INFO 18088 --- [backend] [restartedMain] w.s.c.ServletWebServerApplicationContext : Root WebApplicationContext: initialization completed in 965 ms
2026-05-26T19:03:57.901+05:30  INFO 18088 --- [backend] [restartedMain] com.tour.service.JwtService              : Generating a new secret key.
2026-05-26T19:03:57.902+05:30  INFO 18088 --- [backend] [restartedMain] com.tour.service.JwtService              : Secret key generated successfully.
2026-05-26T19:03:57.969+05:30  INFO 18088 --- [backend] [restartedMain] o.hibernate.jpa.internal.util.LogHelper  : HHH000204: Processing PersistenceUnitInfo [name: default]
2026-05-26T19:03:57.974+05:30  INFO 18088 --- [backend] [restartedMain] o.h.c.internal.RegionFactoryInitiator    : HHH000026: Second-level cache disabled
2026-05-26T19:03:57.988+05:30  INFO 18088 --- [backend] [restartedMain] o.s.o.j.p.SpringPersistenceUnitInfo      : No LoadTimeWeaver setup: ignoring JPA class transformer
2026-05-26T19:03:57.990+05:30  INFO 18088 --- [backend] [restartedMain] com.zaxxer.hikari.HikariDataSource       : HikariPool-4 - Starting...
2026-05-26T19:03:58.010+05:30  INFO 18088 --- [backend] [restartedMain] com.zaxxer.hikari.pool.HikariPool        : HikariPool-4 - Added connection com.mysql.cj.jdbc.ConnectionImpl@711919d3
2026-05-26T19:03:58.010+05:30  INFO 18088 --- [backend] [restartedMain] com.zaxxer.hikari.HikariDataSource       : HikariPool-4 - Start completed.
2026-05-26T19:03:58.012+05:30  INFO 18088 --- [backend] [restartedMain] org.hibernate.orm.connections.pooling    : HHH10001005: Database info:
	Database JDBC URL [Connecting through datasource 'HikariDataSource (HikariPool-4)']
	Database driver: undefined/unknown
	Database version: 8.0.45
	Autocommit mode: undefined/unknown
	Isolation level: undefined/unknown
	Minimum pool size: undefined/unknown
	Maximum pool size: undefined/unknown
2026-05-26T19:03:58.231+05:30  INFO 18088 --- [backend] [restartedMain] o.h.e.t.j.p.i.JtaPlatformInitiator       : HHH000489: No JTA platform available (set 'hibernate.transaction.jta.platform' to enable JTA platform integration)
2026-05-26T19:03:58.333+05:30  INFO 18088 --- [backend] [restartedMain] j.LocalContainerEntityManagerFactoryBean : Initialized JPA EntityManagerFactory for persistence unit 'default'
2026-05-26T19:03:58.791+05:30  INFO 18088 --- [backend] [restartedMain] f.a.AutowiredAnnotationBeanPostProcessor : Autowired annotation should only be used on methods with parameters: public void com.tour.controller.BookingController.init()
2026-05-26T19:03:59.017+05:30  INFO 18088 --- [backend] [restartedMain] c.tour.service.CloudinaryImageService    : Cloudinary initialized with provided credentials.
2026-05-26T19:03:59.039+05:30  INFO 18088 --- [backend] [restartedMain] com.tour.config.SecurityConfig           : Configuring AuthenticationManager bean.
2026-05-26T19:03:59.049+05:30  INFO 18088 --- [backend] [restartedMain] com.tour.config.SecurityConfig           : Configuring DaoAuthenticationProvider bean.
2026-05-26T19:03:59.052+05:30  INFO 18088 --- [backend] [restartedMain] eAuthenticationProviderManagerConfigurer : Global AuthenticationManager configured with AuthenticationProvider bean with name authenticationProvider
2026-05-26T19:03:59.053+05:30  WARN 18088 --- [backend] [restartedMain] r$InitializeUserDetailsManagerConfigurer : Global AuthenticationManager configured with an AuthenticationProvider bean. UserDetailsService beans will not be used by Spring Security for automatically configuring username/password login. Consider removing the AuthenticationProvider bean. Alternatively, consider using the UserDetailsService in a manually instantiated DaoAuthenticationProvider. If the current configuration is intentional, to turn off this warning, increase the logging level of 'org.springframework.security.config.annotation.authentication.configuration.InitializeUserDetailsBeanManagerConfigurer' to ERROR
2026-05-26T19:03:59.117+05:30  WARN 18088 --- [backend] [restartedMain] JpaBaseConfiguration$JpaWebConfiguration : spring.jpa.open-in-view is enabled by default. Therefore, database queries may be performed during view rendering. Explicitly configure spring.jpa.open-in-view to disable this warning
2026-05-26T19:03:59.162+05:30  INFO 18088 --- [backend] [restartedMain] com.tour.config.SecurityConfig           : Configuring HTTP Security filters.
2026-05-26T19:03:59.163+05:30  INFO 18088 --- [backend] [restartedMain] com.tour.config.SecurityConfig           : Configuring CORS Configuration.
2026-05-26T19:03:59.582+05:30  INFO 18088 --- [backend] [restartedMain] o.s.b.d.a.OptionalLiveReloadServer       : LiveReload server is running on port 35729
2026-05-26T19:03:59.603+05:30  INFO 18088 --- [backend] [restartedMain] o.s.b.w.embedded.tomcat.TomcatWebServer  : Tomcat started on port 8080 (http) with context path '/'
2026-05-26T19:03:59.609+05:30  INFO 18088 --- [backend] [restartedMain] com.tour.BackendApplication              : Started BackendApplication in 2.757 seconds (process running for 780.537)
2026-05-26T19:03:59.610+05:30  WARN 18088 --- [backend] [restartedMain] o.s.core.events.SpringDocAppInitializer  : SpringDoc /v3/api-docs endpoint is enabled by default. To disable it in production, set the property 'springdoc.api-docs.enabled=false'
2026-05-26T19:03:59.611+05:30  WARN 18088 --- [backend] [restartedMain] o.s.core.events.SpringDocAppInitializer  : SpringDoc /swagger-ui.html endpoint is enabled by default. To disable it in production, set the property 'springdoc.swagger-ui.enabled=false'
2026-05-26T19:03:59.611+05:30  INFO 18088 --- [backend] [restartedMain] .ConditionEvaluationDeltaLoggingListener : Condition evaluation unchanged
2026-05-26T19:06:47.655+05:30  INFO 18088 --- [backend] [http-nio-8080-exec-1] o.a.c.c.C.[Tomcat].[localhost].[/]       : Initializing Spring DispatcherServlet 'dispatcherServlet'
2026-05-26T19:06:47.655+05:30  INFO 18088 --- [backend] [http-nio-8080-exec-1] o.s.web.servlet.DispatcherServlet        : Initializing Servlet 'dispatcherServlet'
2026-05-26T19:06:47.657+05:30  INFO 18088 --- [backend] [http-nio-8080-exec-1] o.s.web.servlet.DispatcherServlet        : Completed initialization in 2 ms
2026-05-26T19:06:47.669+05:30  INFO 18088 --- [backend] [http-nio-8080-exec-2] com.tour.config.JwtFilter                : Processing request to URI: /auth/login
2026-05-26T19:06:47.669+05:30  INFO 18088 --- [backend] [http-nio-8080-exec-2] com.tour.config.JwtFilter                : Continuing filter chain for request to URI: /auth/login
2026-05-26T19:06:47.807+05:30  WARN 18088 --- [backend] [http-nio-8080-exec-2] c.tour.service.CustomUserDetailsService  : User not found with email: admin@tuors.com
2026-05-26T19:06:47.957+05:30  WARN 18088 --- [backend] [http-nio-8080-exec-2] .m.m.a.ExceptionHandlerExceptionResolver : Failure in @ExceptionHandler com.tour.exception.GlobalExceptionHandle#handleGlobalException(Exception, WebRequest)

org.springframework.web.HttpMediaTypeNotAcceptableException: No acceptable representation
	at org.springframework.web.servlet.mvc.method.annotation.AbstractMessageConverterMethodProcessor.writeWithMessageConverters(AbstractMessageConverterMethodProcessor.java:367) ~[spring-webmvc-6.2.18.jar:6.2.18]
	at org.springframework.web.servlet.mvc.method.annotation.HttpEntityMethodProcessor.handleReturnValue(HttpEntityMethodProcessor.java:263) ~[spring-webmvc-6.2.18.jar:6.2.18]
	at org.springframework.web.method.support.HandlerMethodReturnValueHandlerComposite.handleReturnValue(HandlerMethodReturnValueHandlerComposite.java:78) ~[spring-web-6.2.18.jar:6.2.18]
	at org.springframework.web.servlet.mvc.method.annotation.ServletInvocableHandlerMethod.invokeAndHandle(ServletInvocableHandlerMethod.java:136) ~[spring-webmvc-6.2.18.jar:6.2.18]
	at org.springframework.web.servlet.mvc.method.annotation.ExceptionHandlerExceptionResolver.doResolveHandlerMethodException(ExceptionHandlerExceptionResolver.java:471) ~[spring-webmvc-6.2.18.jar:6.2.18]
	at org.springframework.web.servlet.handler.AbstractHandlerMethodExceptionResolver.doResolveException(AbstractHandlerMethodExceptionResolver.java:73) ~[spring-webmvc-6.2.18.jar:6.2.18]
	at org.springframework.web.servlet.handler.AbstractHandlerExceptionResolver.resolveException(AbstractHandlerExceptionResolver.java:182) ~[spring-webmvc-6.2.18.jar:6.2.18]
	at org.springframework.web.servlet.handler.HandlerExceptionResolverComposite.resolveException(HandlerExceptionResolverComposite.java:80) ~[spring-webmvc-6.2.18.jar:6.2.18]
	at org.springframework.web.servlet.DispatcherServlet.processHandlerException(DispatcherServlet.java:1360) ~[spring-webmvc-6.2.18.jar:6.2.18]
	at org.springframework.web.servlet.DispatcherServlet.processDispatchResult(DispatcherServlet.java:1161) ~[spring-webmvc-6.2.18.jar:6.2.18]
	at org.springframework.web.servlet.DispatcherServlet.doDispatch(DispatcherServlet.java:1106) ~[spring-webmvc-6.2.18.jar:6.2.18]
	at org.springframework.web.servlet.DispatcherServlet.doService(DispatcherServlet.java:979) ~[spring-webmvc-6.2.18.jar:6.2.18]
	at org.springframework.web.servlet.FrameworkServlet.processRequest(FrameworkServlet.java:1014) ~[spring-webmvc-6.2.18.jar:6.2.18]
	at org.springframework.web.servlet.FrameworkServlet.doPost(FrameworkServlet.java:914) ~[spring-webmvc-6.2.18.jar:6.2.18]
	at jakarta.servlet.http.HttpServlet.service(HttpServlet.java:590) ~[tomcat-embed-core-10.1.54.jar:6.0]
	at org.springframework.web.servlet.FrameworkServlet.service(FrameworkServlet.java:885) ~[spring-webmvc-6.2.18.jar:6.2.18]
	at jakarta.servlet.http.HttpServlet.service(HttpServlet.java:658) ~[tomcat-embed-core-10.1.54.jar:6.0]
	at org.apache.catalina.core.ApplicationFilterChain.internalDoFilter(ApplicationFilterChain.java:193) ~[tomcat-embed-core-10.1.54.jar:10.1.54]
	at org.apache.catalina.core.ApplicationFilterChain.doFilter(ApplicationFilterChain.java:138) ~[tomcat-embed-core-10.1.54.jar:10.1.54]
	at org.apache.tomcat.websocket.server.WsFilter.doFilter(WsFilter.java:51) ~[tomcat-embed-websocket-10.1.54.jar:10.1.54]
	at org.apache.catalina.core.ApplicationFilterChain.internalDoFilter(ApplicationFilterChain.java:162) ~[tomcat-embed-core-10.1.54.jar:10.1.54]
	at org.apache.catalina.core.ApplicationFilterChain.doFilter(ApplicationFilterChain.java:138) ~[tomcat-embed-core-10.1.54.jar:10.1.54]
	at org.springframework.web.filter.OncePerRequestFilter.doFilter(OncePerRequestFilter.java:110) ~[spring-web-6.2.18.jar:6.2.18]
	at org.apache.catalina.core.ApplicationFilterChain.internalDoFilter(ApplicationFilterChain.java:162) ~[tomcat-embed-core-10.1.54.jar:10.1.54]
	at org.apache.catalina.core.ApplicationFilterChain.doFilter(ApplicationFilterChain.java:138) ~[tomcat-embed-core-10.1.54.jar:10.1.54]
	at org.springframework.web.filter.CompositeFilter$VirtualFilterChain.doFilter(CompositeFilter.java:108) ~[spring-web-6.2.18.jar:6.2.18]
	at org.springframework.web.filter.CompositeFilter$VirtualFilterChain.doFilter(CompositeFilter.java:108) ~[spring-web-6.2.18.jar:6.2.18]
	at org.springframework.security.web.FilterChainProxy.lambda$doFilterInternal$3(FilterChainProxy.java:231) ~[spring-security-web-6.5.10.jar:6.5.10]
	at org.springframework.security.web.FilterChainProxy$VirtualFilterChain.doFilter(FilterChainProxy.java:370) ~[spring-security-web-6.5.10.jar:6.5.10]
	at org.springframework.security.web.access.intercept.AuthorizationFilter.doFilter(AuthorizationFilter.java:101) ~[spring-security-web-6.5.10.jar:6.5.10]
	at org.springframework.security.web.FilterChainProxy$VirtualFilterChain.doFilter(FilterChainProxy.java:379) ~[spring-security-web-6.5.10.jar:6.5.10]
	at org.springframework.security.web.access.ExceptionTranslationFilter.doFilter(ExceptionTranslationFilter.java:125) ~[spring-security-web-6.5.10.jar:6.5.10]
	at org.springframework.security.web.access.ExceptionTranslationFilter.doFilter(ExceptionTranslationFilter.java:119) ~[spring-security-web-6.5.10.jar:6.5.10]
	at org.springframework.security.web.FilterChainProxy$VirtualFilterChain.doFilter(FilterChainProxy.java:379) ~[spring-security-web-6.5.10.jar:6.5.10]
	at org.springframework.security.web.session.SessionManagementFilter.doFilter(SessionManagementFilter.java:131) ~[spring-security-web-6.5.10.jar:6.5.10]
	at org.springframework.security.web.session.SessionManagementFilter.doFilter(SessionManagementFilter.java:85) ~[spring-security-web-6.5.10.jar:6.5.10]
	at org.springframework.security.web.FilterChainProxy$VirtualFilterChain.doFilter(FilterChainProxy.java:379) ~[spring-security-web-6.5.10.jar:6.5.10]
	at org.springframework.security.web.authentication.AnonymousAuthenticationFilter.doFilter(AnonymousAuthenticationFilter.java:100) ~[spring-security-web-6.5.10.jar:6.5.10]
	at org.springframework.security.web.FilterChainProxy$VirtualFilterChain.doFilter(FilterChainProxy.java:379) ~[spring-security-web-6.5.10.jar:6.5.10]
	at org.springframework.security.web.servletapi.SecurityContextHolderAwareRequestFilter.doFilter(SecurityContextHolderAwareRequestFilter.java:179) ~[spring-security-web-6.5.10.jar:6.5.10]
	at org.springframework.security.web.FilterChainProxy$VirtualFilterChain.doFilter(FilterChainProxy.java:379) ~[spring-security-web-6.5.10.jar:6.5.10]
	at org.springframework.security.web.savedrequest.RequestCacheAwareFilter.doFilter(RequestCacheAwareFilter.java:63) ~[spring-security-web-6.5.10.jar:6.5.10]
	at org.springframework.security.web.FilterChainProxy$VirtualFilterChain.doFilter(FilterChainProxy.java:379) ~[spring-security-web-6.5.10.jar:6.5.10]
	at org.springframework.security.web.authentication.ui.DefaultLogoutPageGeneratingFilter.doFilterInternal(DefaultLogoutPageGeneratingFilter.java:59) ~[spring-security-web-6.5.10.jar:6.5.10]
	at org.springframework.web.filter.OncePerRequestFilter.doFilter(OncePerRequestFilter.java:116) ~[spring-web-6.2.18.jar:6.2.18]
	at org.springframework.security.web.FilterChainProxy$VirtualFilterChain.doFilter(FilterChainProxy.java:379) ~[spring-security-web-6.5.10.jar:6.5.10]
	at org.springframework.security.web.authentication.ui.DefaultLoginPageGeneratingFilter.doFilter(DefaultLoginPageGeneratingFilter.java:216) ~[spring-security-web-6.5.10.jar:6.5.10]
	at org.springframework.security.web.authentication.ui.DefaultLoginPageGeneratingFilter.doFilter(DefaultLoginPageGeneratingFilter.java:202) ~[spring-security-web-6.5.10.jar:6.5.10]
	at org.springframework.security.web.FilterChainProxy$VirtualFilterChain.doFilter(FilterChainProxy.java:379) ~[spring-security-web-6.5.10.jar:6.5.10]
	at org.springframework.security.web.authentication.ui.DefaultResourcesFilter.doFilter(DefaultResourcesFilter.java:72) ~[spring-security-web-6.5.10.jar:6.5.10]
	at org.springframework.security.web.FilterChainProxy$VirtualFilterChain.doFilter(FilterChainProxy.java:379) ~[spring-security-web-6.5.10.jar:6.5.10]
	at com.tour.config.JwtFilter.doFilterInternal(JwtFilter.java:97) ~[classes/:na]
	at org.springframework.web.filter.OncePerRequestFilter.doFilter(OncePerRequestFilter.java:116) ~[spring-web-6.2.18.jar:6.2.18]
	at org.springframework.security.web.FilterChainProxy$VirtualFilterChain.doFilter(FilterChainProxy.java:379) ~[spring-security-web-6.5.10.jar:6.5.10]
	at org.springframework.security.web.authentication.AbstractAuthenticationProcessingFilter.doFilter(AbstractAuthenticationProcessingFilter.java:235) ~[spring-security-web-6.5.10.jar:6.5.10]
	at org.springframework.security.web.authentication.AbstractAuthenticationProcessingFilter.doFilter(AbstractAuthenticationProcessingFilter.java:229) ~[spring-security-web-6.5.10.jar:6.5.10]
	at org.springframework.security.web.FilterChainProxy$VirtualFilterChain.doFilter(FilterChainProxy.java:379) ~[spring-security-web-6.5.10.jar:6.5.10]
	at org.springframework.security.oauth2.client.web.OAuth2AuthorizationRequestRedirectFilter.doFilterInternal(OAuth2AuthorizationRequestRedirectFilter.java:198) ~[spring-security-oauth2-client-6.5.10.jar:6.5.10]
	at org.springframework.web.filter.OncePerRequestFilter.doFilter(OncePerRequestFilter.java:116) ~[spring-web-6.2.18.jar:6.2.18]
	at org.springframework.security.web.FilterChainProxy$VirtualFilterChain.doFilter(FilterChainProxy.java:379) ~[spring-security-web-6.5.10.jar:6.5.10]
	at org.springframework.security.web.authentication.logout.LogoutFilter.doFilter(LogoutFilter.java:107) ~[spring-security-web-6.5.10.jar:6.5.10]
	at org.springframework.security.web.authentication.logout.LogoutFilter.doFilter(LogoutFilter.java:93) ~[spring-security-web-6.5.10.jar:6.5.10]
	at org.springframework.security.web.FilterChainProxy$VirtualFilterChain.doFilter(FilterChainProxy.java:379) ~[spring-security-web-6.5.10.jar:6.5.10]
	at org.springframework.web.filter.CorsFilter.doFilterInternal(CorsFilter.java:91) ~[spring-web-6.2.18.jar:6.2.18]
	at org.springframework.web.filter.OncePerRequestFilter.doFilter(OncePerRequestFilter.java:116) ~[spring-web-6.2.18.jar:6.2.18]
	at org.springframework.security.web.FilterChainProxy$VirtualFilterChain.doFilter(FilterChainProxy.java:379) ~[spring-security-web-6.5.10.jar:6.5.10]
	at org.springframework.security.web.header.HeaderWriterFilter.doHeadersAfter(HeaderWriterFilter.java:90) ~[spring-security-web-6.5.10.jar:6.5.10]
	at org.springframework.security.web.header.HeaderWriterFilter.doFilterInternal(HeaderWriterFilter.java:75) ~[spring-security-web-6.5.10.jar:6.5.10]
	at org.springframework.web.filter.OncePerRequestFilter.doFilter(OncePerRequestFilter.java:116) ~[spring-web-6.2.18.jar:6.2.18]
	at org.springframework.security.web.FilterChainProxy$VirtualFilterChain.doFilter(FilterChainProxy.java:379) ~[spring-security-web-6.5.10.jar:6.5.10]
	at org.springframework.security.web.context.SecurityContextHolderFilter.doFilter(SecurityContextHolderFilter.java:82) ~[spring-security-web-6.5.10.jar:6.5.10]
	at org.springframework.security.web.context.SecurityContextHolderFilter.doFilter(SecurityContextHolderFilter.java:69) ~[spring-security-web-6.5.10.jar:6.5.10]
	at org.springframework.security.web.FilterChainProxy$VirtualFilterChain.doFilter(FilterChainProxy.java:379) ~[spring-security-web-6.5.10.jar:6.5.10]
	at org.springframework.security.web.context.request.async.WebAsyncManagerIntegrationFilter.doFilterInternal(WebAsyncManagerIntegrationFilter.java:62) ~[spring-security-web-6.5.10.jar:6.5.10]
	at org.springframework.web.filter.OncePerRequestFilter.doFilter(OncePerRequestFilter.java:116) ~[spring-web-6.2.18.jar:6.2.18]
	at org.springframework.security.web.FilterChainProxy$VirtualFilterChain.doFilter(FilterChainProxy.java:379) ~[spring-security-web-6.5.10.jar:6.5.10]
	at org.springframework.security.web.session.DisableEncodeUrlFilter.doFilterInternal(DisableEncodeUrlFilter.java:42) ~[spring-security-web-6.5.10.jar:6.5.10]
	at org.springframework.web.filter.OncePerRequestFilter.doFilter(OncePerRequestFilter.java:116) ~[spring-web-6.2.18.jar:6.2.18]
	at org.springframework.security.web.FilterChainProxy$VirtualFilterChain.doFilter(FilterChainProxy.java:379) ~[spring-security-web-6.5.10.jar:6.5.10]
	at org.springframework.security.web.FilterChainProxy.doFilterInternal(FilterChainProxy.java:233) ~[spring-security-web-6.5.10.jar:6.5.10]
	at org.springframework.security.web.FilterChainProxy.doFilter(FilterChainProxy.java:191) ~[spring-security-web-6.5.10.jar:6.5.10]
	at org.springframework.web.filter.CompositeFilter$VirtualFilterChain.doFilter(CompositeFilter.java:113) ~[spring-web-6.2.18.jar:6.2.18]
	at org.springframework.web.filter.ServletRequestPathFilter.doFilter(ServletRequestPathFilter.java:52) ~[spring-web-6.2.18.jar:6.2.18]
	at org.springframework.web.filter.CompositeFilter$VirtualFilterChain.doFilter(CompositeFilter.java:113) ~[spring-web-6.2.18.jar:6.2.18]
	at org.springframework.web.filter.CompositeFilter.doFilter(CompositeFilter.java:74) ~[spring-web-6.2.18.jar:6.2.18]
	at org.springframework.security.config.annotation.web.configuration.WebSecurityConfiguration$CompositeFilterChainProxy.doFilter(WebSecurityConfiguration.java:319) ~[spring-security-config-6.5.10.jar:6.5.10]
	at org.springframework.web.filter.CompositeFilter$VirtualFilterChain.doFilter(CompositeFilter.java:113) ~[spring-web-6.2.18.jar:6.2.18]
	at org.springframework.web.servlet.handler.HandlerMappingIntrospector.lambda$createCacheFilter$4(HandlerMappingIntrospector.java:267) ~[spring-webmvc-6.2.18.jar:6.2.18]
	at org.springframework.web.filter.CompositeFilter$VirtualFilterChain.doFilter(CompositeFilter.java:113) ~[spring-web-6.2.18.jar:6.2.18]
	at org.springframework.web.filter.CompositeFilter.doFilter(CompositeFilter.java:74) ~[spring-web-6.2.18.jar:6.2.18]
	at org.springframework.security.config.annotation.web.configuration.WebMvcSecurityConfiguration$CompositeFilterChainProxy.doFilter(WebMvcSecurityConfiguration.java:240) ~[spring-security-config-6.5.10.jar:6.5.10]
	at org.springframework.web.filter.DelegatingFilterProxy.invokeDelegate(DelegatingFilterProxy.java:362) ~[spring-web-6.2.18.jar:6.2.18]
	at org.springframework.web.filter.DelegatingFilterProxy.doFilter(DelegatingFilterProxy.java:278) ~[spring-web-6.2.18.jar:6.2.18]
	at org.apache.catalina.core.ApplicationFilterChain.internalDoFilter(ApplicationFilterChain.java:162) ~[tomcat-embed-core-10.1.54.jar:10.1.54]
	at org.apache.catalina.core.ApplicationFilterChain.doFilter(ApplicationFilterChain.java:138) ~[tomcat-embed-core-10.1.54.jar:10.1.54]
	at org.springframework.web.filter.RequestContextFilter.doFilterInternal(RequestContextFilter.java:100) ~[spring-web-6.2.18.jar:6.2.18]
	at org.springframework.web.filter.OncePerRequestFilter.doFilter(OncePerRequestFilter.java:116) ~[spring-web-6.2.18.jar:6.2.18]
	at org.apache.catalina.core.ApplicationFilterChain.internalDoFilter(ApplicationFilterChain.java:162) ~[tomcat-embed-core-10.1.54.jar:10.1.54]
	at org.apache.catalina.core.ApplicationFilterChain.doFilter(ApplicationFilterChain.java:138) ~[tomcat-embed-core-10.1.54.jar:10.1.54]
	at org.springframework.web.filter.FormContentFilter.doFilterInternal(FormContentFilter.java:93) ~[spring-web-6.2.18.jar:6.2.18]
	at org.springframework.web.filter.OncePerRequestFilter.doFilter(OncePerRequestFilter.java:116) ~[spring-web-6.2.18.jar:6.2.18]
	at org.apache.catalina.core.ApplicationFilterChain.internalDoFilter(ApplicationFilterChain.java:162) ~[tomcat-embed-core-10.1.54.jar:10.1.54]
	at org.apache.catalina.core.ApplicationFilterChain.doFilter(ApplicationFilterChain.java:138) ~[tomcat-embed-core-10.1.54.jar:10.1.54]
	at org.springframework.web.filter.CharacterEncodingFilter.doFilterInternal(CharacterEncodingFilter.java:201) ~[spring-web-6.2.18.jar:6.2.18]
	at org.springframework.web.filter.OncePerRequestFilter.doFilter(OncePerRequestFilter.java:116) ~[spring-web-6.2.18.jar:6.2.18]
	at org.apache.catalina.core.ApplicationFilterChain.internalDoFilter(ApplicationFilterChain.java:162) ~[tomcat-embed-core-10.1.54.jar:10.1.54]
	at org.apache.catalina.core.ApplicationFilterChain.doFilter(ApplicationFilterChain.java:138) ~[tomcat-embed-core-10.1.54.jar:10.1.54]
	at org.apache.catalina.core.StandardWrapperValve.invoke(StandardWrapperValve.java:165) ~[tomcat-embed-core-10.1.54.jar:10.1.54]
	at org.apache.catalina.core.StandardContextValve.invoke(StandardContextValve.java:88) ~[tomcat-embed-core-10.1.54.jar:10.1.54]
	at org.apache.catalina.authenticator.AuthenticatorBase.invoke(AuthenticatorBase.java:492) ~[tomcat-embed-core-10.1.54.jar:10.1.54]
	at org.apache.catalina.core.StandardHostValve.invoke(StandardHostValve.java:113) ~[tomcat-embed-core-10.1.54.jar:10.1.54]
	at org.apache.catalina.valves.ErrorReportValve.invoke(ErrorReportValve.java:83) ~[tomcat-embed-core-10.1.54.jar:10.1.54]
	at org.apache.catalina.core.StandardEngineValve.invoke(StandardEngineValve.java:72) ~[tomcat-embed-core-10.1.54.jar:10.1.54]
	at org.apache.catalina.connector.CoyoteAdapter.service(CoyoteAdapter.java:342) ~[tomcat-embed-core-10.1.54.jar:10.1.54]
	at org.apache.coyote.http11.Http11Processor.service(Http11Processor.java:399) ~[tomcat-embed-core-10.1.54.jar:10.1.54]
	at org.apache.coyote.AbstractProcessorLight.process(AbstractProcessorLight.java:63) ~[tomcat-embed-core-10.1.54.jar:10.1.54]
	at org.apache.coyote.AbstractProtocol$ConnectionHandler.process(AbstractProtocol.java:903) ~[tomcat-embed-core-10.1.54.jar:10.1.54]
	at org.apache.tomcat.util.net.NioEndpoint$SocketProcessor.doRun(NioEndpoint.java:1797) ~[tomcat-embed-core-10.1.54.jar:10.1.54]
	at org.apache.tomcat.util.net.SocketProcessorBase.run(SocketProcessorBase.java:52) ~[tomcat-embed-core-10.1.54.jar:10.1.54]
	at org.apache.tomcat.util.threads.ThreadPoolExecutor.runWorker(ThreadPoolExecutor.java:973) ~[tomcat-embed-core-10.1.54.jar:10.1.54]
	at org.apache.tomcat.util.threads.ThreadPoolExecutor$Worker.run(ThreadPoolExecutor.java:491) ~[tomcat-embed-core-10.1.54.jar:10.1.54]
	at org.apache.tomcat.util.threads.TaskThread$WrappingRunnable.run(TaskThread.java:63) ~[tomcat-embed-core-10.1.54.jar:10.1.54]
	at java.base/java.lang.Thread.run(Thread.java:1583) ~[na:na]

2026-05-26T19:07:57.370+05:30  INFO 18088 --- [backend] [http-nio-8080-exec-4] com.tour.config.JwtFilter                : Processing request to URI: /auth/login
2026-05-26T19:07:57.371+05:30  INFO 18088 --- [backend] [http-nio-8080-exec-4] com.tour.config.JwtFilter                : Continuing filter chain for request to URI: /auth/login
2026-05-26T19:07:57.379+05:30  INFO 18088 --- [backend] [http-nio-8080-exec-4] c.tour.service.CustomUserDetailsService  : User found with email: admin@tours.com, Role: ROLE_ADMIN
2026-05-26T19:07:57.381+05:30  INFO 18088 --- [backend] [http-nio-8080-exec-4] com.tour.config.UserPrincipal            : UserPrincipal created for user with email: admin@tours.com
2026-05-26T19:07:57.491+05:30  INFO 18088 --- [backend] [http-nio-8080-exec-4] com.tour.config.UserPrincipal            : Retrieving authorities for user: admin@tours.com
2026-05-26T19:07:57.501+05:30  INFO 18088 --- [backend] [http-nio-8080-exec-4] com.tour.config.UserPrincipal            : Assigned authority: ROLE_ADMIN
2026-05-26T19:07:57.501+05:30  INFO 18088 --- [backend] [http-nio-8080-exec-4] com.tour.service.JwtService              : Generating token for username: admin@tours.com
2026-05-26T19:07:57.507+05:30  INFO 18088 --- [backend] [http-nio-8080-exec-4] com.tour.service.JwtService              : Role for user admin@tours.com: ROLE_ADMIN
2026-05-26T19:07:57.507+05:30  INFO 18088 --- [backend] [http-nio-8080-exec-4] com.tour.service.JwtService              : Retrieving signing key.
2026-05-26T19:07:57.509+05:30  INFO 18088 --- [backend] [http-nio-8080-exec-4] com.tour.service.JwtService              : Token generated successfully for username: admin@tours.com
2026-05-26T19:07:57.664+05:30  INFO 18088 --- [backend] [http-nio-8080-exec-9] com.tour.config.JwtFilter                : Processing request to URI: /admin/tours
2026-05-26T19:07:57.664+05:30  INFO 18088 --- [backend] [http-nio-8080-exec-9] com.tour.service.JwtService              : Extracting username from token.
2026-05-26T19:07:57.664+05:30  INFO 18088 --- [backend] [http-nio-8080-exec-9] com.tour.service.JwtService              : Extracting all claims from token.
2026-05-26T19:07:57.668+05:30  INFO 18088 --- [backend] [http-nio-8080-exec-9] com.tour.service.JwtService              : Retrieving signing key.
2026-05-26T19:07:57.672+05:30  INFO 18088 --- [backend] [http-nio-8080-exec-9] com.tour.config.JwtFilter                : User 'admin@tours.com' is not authenticated, proceeding with token validation.
2026-05-26T19:07:57.680+05:30  INFO 18088 --- [backend] [http-nio-8080-exec-9] c.tour.service.CustomUserDetailsService  : User found with email: admin@tours.com, Role: ROLE_ADMIN
2026-05-26T19:07:57.680+05:30  INFO 18088 --- [backend] [http-nio-8080-exec-9] com.tour.config.UserPrincipal            : UserPrincipal created for user with email: admin@tours.com
2026-05-26T19:07:57.680+05:30  INFO 18088 --- [backend] [http-nio-8080-exec-9] com.tour.service.JwtService              : Validating token for user: admin@tours.com
2026-05-26T19:07:57.680+05:30  INFO 18088 --- [backend] [http-nio-8080-exec-9] com.tour.service.JwtService              : Extracting username from token.
2026-05-26T19:07:57.680+05:30  INFO 18088 --- [backend] [http-nio-8080-exec-9] com.tour.service.JwtService              : Extracting all claims from token.
2026-05-26T19:07:57.682+05:30  INFO 18088 --- [backend] [http-nio-8080-exec-9] com.tour.service.JwtService              : Retrieving signing key.
2026-05-26T19:07:57.684+05:30  INFO 18088 --- [backend] [http-nio-8080-exec-9] com.tour.service.JwtService              : Checking if token is expired.
2026-05-26T19:07:57.684+05:30  INFO 18088 --- [backend] [http-nio-8080-exec-9] com.tour.service.JwtService              : Extracting expiration date from token.
2026-05-26T19:07:57.686+05:30  INFO 18088 --- [backend] [http-nio-8080-exec-9] com.tour.service.JwtService              : Extracting all claims from token.
2026-05-26T19:07:57.686+05:30  INFO 18088 --- [backend] [http-nio-8080-exec-9] com.tour.service.JwtService              : Retrieving signing key.
2026-05-26T19:07:57.688+05:30  INFO 18088 --- [backend] [http-nio-8080-exec-9] com.tour.service.JwtService              : Token is valid for user: admin@tours.com
2026-05-26T19:07:57.688+05:30  INFO 18088 --- [backend] [http-nio-8080-exec-9] com.tour.config.UserPrincipal            : Retrieving authorities for user: admin@tours.com
2026-05-26T19:07:57.688+05:30  INFO 18088 --- [backend] [http-nio-8080-exec-9] com.tour.config.UserPrincipal            : Assigned authority: ROLE_ADMIN
2026-05-26T19:07:57.688+05:30  INFO 18088 --- [backend] [http-nio-8080-exec-9] com.tour.config.JwtFilter                : User 'admin@tours.com' successfully authenticated.
2026-05-26T19:07:57.688+05:30  INFO 18088 --- [backend] [http-nio-8080-exec-9] com.tour.config.JwtFilter                : Continuing filter chain for request to URI: /admin/tours
2026-05-26T19:07:57.704+05:30  INFO 18088 --- [backend] [http-nio-8080-exec-9] com.tour.service.TourService             : Fetching all tours with details.
2026-05-26T19:07:57.731+05:30  INFO 18088 --- [backend] [http-nio-8080-exec-10] com.tour.config.JwtFilter                : Processing request to URI: /admin/tours
2026-05-26T19:07:57.731+05:30  INFO 18088 --- [backend] [http-nio-8080-exec-10] com.tour.service.JwtService              : Extracting username from token.
2026-05-26T19:07:57.731+05:30  INFO 18088 --- [backend] [http-nio-8080-exec-10] com.tour.service.JwtService              : Extracting all claims from token.
2026-05-26T19:07:57.731+05:30  INFO 18088 --- [backend] [http-nio-8080-exec-10] com.tour.service.JwtService              : Retrieving signing key.
2026-05-26T19:07:57.731+05:30  INFO 18088 --- [backend] [http-nio-8080-exec-10] com.tour.config.JwtFilter                : User 'admin@tours.com' is not authenticated, proceeding with token validation.
2026-05-26T19:07:57.734+05:30  INFO 18088 --- [backend] [http-nio-8080-exec-10] c.tour.service.CustomUserDetailsService  : User found with email: admin@tours.com, Role: ROLE_ADMIN
2026-05-26T19:07:57.734+05:30  INFO 18088 --- [backend] [http-nio-8080-exec-10] com.tour.config.UserPrincipal            : UserPrincipal created for user with email: admin@tours.com
2026-05-26T19:07:57.734+05:30  INFO 18088 --- [backend] [http-nio-8080-exec-10] com.tour.service.JwtService              : Validating token for user: admin@tours.com
2026-05-26T19:07:57.734+05:30  INFO 18088 --- [backend] [http-nio-8080-exec-10] com.tour.service.JwtService              : Extracting username from token.
2026-05-26T19:07:57.734+05:30  INFO 18088 --- [backend] [http-nio-8080-exec-10] com.tour.service.JwtService              : Extracting all claims from token.
2026-05-26T19:07:57.734+05:30  INFO 18088 --- [backend] [http-nio-8080-exec-10] com.tour.service.JwtService              : Retrieving signing key.
2026-05-26T19:07:57.734+05:30  INFO 18088 --- [backend] [http-nio-8080-exec-10] com.tour.service.JwtService              : Checking if token is expired.
2026-05-26T19:07:57.734+05:30  INFO 18088 --- [backend] [http-nio-8080-exec-10] com.tour.service.JwtService              : Extracting expiration date from token.
2026-05-26T19:07:57.734+05:30  INFO 18088 --- [backend] [http-nio-8080-exec-10] com.tour.service.JwtService              : Extracting all claims from token.
2026-05-26T19:07:57.734+05:30  INFO 18088 --- [backend] [http-nio-8080-exec-10] com.tour.service.JwtService              : Retrieving signing key.
2026-05-26T19:07:57.734+05:30  INFO 18088 --- [backend] [http-nio-8080-exec-10] com.tour.service.JwtService              : Token is valid for user: admin@tours.com
2026-05-26T19:07:57.742+05:30  INFO 18088 --- [backend] [http-nio-8080-exec-10] com.tour.config.UserPrincipal            : Retrieving authorities for user: admin@tours.com
2026-05-26T19:07:57.742+05:30  INFO 18088 --- [backend] [http-nio-8080-exec-10] com.tour.config.UserPrincipal            : Assigned authority: ROLE_ADMIN
2026-05-26T19:07:57.742+05:30  INFO 18088 --- [backend] [http-nio-8080-exec-10] com.tour.config.JwtFilter                : User 'admin@tours.com' successfully authenticated.
2026-05-26T19:07:57.742+05:30  INFO 18088 --- [backend] [http-nio-8080-exec-10] com.tour.config.JwtFilter                : Continuing filter chain for request to URI: /admin/tours
2026-05-26T19:07:57.747+05:30  INFO 18088 --- [backend] [http-nio-8080-exec-10] com.tour.service.TourService             : Fetching all tours with details.
2026-05-26T19:14:40.958+05:30  INFO 18088 --- [backend] [File Watcher] rtingClassPathChangeChangedEventListener : Restarting due to 1 class path change (0 additions, 0 deletions, 1 modification)
2026-05-26T19:14:40.962+05:30  INFO 18088 --- [backend] [Thread-15] o.s.b.w.e.tomcat.GracefulShutdown        : Commencing graceful shutdown. Waiting for active requests to complete
2026-05-26T19:14:40.974+05:30  INFO 18088 --- [backend] [tomcat-shutdown] o.s.b.w.e.tomcat.GracefulShutdown        : Graceful shutdown complete
2026-05-26T19:14:40.980+05:30  INFO 18088 --- [backend] [Thread-15] j.LocalContainerEntityManagerFactoryBean : Closing JPA EntityManagerFactory for persistence unit 'default'
2026-05-26T19:14:40.981+05:30  INFO 18088 --- [backend] [Thread-15] com.zaxxer.hikari.HikariDataSource       : HikariPool-4 - Shutdown initiated...
2026-05-26T19:14:40.994+05:30  INFO 18088 --- [backend] [Thread-15] com.zaxxer.hikari.HikariDataSource       : HikariPool-4 - Shutdown completed.
2026-05-26T19:14:41.218+05:30  INFO 18088 --- [backend] [restartedMain] com.tour.BackendApplication              : Starting BackendApplication using Java 21.0.4 with PID 18088 (C:\Users\rakes\IdeaProjects\tour-app\backend\target\classes started by rakes in C:\Users\rakes\IdeaProjects\tour-app\backend)
2026-05-26T19:14:41.219+05:30  INFO 18088 --- [backend] [restartedMain] com.tour.BackendApplication              : No active profile set, falling back to 1 default profile: "default"
2026-05-26T19:14:41.722+05:30  INFO 18088 --- [backend] [restartedMain] .s.d.r.c.RepositoryConfigurationDelegate : Bootstrapping Spring Data JPA repositories in DEFAULT mode.
2026-05-26T19:14:41.768+05:30  INFO 18088 --- [backend] [restartedMain] .s.d.r.c.RepositoryConfigurationDelegate : Finished Spring Data repository scanning in 44 ms. Found 6 JPA repository interfaces.
2026-05-26T19:14:42.063+05:30  INFO 18088 --- [backend] [restartedMain] o.s.b.w.embedded.tomcat.TomcatWebServer  : Tomcat initialized with port 8080 (http)
2026-05-26T19:14:42.066+05:30  INFO 18088 --- [backend] [restartedMain] o.apache.catalina.core.StandardService   : Starting service [Tomcat]
2026-05-26T19:14:42.066+05:30  INFO 18088 --- [backend] [restartedMain] o.apache.catalina.core.StandardEngine    : Starting Servlet engine: [Apache Tomcat/10.1.54]
2026-05-26T19:14:42.103+05:30  INFO 18088 --- [backend] [restartedMain] o.a.c.c.C.[Tomcat].[localhost].[/]       : Initializing Spring embedded WebApplicationContext
2026-05-26T19:14:42.103+05:30  INFO 18088 --- [backend] [restartedMain] w.s.c.ServletWebServerApplicationContext : Root WebApplicationContext: initialization completed in 880 ms
2026-05-26T19:14:42.115+05:30  INFO 18088 --- [backend] [restartedMain] com.tour.service.JwtService              : Generating a new secret key.
2026-05-26T19:14:42.115+05:30  INFO 18088 --- [backend] [restartedMain] com.tour.service.JwtService              : Secret key generated successfully.
2026-05-26T19:14:42.186+05:30  INFO 18088 --- [backend] [restartedMain] o.hibernate.jpa.internal.util.LogHelper  : HHH000204: Processing PersistenceUnitInfo [name: default]
2026-05-26T19:14:42.190+05:30  INFO 18088 --- [backend] [restartedMain] o.h.c.internal.RegionFactoryInitiator    : HHH000026: Second-level cache disabled
2026-05-26T19:14:42.204+05:30  INFO 18088 --- [backend] [restartedMain] o.s.o.j.p.SpringPersistenceUnitInfo      : No LoadTimeWeaver setup: ignoring JPA class transformer
2026-05-26T19:14:42.206+05:30  INFO 18088 --- [backend] [restartedMain] com.zaxxer.hikari.HikariDataSource       : HikariPool-5 - Starting...
2026-05-26T19:14:42.227+05:30  INFO 18088 --- [backend] [restartedMain] com.zaxxer.hikari.pool.HikariPool        : HikariPool-5 - Added connection com.mysql.cj.jdbc.ConnectionImpl@13c9ea7b
2026-05-26T19:14:42.228+05:30  INFO 18088 --- [backend] [restartedMain] com.zaxxer.hikari.HikariDataSource       : HikariPool-5 - Start completed.
2026-05-26T19:14:42.230+05:30  INFO 18088 --- [backend] [restartedMain] org.hibernate.orm.connections.pooling    : HHH10001005: Database info:
	Database JDBC URL [Connecting through datasource 'HikariDataSource (HikariPool-5)']
	Database driver: undefined/unknown
	Database version: 8.0.45
	Autocommit mode: undefined/unknown
	Isolation level: undefined/unknown
	Minimum pool size: undefined/unknown
	Maximum pool size: undefined/unknown
2026-05-26T19:14:42.465+05:30  INFO 18088 --- [backend] [restartedMain] o.h.e.t.j.p.i.JtaPlatformInitiator       : HHH000489: No JTA platform available (set 'hibernate.transaction.jta.platform' to enable JTA platform integration)
2026-05-26T19:14:42.539+05:30  INFO 18088 --- [backend] [restartedMain] j.LocalContainerEntityManagerFactoryBean : Initialized JPA EntityManagerFactory for persistence unit 'default'
2026-05-26T19:14:42.824+05:30  INFO 18088 --- [backend] [restartedMain] f.a.AutowiredAnnotationBeanPostProcessor : Autowired annotation should only be used on methods with parameters: public void com.tour.controller.BookingController.init()
2026-05-26T19:14:43.046+05:30  INFO 18088 --- [backend] [restartedMain] c.tour.service.CloudinaryImageService    : Cloudinary initialized with provided credentials.
2026-05-26T19:14:43.068+05:30  INFO 18088 --- [backend] [restartedMain] com.tour.config.SecurityConfig           : Configuring AuthenticationManager bean.
2026-05-26T19:14:43.080+05:30  INFO 18088 --- [backend] [restartedMain] com.tour.config.SecurityConfig           : Configuring DaoAuthenticationProvider bean.
2026-05-26T19:14:43.083+05:30  INFO 18088 --- [backend] [restartedMain] eAuthenticationProviderManagerConfigurer : Global AuthenticationManager configured with AuthenticationProvider bean with name authenticationProvider
2026-05-26T19:14:43.084+05:30  WARN 18088 --- [backend] [restartedMain] r$InitializeUserDetailsManagerConfigurer : Global AuthenticationManager configured with an AuthenticationProvider bean. UserDetailsService beans will not be used by Spring Security for automatically configuring username/password login. Consider removing the AuthenticationProvider bean. Alternatively, consider using the UserDetailsService in a manually instantiated DaoAuthenticationProvider. If the current configuration is intentional, to turn off this warning, increase the logging level of 'org.springframework.security.config.annotation.authentication.configuration.InitializeUserDetailsBeanManagerConfigurer' to ERROR
2026-05-26T19:14:43.186+05:30  WARN 18088 --- [backend] [restartedMain] JpaBaseConfiguration$JpaWebConfiguration : spring.jpa.open-in-view is enabled by default. Therefore, database queries may be performed during view rendering. Explicitly configure spring.jpa.open-in-view to disable this warning
2026-05-26T19:14:43.448+05:30  INFO 18088 --- [backend] [restartedMain] com.tour.config.SecurityConfig           : Configuring HTTP Security filters.
2026-05-26T19:14:43.454+05:30  INFO 18088 --- [backend] [restartedMain] com.tour.config.SecurityConfig           : Configuring CORS Configuration.
2026-05-26T19:14:44.109+05:30  INFO 18088 --- [backend] [restartedMain] o.s.b.d.a.OptionalLiveReloadServer       : LiveReload server is running on port 35729
2026-05-26T19:14:44.137+05:30  INFO 18088 --- [backend] [restartedMain] o.s.b.w.embedded.tomcat.TomcatWebServer  : Tomcat started on port 8080 (http) with context path '/'
2026-05-26T19:14:44.142+05:30  INFO 18088 --- [backend] [restartedMain] com.tour.BackendApplication              : Started BackendApplication in 3.023 seconds (process running for 1425.07)
2026-05-26T19:14:44.144+05:30  WARN 18088 --- [backend] [restartedMain] o.s.core.events.SpringDocAppInitializer  : SpringDoc /v3/api-docs endpoint is enabled by default. To disable it in production, set the property 'springdoc.api-docs.enabled=false'
2026-05-26T19:14:44.144+05:30  WARN 18088 --- [backend] [restartedMain] o.s.core.events.SpringDocAppInitializer  : SpringDoc /swagger-ui.html endpoint is enabled by default. To disable it in production, set the property 'springdoc.swagger-ui.enabled=false'
2026-05-26T19:14:44.145+05:30  INFO 18088 --- [backend] [restartedMain] .ConditionEvaluationDeltaLoggingListener : Condition evaluation unchanged
2026-05-26T19:21:14.494+05:30  INFO 18088 --- [backend] [File Watcher] rtingClassPathChangeChangedEventListener : Restarting due to 1 class path change (0 additions, 0 deletions, 1 modification)
2026-05-26T19:21:14.496+05:30  INFO 18088 --- [backend] [Thread-19] o.s.b.w.e.tomcat.GracefulShutdown        : Commencing graceful shutdown. Waiting for active requests to complete
2026-05-26T19:21:14.510+05:30  INFO 18088 --- [backend] [tomcat-shutdown] o.s.b.w.e.tomcat.GracefulShutdown        : Graceful shutdown complete
2026-05-26T19:21:14.515+05:30  INFO 18088 --- [backend] [Thread-19] j.LocalContainerEntityManagerFactoryBean : Closing JPA EntityManagerFactory for persistence unit 'default'
2026-05-26T19:21:14.516+05:30  INFO 18088 --- [backend] [Thread-19] com.zaxxer.hikari.HikariDataSource       : HikariPool-5 - Shutdown initiated...
2026-05-26T19:21:14.528+05:30  INFO 18088 --- [backend] [Thread-19] com.zaxxer.hikari.HikariDataSource       : HikariPool-5 - Shutdown completed.
2026-05-26T19:21:14.663+05:30  INFO 18088 --- [backend] [restartedMain] com.tour.BackendApplication              : Starting BackendApplication using Java 21.0.4 with PID 18088 (C:\Users\rakes\IdeaProjects\tour-app\backend\target\classes started by rakes in C:\Users\rakes\IdeaProjects\tour-app\backend)
2026-05-26T19:21:14.663+05:30  INFO 18088 --- [backend] [restartedMain] com.tour.BackendApplication              : No active profile set, falling back to 1 default profile: "default"
2026-05-26T19:21:15.115+05:30  INFO 18088 --- [backend] [restartedMain] .s.d.r.c.RepositoryConfigurationDelegate : Bootstrapping Spring Data JPA repositories in DEFAULT mode.
2026-05-26T19:21:15.162+05:30  INFO 18088 --- [backend] [restartedMain] .s.d.r.c.RepositoryConfigurationDelegate : Finished Spring Data repository scanning in 39 ms. Found 6 JPA repository interfaces.
2026-05-26T19:21:15.451+05:30  INFO 18088 --- [backend] [restartedMain] o.s.b.w.embedded.tomcat.TomcatWebServer  : Tomcat initialized with port 8080 (http)
2026-05-26T19:21:15.452+05:30  INFO 18088 --- [backend] [restartedMain] o.apache.catalina.core.StandardService   : Starting service [Tomcat]
2026-05-26T19:21:15.452+05:30  INFO 18088 --- [backend] [restartedMain] o.apache.catalina.core.StandardEngine    : Starting Servlet engine: [Apache Tomcat/10.1.54]
2026-05-26T19:21:15.524+05:30  INFO 18088 --- [backend] [restartedMain] o.a.c.c.C.[Tomcat].[localhost].[/]       : Initializing Spring embedded WebApplicationContext
2026-05-26T19:21:15.524+05:30  INFO 18088 --- [backend] [restartedMain] w.s.c.ServletWebServerApplicationContext : Root WebApplicationContext: initialization completed in 854 ms
2026-05-26T19:21:15.535+05:30  INFO 18088 --- [backend] [restartedMain] com.tour.service.JwtService              : Generating a new secret key.
2026-05-26T19:21:15.535+05:30  INFO 18088 --- [backend] [restartedMain] com.tour.service.JwtService              : Secret key generated successfully.
2026-05-26T19:21:15.595+05:30  INFO 18088 --- [backend] [restartedMain] o.hibernate.jpa.internal.util.LogHelper  : HHH000204: Processing PersistenceUnitInfo [name: default]
2026-05-26T19:21:15.605+05:30  INFO 18088 --- [backend] [restartedMain] o.h.c.internal.RegionFactoryInitiator    : HHH000026: Second-level cache disabled
2026-05-26T19:21:15.611+05:30  INFO 18088 --- [backend] [restartedMain] o.s.o.j.p.SpringPersistenceUnitInfo      : No LoadTimeWeaver setup: ignoring JPA class transformer
2026-05-26T19:21:15.611+05:30  INFO 18088 --- [backend] [restartedMain] com.zaxxer.hikari.HikariDataSource       : HikariPool-6 - Starting...
2026-05-26T19:21:15.642+05:30  INFO 18088 --- [backend] [restartedMain] com.zaxxer.hikari.pool.HikariPool        : HikariPool-6 - Added connection com.mysql.cj.jdbc.ConnectionImpl@4e12cafd
2026-05-26T19:21:15.642+05:30  INFO 18088 --- [backend] [restartedMain] com.zaxxer.hikari.HikariDataSource       : HikariPool-6 - Start completed.
2026-05-26T19:21:15.642+05:30  INFO 18088 --- [backend] [restartedMain] org.hibernate.orm.connections.pooling    : HHH10001005: Database info:
	Database JDBC URL [Connecting through datasource 'HikariDataSource (HikariPool-6)']
	Database driver: undefined/unknown
	Database version: 8.0.45
	Autocommit mode: undefined/unknown
	Isolation level: undefined/unknown
	Minimum pool size: undefined/unknown
	Maximum pool size: undefined/unknown
2026-05-26T19:21:15.848+05:30  INFO 18088 --- [backend] [restartedMain] o.h.e.t.j.p.i.JtaPlatformInitiator       : HHH000489: No JTA platform available (set 'hibernate.transaction.jta.platform' to enable JTA platform integration)
2026-05-26T19:21:15.914+05:30  INFO 18088 --- [backend] [restartedMain] j.LocalContainerEntityManagerFactoryBean : Initialized JPA EntityManagerFactory for persistence unit 'default'
2026-05-26T19:21:16.190+05:30  INFO 18088 --- [backend] [restartedMain] f.a.AutowiredAnnotationBeanPostProcessor : Autowired annotation should only be used on methods with parameters: public void com.tour.controller.BookingController.init()
2026-05-26T19:21:16.405+05:30  INFO 18088 --- [backend] [restartedMain] c.tour.service.CloudinaryImageService    : Cloudinary initialized with provided credentials.
2026-05-26T19:21:16.419+05:30  INFO 18088 --- [backend] [restartedMain] com.tour.config.SecurityConfig           : Configuring AuthenticationManager bean.
2026-05-26T19:21:16.435+05:30  INFO 18088 --- [backend] [restartedMain] com.tour.config.SecurityConfig           : Configuring DaoAuthenticationProvider bean.
2026-05-26T19:21:16.435+05:30  INFO 18088 --- [backend] [restartedMain] eAuthenticationProviderManagerConfigurer : Global AuthenticationManager configured with AuthenticationProvider bean with name authenticationProvider
2026-05-26T19:21:16.435+05:30  WARN 18088 --- [backend] [restartedMain] r$InitializeUserDetailsManagerConfigurer : Global AuthenticationManager configured with an AuthenticationProvider bean. UserDetailsService beans will not be used by Spring Security for automatically configuring username/password login. Consider removing the AuthenticationProvider bean. Alternatively, consider using the UserDetailsService in a manually instantiated DaoAuthenticationProvider. If the current configuration is intentional, to turn off this warning, increase the logging level of 'org.springframework.security.config.annotation.authentication.configuration.InitializeUserDetailsBeanManagerConfigurer' to ERROR
2026-05-26T19:21:16.538+05:30  WARN 18088 --- [backend] [restartedMain] JpaBaseConfiguration$JpaWebConfiguration : spring.jpa.open-in-view is enabled by default. Therefore, database queries may be performed during view rendering. Explicitly configure spring.jpa.open-in-view to disable this warning
2026-05-26T19:21:16.607+05:30  INFO 18088 --- [backend] [restartedMain] com.tour.config.SecurityConfig           : Configuring HTTP Security filters.
2026-05-26T19:21:16.613+05:30  INFO 18088 --- [backend] [restartedMain] com.tour.config.SecurityConfig           : Configuring CORS Configuration.
2026-05-26T19:21:17.138+05:30  INFO 18088 --- [backend] [restartedMain] o.s.b.d.a.OptionalLiveReloadServer       : LiveReload server is running on port 35729
2026-05-26T19:21:17.201+05:30  INFO 18088 --- [backend] [restartedMain] o.s.b.w.embedded.tomcat.TomcatWebServer  : Tomcat started on port 8080 (http) with context path '/'
2026-05-26T19:21:17.210+05:30  INFO 18088 --- [backend] [restartedMain] com.tour.BackendApplication              : Started BackendApplication in 2.594 seconds (process running for 1818.139)
2026-05-26T19:21:17.212+05:30  WARN 18088 --- [backend] [restartedMain] o.s.core.events.SpringDocAppInitializer  : SpringDoc /v3/api-docs endpoint is enabled by default. To disable it in production, set the property 'springdoc.api-docs.enabled=false'
2026-05-26T19:21:17.212+05:30  WARN 18088 --- [backend] [restartedMain] o.s.core.events.SpringDocAppInitializer  : SpringDoc /swagger-ui.html endpoint is enabled by default. To disable it in production, set the property 'springdoc.swagger-ui.enabled=false'
2026-05-26T19:21:17.214+05:30  INFO 18088 --- [backend] [restartedMain] .ConditionEvaluationDeltaLoggingListener : Condition evaluation unchanged
2026-05-26T19:42:25.327+05:30  INFO 18088 --- [backend] [File Watcher] rtingClassPathChangeChangedEventListener : Restarting due to 62 class path changes (0 additions, 0 deletions, 62 modifications)
2026-05-26T19:42:25.334+05:30  INFO 18088 --- [backend] [Thread-23] o.s.b.w.e.tomcat.GracefulShutdown        : Commencing graceful shutdown. Waiting for active requests to complete
2026-05-26T19:42:25.339+05:30  INFO 18088 --- [backend] [tomcat-shutdown] o.s.b.w.e.tomcat.GracefulShutdown        : Graceful shutdown complete
2026-05-26T19:42:25.346+05:30  INFO 18088 --- [backend] [Thread-23] j.LocalContainerEntityManagerFactoryBean : Closing JPA EntityManagerFactory for persistence unit 'default'
2026-05-26T19:42:25.346+05:30  INFO 18088 --- [backend] [Thread-23] com.zaxxer.hikari.HikariDataSource       : HikariPool-6 - Shutdown initiated...
2026-05-26T19:42:25.346+05:30  INFO 18088 --- [backend] [Thread-23] com.zaxxer.hikari.HikariDataSource       : HikariPool-6 - Shutdown completed.
2026-05-26T19:42:25.479+05:30  INFO 18088 --- [backend] [restartedMain] com.tour.BackendApplication              : Starting BackendApplication using Java 21.0.4 with PID 18088 (C:\Users\rakes\IdeaProjects\tour-app\backend\target\classes started by rakes in C:\Users\rakes\IdeaProjects\tour-app\backend)
2026-05-26T19:42:25.479+05:30  INFO 18088 --- [backend] [restartedMain] com.tour.BackendApplication              : No active profile set, falling back to 1 default profile: "default"
2026-05-26T19:42:26.044+05:30  INFO 18088 --- [backend] [restartedMain] .s.d.r.c.RepositoryConfigurationDelegate : Bootstrapping Spring Data JPA repositories in DEFAULT mode.
2026-05-26T19:42:26.077+05:30  INFO 18088 --- [backend] [restartedMain] .s.d.r.c.RepositoryConfigurationDelegate : Finished Spring Data repository scanning in 34 ms. Found 6 JPA repository interfaces.
2026-05-26T19:42:26.355+05:30  INFO 18088 --- [backend] [restartedMain] o.s.b.w.embedded.tomcat.TomcatWebServer  : Tomcat initialized with port 8080 (http)
2026-05-26T19:42:26.355+05:30  INFO 18088 --- [backend] [restartedMain] o.apache.catalina.core.StandardService   : Starting service [Tomcat]
2026-05-26T19:42:26.355+05:30  INFO 18088 --- [backend] [restartedMain] o.apache.catalina.core.StandardEngine    : Starting Servlet engine: [Apache Tomcat/10.1.54]
2026-05-26T19:42:26.388+05:30  INFO 18088 --- [backend] [restartedMain] o.a.c.c.C.[Tomcat].[localhost].[/]       : Initializing Spring embedded WebApplicationContext
2026-05-26T19:42:26.388+05:30  INFO 18088 --- [backend] [restartedMain] w.s.c.ServletWebServerApplicationContext : Root WebApplicationContext: initialization completed in 909 ms
2026-05-26T19:42:26.388+05:30  INFO 18088 --- [backend] [restartedMain] com.tour.service.JwtService              : Generating a new secret key.
2026-05-26T19:42:26.388+05:30  INFO 18088 --- [backend] [restartedMain] com.tour.service.JwtService              : Secret key generated successfully.
2026-05-26T19:42:26.472+05:30  INFO 18088 --- [backend] [restartedMain] o.hibernate.jpa.internal.util.LogHelper  : HHH000204: Processing PersistenceUnitInfo [name: default]
2026-05-26T19:42:26.479+05:30  INFO 18088 --- [backend] [restartedMain] o.h.c.internal.RegionFactoryInitiator    : HHH000026: Second-level cache disabled
2026-05-26T19:42:26.479+05:30  INFO 18088 --- [backend] [restartedMain] o.s.o.j.p.SpringPersistenceUnitInfo      : No LoadTimeWeaver setup: ignoring JPA class transformer
2026-05-26T19:42:26.494+05:30  INFO 18088 --- [backend] [restartedMain] com.zaxxer.hikari.HikariDataSource       : HikariPool-7 - Starting...
2026-05-26T19:42:26.511+05:30  INFO 18088 --- [backend] [restartedMain] com.zaxxer.hikari.pool.HikariPool        : HikariPool-7 - Added connection com.mysql.cj.jdbc.ConnectionImpl@724a3bbe
2026-05-26T19:42:26.511+05:30  INFO 18088 --- [backend] [restartedMain] com.zaxxer.hikari.HikariDataSource       : HikariPool-7 - Start completed.
2026-05-26T19:42:26.519+05:30  INFO 18088 --- [backend] [restartedMain] org.hibernate.orm.connections.pooling    : HHH10001005: Database info:
	Database JDBC URL [Connecting through datasource 'HikariDataSource (HikariPool-7)']
	Database driver: undefined/unknown
	Database version: 8.0.45
	Autocommit mode: undefined/unknown
	Isolation level: undefined/unknown
	Minimum pool size: undefined/unknown
	Maximum pool size: undefined/unknown
2026-05-26T19:42:26.756+05:30  INFO 18088 --- [backend] [restartedMain] o.h.e.t.j.p.i.JtaPlatformInitiator       : HHH000489: No JTA platform available (set 'hibernate.transaction.jta.platform' to enable JTA platform integration)
2026-05-26T19:42:26.828+05:30  INFO 18088 --- [backend] [restartedMain] j.LocalContainerEntityManagerFactoryBean : Initialized JPA EntityManagerFactory for persistence unit 'default'
2026-05-26T19:42:27.099+05:30  INFO 18088 --- [backend] [restartedMain] f.a.AutowiredAnnotationBeanPostProcessor : Autowired annotation should only be used on methods with parameters: public void com.tour.controller.BookingController.init()
2026-05-26T19:42:27.327+05:30  INFO 18088 --- [backend] [restartedMain] c.tour.service.CloudinaryImageService    : Cloudinary initialized with provided credentials.
2026-05-26T19:42:27.361+05:30  INFO 18088 --- [backend] [restartedMain] com.tour.config.SecurityConfig           : Configuring AuthenticationManager bean.
2026-05-26T19:42:27.372+05:30  INFO 18088 --- [backend] [restartedMain] com.tour.config.SecurityConfig           : Configuring DaoAuthenticationProvider bean.
2026-05-26T19:42:27.372+05:30  INFO 18088 --- [backend] [restartedMain] eAuthenticationProviderManagerConfigurer : Global AuthenticationManager configured with AuthenticationProvider bean with name authenticationProvider
2026-05-26T19:42:27.372+05:30  WARN 18088 --- [backend] [restartedMain] r$InitializeUserDetailsManagerConfigurer : Global AuthenticationManager configured with an AuthenticationProvider bean. UserDetailsService beans will not be used by Spring Security for automatically configuring username/password login. Consider removing the AuthenticationProvider bean. Alternatively, consider using the UserDetailsService in a manually instantiated DaoAuthenticationProvider. If the current configuration is intentional, to turn off this warning, increase the logging level of 'org.springframework.security.config.annotation.authentication.configuration.InitializeUserDetailsBeanManagerConfigurer' to ERROR
2026-05-26T19:42:27.445+05:30  WARN 18088 --- [backend] [restartedMain] JpaBaseConfiguration$JpaWebConfiguration : spring.jpa.open-in-view is enabled by default. Therefore, database queries may be performed during view rendering. Explicitly configure spring.jpa.open-in-view to disable this warning
2026-05-26T19:42:27.478+05:30  INFO 18088 --- [backend] [restartedMain] com.tour.config.SecurityConfig           : Configuring HTTP Security filters.
2026-05-26T19:42:27.478+05:30  INFO 18088 --- [backend] [restartedMain] com.tour.config.SecurityConfig           : Configuring CORS Configuration.
2026-05-26T19:42:27.911+05:30  INFO 18088 --- [backend] [restartedMain] o.s.b.d.a.OptionalLiveReloadServer       : LiveReload server is running on port 35729
2026-05-26T19:42:27.929+05:30  INFO 18088 --- [backend] [restartedMain] o.s.b.w.embedded.tomcat.TomcatWebServer  : Tomcat started on port 8080 (http) with context path '/'
2026-05-26T19:42:27.941+05:30  INFO 18088 --- [backend] [restartedMain] com.tour.BackendApplication              : Started BackendApplication in 2.513 seconds (process running for 3088.869)
2026-05-26T19:42:27.941+05:30  WARN 18088 --- [backend] [restartedMain] o.s.core.events.SpringDocAppInitializer  : SpringDoc /v3/api-docs endpoint is enabled by default. To disable it in production, set the property 'springdoc.api-docs.enabled=false'
2026-05-26T19:42:27.941+05:30  WARN 18088 --- [backend] [restartedMain] o.s.core.events.SpringDocAppInitializer  : SpringDoc /swagger-ui.html endpoint is enabled by default. To disable it in production, set the property 'springdoc.swagger-ui.enabled=false'
2026-05-26T19:42:27.941+05:30  INFO 18088 --- [backend] [restartedMain] .ConditionEvaluationDeltaLoggingListener : Condition evaluation unchanged
